ISO-10303-21;
HEADER;
FILE_DESCRIPTION(('FreeCAD Model'),'2;1');
FILE_NAME('Open CASCADE Shape Model','2026-07-28T07:39:29',('FreeCAD'),(
    'FreeCAD'),'Open CASCADE STEP processor 7.8','FreeCAD','Unknown');
FILE_SCHEMA(('AUTOMOTIVE_DESIGN { 1 0 10303 214 1 1 1 1 }'));
ENDSEC;
DATA;
#1 = APPLICATION_PROTOCOL_DEFINITION('international standard',
  'automotive_design',2000,#2);
#2 = APPLICATION_CONTEXT(
  'core data for automotive mechanical design processes');
#3 = SHAPE_DEFINITION_REPRESENTATION(#4,#10);
#4 = PRODUCT_DEFINITION_SHAPE('','',#5);
#5 = PRODUCT_DEFINITION('design','',#6,#9);
#6 = PRODUCT_DEFINITION_FORMATION('','',#7);
#7 = PRODUCT('Open CASCADE STEP translator 7.8 1',
  'Open CASCADE STEP translator 7.8 1','',(#8));
#8 = PRODUCT_CONTEXT('',#2,'mechanical');
#9 = PRODUCT_DEFINITION_CONTEXT('part definition',#2,'design');
#10 = ADVANCED_BREP_SHAPE_REPRESENTATION('',(#11,#15),#19157);
#11 = AXIS2_PLACEMENT_3D('',#12,#13,#14);
#12 = CARTESIAN_POINT('',(0.,0.,0.));
#13 = DIRECTION('',(0.,0.,1.));
#14 = DIRECTION('',(1.,0.,-0.));
#15 = MANIFOLD_SOLID_BREP('',#16);
#16 = CLOSED_SHELL('',(#17,#49,#72,#104,#127,#150,#173,#196,#219,#249,
    #265,#286,#302,#333,#365,#388,#411,#434,#457,#480,#503,#526,#557,
    #581,#612,#643,#675,#698,#721,#744,#775,#807,#830,#862,#885,#908,
    #931,#954,#975,#991,#1014,#1037,#1060,#1083,#1115,#1138,#1168,#1191,
    #1223,#1246,#1269,#1292,#1315,#1338,#1361,#1384,#1405,#1421,#1437,
    #1469,#1492,#1513,#1529,#1552,#1568,#1591,#1614,#1637,#1660,#1683,
    #1706,#1722,#1745,#1768,#1791,#1807,#1823,#1839,#1855,#1878,#1901,
    #1924,#1947,#1970,#1998,#2021,#2044,#2067,#2090,#2113,#2129,#2152,
    #2168,#2191,#2214,#2230,#2246,#2269,#2292,#2315,#2345,#2368,#2391,
    #2414,#2437,#2458,#2481,#2497,#2527,#2543,#2566,#2589,#2612,#2635,
    #2656,#2672,#2688,#2704,#2727,#2743,#2759,#2775,#2791,#2822,#2846,
    #2870,#2894,#2925,#2956,#2973,#3004,#3028,#3059,#3089,#3105,#3136,
    #3167,#3197,#3213,#3244,#3275,#3307,#3330,#3353,#3376,#3399,#3420,
    #3443,#3459,#3483,#3507,#3531,#3562,#3593,#3623,#3646,#3669,#3685,
    #3709,#3740,#3771,#3803,#3824,#3847,#3863,#3887,#3918,#3949,#3981,
    #4004,#4027,#4050,#4073,#4094,#4117,#4133,#4157,#4181,#4205,#4236,
    #4267,#4299,#4320,#4343,#4359,#4383,#4405,#4429,#4451,#4468,#6237,
    #6268,#6292,#6315,#6338,#6361,#6384,#6413,#6437,#6467,#6490,#6522,
    #6545,#6568,#6589,#6605,#6621,#6638,#6655,#6684,#6708,#6738,#6754,
    #6778,#6802,#6832,#6848,#6872,#6896,#6928,#6951,#6974,#6997,#7020,
    #7043,#7066,#7089,#7112,#7135,#7167,#7190,#7213,#7236,#7266,#7282,
    #7305,#7328,#7351,#7374,#7397,#7420,#7441,#7457,#7480,#7496,#7519,
    #7535,#7551,#7574,#7597,#7620,#7643,#7659,#7675,#7691,#7714,#7737,
    #7760,#7788,#7811,#7834,#7857,#7880,#7903,#7919,#7942,#7958,#7981,
    #7997,#8020,#8036,#8059,#8082,#8105,#8128,#8151,#8183,#8206,#8229,
    #8257,#8278,#8294,#8317,#8340,#8363,#8386,#8409,#8432,#8448,#8464,
    #8487,#8503,#8526,#8542,#8565,#8581,#8604,#8620,#8636,#8659,#8682,
    #8705,#8728,#8751,#8774,#8797,#8820,#8843,#8864,#8887,#8903,#8920,
    #8937,#8954,#8971,#8988,#9005,#9022,#9039,#9056,#9073,#9090,#9107,
    #9124,#9146,#9163,#9180,#9197,#9214,#9231,#9248,#9265,#9277,#9294,
    #9311,#9328,#9345,#9367,#10079,#10109,#10125,#10141,#10164,#10180,
    #10203,#10226,#10242,#10258,#10281,#10304,#10320,#10343,#10359,
    #10375,#10398,#10421,#10444,#10467,#10483,#10506,#10522,#10538,
    #10561,#10577,#10600,#10623,#10639,#10660,#10683,#10699,#10722,
    #10752,#10768,#10798,#10814,#10837,#10853,#10869,#10885,#10908,
    #10931,#10954,#10970,#10993,#11016,#11039,#11055,#11085,#11101,
    #11124,#11147,#11163,#11179,#11202,#11218,#11241,#11264,#11287,
    #11310,#11340,#11356,#11379,#11402,#11418,#11448,#11471,#11487,
    #11508,#11519,#11535,#11551,#11581,#11597,#11613,#11636,#11652,
    #11675,#11698,#11714,#11730,#11753,#11776,#11792,#11815,#11831,
    #11847,#11870,#11893,#11916,#11939,#11955,#11978,#11994,#12010,
    #12033,#12049,#12072,#12095,#12111,#12134,#12157,#12180,#12201,
    #12228,#12240,#12262,#12279,#12291,#12313,#12330,#12342,#12359,
    #12376,#12393,#12410,#12427,#12444,#12475,#12507,#12530,#12553,
    #12576,#12599,#12622,#12645,#12668,#12691,#12714,#12737,#12760,
    #12783,#12806,#12829,#12852,#12875,#12898,#12921,#12944,#13392,
    #13415,#13438,#13454,#13477,#13493,#13516,#13532,#13555,#13578,
    #13601,#13624,#13640,#13663,#13679,#13702,#13718,#13741,#13757,
    #13780,#13796,#13819,#13835,#13858,#13874,#13897,#13913,#13936,
    #13952,#13982,#13998,#14021,#14037,#14060,#14076,#14099,#14115,
    #14145,#14161,#14184,#14200,#14223,#14239,#14262,#14278,#14301,
    #14317,#14340,#14356,#14379,#14395,#14418,#14434,#14457,#14473,
    #14496,#14512,#14542,#14558,#14581,#14597,#14620,#14636,#14659,
    #14675,#14705,#14721,#14744,#14760,#14776,#14799,#14815,#14838,
    #14854,#14877,#14893,#14916,#14932,#14955,#14971,#14994,#15010,
    #15033,#15049,#15072,#15095,#15118,#15134,#15157,#15173,#15196,
    #15212,#15235,#15852,#15869,#15886,#15903,#15920,#15937,#15954,
    #15971,#15988,#16005,#16022,#16039,#16056,#16073,#16090,#16107,
    #16124,#16141,#16158,#16175,#16192,#16209,#16226,#16243,#16260,
    #16277,#16294,#16311,#16328,#16345,#16362,#16379,#16396,#16413,
    #16430,#16447,#16464,#16481,#16498,#16515,#16532,#16549,#16566,
    #16583,#16600,#16617,#16634,#16651,#16668,#16685,#16702,#16719,
    #16736,#16753,#16770,#16787,#16804,#16821,#16838,#16855,#16872,
    #16889,#16906,#16918,#16930,#16942,#16954,#16966,#16978,#16990,
    #17002,#17014,#17031,#17048,#17065,#17077,#17094,#17111,#17128,
    #17145,#17162,#17179,#17196,#17213,#17230,#17247,#17264,#17281,
    #17298,#17315,#17332,#17349,#17366,#17383,#17395,#17412,#17424,
    #17441,#17458,#17475,#17492,#17509,#17526,#17543,#17560,#17577,
    #17594,#17611,#17628,#17645,#17662,#17679,#17696,#17713,#17730,
    #17742,#17759,#17776,#17793,#17805,#17817,#17834,#17851,#17868,
    #17885,#17907,#17924,#17936,#17958,#17975,#17987,#17999,#18016,
    #18038,#18055,#18077,#18094,#18116,#18133,#18150,#18167,#18184,
    #18206,#18223,#18240,#18262,#18279,#18296,#18318,#18335,#18352,
    #18369,#18386,#18408,#18425,#18437,#18449,#18461,#18473,#18485,
    #18497,#18509,#18521,#18533,#18545,#18557,#18569,#18581,#18593,
    #18605,#18622,#18644,#18661,#18683,#18700,#18717,#18734,#18751,
    #18768,#18785,#18802,#18819,#18836,#18853,#18870,#18887,#18904,
    #18921,#18938,#18955,#18972,#18984,#19001,#19013,#19025,#19037,
    #19049,#19061,#19073,#19085,#19097,#19109,#19121,#19133,#19145));
#17 = ADVANCED_FACE('',(#18),#44,.T.);
#18 = FACE_BOUND('',#19,.T.);
#19 = EDGE_LOOP('',(#20,#30,#38));
#20 = ORIENTED_EDGE('',*,*,#21,.F.);
#21 = EDGE_CURVE('',#22,#24,#26,.T.);
#22 = VERTEX_POINT('',#23);
#23 = CARTESIAN_POINT('',(9.171980857849,4.902525901794,0.));
#24 = VERTEX_POINT('',#25);
#25 = CARTESIAN_POINT('',(9.701133728027,5.185364246368,0.600000023842)
  );
#26 = LINE('',#27,#28);
#27 = CARTESIAN_POINT('',(9.171980857849,4.902525901794,0.));
#28 = VECTOR('',#29,1.);
#29 = DIRECTION('',(0.623612500356,0.333328112152,0.707106653235));
#30 = ORIENTED_EDGE('',*,*,#31,.F.);
#31 = EDGE_CURVE('',#32,#22,#34,.T.);
#32 = VERTEX_POINT('',#33);
#33 = CARTESIAN_POINT('',(8.647283554077,5.777930259705,0.));
#34 = LINE('',#35,#36);
#35 = CARTESIAN_POINT('',(8.647283554077,5.777930259705,0.));
#36 = VECTOR('',#37,1.);
#37 = DIRECTION('',(0.514102833575,-0.857728556427,0.));
#38 = ORIENTED_EDGE('',*,*,#39,.T.);
#39 = EDGE_CURVE('',#32,#24,#40,.T.);
#40 = LINE('',#41,#42);
#41 = CARTESIAN_POINT('',(8.647283554077,5.777930259705,0.));
#42 = VECTOR('',#43,1.);
#43 = DIRECTION('',(0.780793710691,-0.439029975815,0.444537806806));
#44 = PLANE('',#45);
#45 = AXIS2_PLACEMENT_3D('',#46,#47,#48);
#46 = CARTESIAN_POINT('',(9.159477154971,5.321423637612,0.204878438397)
  );
#47 = DIRECTION('',(0.606870956481,0.363744538996,-0.706680658098));
#48 = DIRECTION('',(-0.758649072301,2.775557561563E-17,-0.651499489713)
  );
#49 = ADVANCED_FACE('',(#50),#67,.T.);
#50 = FACE_BOUND('',#51,.T.);
#51 = EDGE_LOOP('',(#52,#60,#61));
#52 = ORIENTED_EDGE('',*,*,#53,.T.);
#53 = EDGE_CURVE('',#54,#24,#56,.T.);
#54 = VERTEX_POINT('',#55);
#55 = CARTESIAN_POINT('',(9.146165847778,6.111272335052,0.600000023842)
  );
#56 = LINE('',#57,#58);
#57 = CARTESIAN_POINT('',(9.146165847778,6.111272335052,0.600000023842)
  );
#58 = VECTOR('',#59,1.);
#59 = DIRECTION('',(0.514102695929,-0.857728638929,0.));
#60 = ORIENTED_EDGE('',*,*,#39,.F.);
#61 = ORIENTED_EDGE('',*,*,#62,.F.);
#62 = EDGE_CURVE('',#54,#32,#63,.T.);
#63 = LINE('',#64,#65);
#64 = CARTESIAN_POINT('',(9.146165847778,6.111272335052,0.600000023842)
  );
#65 = VECTOR('',#66,1.);
#66 = DIRECTION('',(-0.587938212938,-0.392847263877,-0.70710655847));
#67 = PLANE('',#68);
#68 = AXIS2_PLACEMENT_3D('',#69,#70,#71);
#69 = CARTESIAN_POINT('',(9.184525466348,5.656386641765,0.398801985888)
  );
#70 = DIRECTION('',(0.606870929635,0.363744390529,-0.706680757572));
#71 = DIRECTION('',(-0.758649131873,2.775557561563E-17,-0.651499420344)
  );
#72 = ADVANCED_FACE('',(#73),#99,.T.);
#73 = FACE_BOUND('',#74,.T.);
#74 = EDGE_LOOP('',(#75,#85,#93));
#75 = ORIENTED_EDGE('',*,*,#76,.F.);
#76 = EDGE_CURVE('',#77,#79,#81,.T.);
#77 = VERTEX_POINT('',#78);
#78 = CARTESIAN_POINT('',(6.597690105438,8.039308547974,0.));
#79 = VERTEX_POINT('',#80);
#80 = CARTESIAN_POINT('',(7.353910446167,7.353910446167,0.));
#81 = LINE('',#82,#83);
#82 = CARTESIAN_POINT('',(6.597690105438,8.039308547974,0.));
#83 = VECTOR('',#84,1.);
#84 = DIRECTION('',(0.740951156152,-0.671558920868,0.));
#85 = ORIENTED_EDGE('',*,*,#86,.F.);
#86 = EDGE_CURVE('',#87,#77,#89,.T.);
#87 = VERTEX_POINT('',#88);
#88 = CARTESIAN_POINT('',(7.77817440033,7.77817440033,0.600000023842));
#89 = LINE('',#90,#91);
#90 = CARTESIAN_POINT('',(7.77817440033,7.77817440033,0.600000023842));
#91 = VECTOR('',#92,1.);
#92 = DIRECTION('',(-0.874616573682,0.193473351973,-0.444537862412));
#93 = ORIENTED_EDGE('',*,*,#94,.T.);
#94 = EDGE_CURVE('',#87,#79,#95,.T.);
#95 = LINE('',#96,#97);
#96 = CARTESIAN_POINT('',(7.77817440033,7.77817440033,0.600000023842));
#97 = VECTOR('',#98,1.);
#98 = DIRECTION('',(-0.499999922567,-0.499999922567,-0.707106890693));
#99 = PLANE('',#100);
#100 = AXIS2_PLACEMENT_3D('',#101,#102,#103);
#101 = CARTESIAN_POINT('',(7.220345544063,7.751140795538,0.20487843399)
  );
#102 = DIRECTION('',(0.475150024176,0.52424731296,-0.706680415308));
#103 = DIRECTION('',(-2.775557561563E-17,-0.80313281217,-0.595800038617)
  );
#104 = ADVANCED_FACE('',(#105),#122,.T.);
#105 = FACE_BOUND('',#106,.T.);
#106 = EDGE_LOOP('',(#107,#108,#116));
#107 = ORIENTED_EDGE('',*,*,#86,.T.);
#108 = ORIENTED_EDGE('',*,*,#109,.T.);
#109 = EDGE_CURVE('',#77,#110,#112,.T.);
#110 = VERTEX_POINT('',#111);
#111 = CARTESIAN_POINT('',(6.978326320648,8.503114700317,0.600000023842)
  );
#112 = LINE('',#113,#114);
#113 = CARTESIAN_POINT('',(6.597690105438,8.039308547974,0.));
#114 = VECTOR('',#115,1.);
#115 = DIRECTION('',(0.448584049203,0.546600753028,0.707106758269));
#116 = ORIENTED_EDGE('',*,*,#117,.T.);
#117 = EDGE_CURVE('',#110,#87,#118,.T.);
#118 = LINE('',#119,#120);
#119 = CARTESIAN_POINT('',(6.978326320648,8.503114700317,0.600000023842)
  );
#120 = VECTOR('',#121,1.);
#121 = DIRECTION('',(0.740951006741,-0.671559085717,0.));
#122 = PLANE('',#123);
#123 = AXIS2_PLACEMENT_3D('',#124,#125,#126);
#124 = CARTESIAN_POINT('',(7.147080658852,8.078951444584,0.398802005378)
  );
#125 = DIRECTION('',(0.47515004831,0.524247105186,-0.706680553217));
#126 = DIRECTION('',(0.,-0.803132980798,-0.595799811309));
#127 = ADVANCED_FACE('',(#128),#145,.T.);
#128 = FACE_BOUND('',#129,.T.);
#129 = EDGE_LOOP('',(#130,#138,#144));
#130 = ORIENTED_EDGE('',*,*,#131,.T.);
#131 = EDGE_CURVE('',#87,#132,#134,.T.);
#132 = VERTEX_POINT('',#133);
#133 = CARTESIAN_POINT('',(8.039308547974,6.597690105438,0.));
#134 = LINE('',#135,#136);
#135 = CARTESIAN_POINT('',(7.77817440033,7.77817440033,0.600000023842));
#136 = VECTOR('',#137,1.);
#137 = DIRECTION('',(0.193473351973,-0.874616573682,-0.444537862412));
#138 = ORIENTED_EDGE('',*,*,#139,.F.);
#139 = EDGE_CURVE('',#79,#132,#140,.T.);
#140 = LINE('',#141,#142);
#141 = CARTESIAN_POINT('',(7.353910446167,7.353910446167,0.));
#142 = VECTOR('',#143,1.);
#143 = DIRECTION('',(0.671558920868,-0.740951156152,0.));
#144 = ORIENTED_EDGE('',*,*,#94,.F.);
#145 = PLANE('',#146);
#146 = AXIS2_PLACEMENT_3D('',#147,#148,#149);
#147 = CARTESIAN_POINT('',(7.751140795538,7.220345544063,0.20487843399)
  );
#148 = DIRECTION('',(0.52424731296,0.475150024176,-0.706680415308));
#149 = DIRECTION('',(-0.80313281217,-2.775557561563E-17,-0.595800038617)
  );
#150 = ADVANCED_FACE('',(#151),#168,.T.);
#151 = FACE_BOUND('',#152,.T.);
#152 = EDGE_LOOP('',(#153,#161,#162));
#153 = ORIENTED_EDGE('',*,*,#154,.T.);
#154 = EDGE_CURVE('',#155,#132,#157,.T.);
#155 = VERTEX_POINT('',#156);
#156 = CARTESIAN_POINT('',(8.503114700317,6.978326320648,0.600000023842)
  );
#157 = LINE('',#158,#159);
#158 = CARTESIAN_POINT('',(8.503114700317,6.978326320648,0.600000023842)
  );
#159 = VECTOR('',#160,1.);
#160 = DIRECTION('',(-0.546600753028,-0.448584049203,-0.707106758269));
#161 = ORIENTED_EDGE('',*,*,#131,.F.);
#162 = ORIENTED_EDGE('',*,*,#163,.T.);
#163 = EDGE_CURVE('',#87,#155,#164,.T.);
#164 = LINE('',#165,#166);
#165 = CARTESIAN_POINT('',(7.77817440033,7.77817440033,0.600000023842));
#166 = VECTOR('',#167,1.);
#167 = DIRECTION('',(0.671559085717,-0.740951006741,0.));
#168 = PLANE('',#169);
#169 = AXIS2_PLACEMENT_3D('',#170,#171,#172);
#170 = CARTESIAN_POINT('',(8.078951444584,7.147080658852,0.398802005378)
  );
#171 = DIRECTION('',(0.524247105186,0.47515004831,-0.706680553217));
#172 = DIRECTION('',(-0.803132980798,2.775557561563E-17,-0.595799811309)
  );
#173 = ADVANCED_FACE('',(#174),#191,.T.);
#174 = FACE_BOUND('',#175,.T.);
#175 = EDGE_LOOP('',(#176,#177,#185));
#176 = ORIENTED_EDGE('',*,*,#109,.F.);
#177 = ORIENTED_EDGE('',*,*,#178,.F.);
#178 = EDGE_CURVE('',#179,#77,#181,.T.);
#179 = VERTEX_POINT('',#180);
#180 = CARTESIAN_POINT('',(5.777930259705,8.647283554077,0.));
#181 = LINE('',#182,#183);
#182 = CARTESIAN_POINT('',(5.777930259705,8.647283554077,0.));
#183 = VECTOR('',#184,1.);
#184 = DIRECTION('',(0.803207686796,-0.595699095074,0.));
#185 = ORIENTED_EDGE('',*,*,#186,.T.);
#186 = EDGE_CURVE('',#179,#110,#187,.T.);
#187 = LINE('',#188,#189);
#188 = CARTESIAN_POINT('',(5.777930259705,8.647283554077,0.));
#189 = VECTOR('',#190,1.);
#190 = DIRECTION('',(0.889368849406,-0.106814152229,0.444537722348));
#191 = PLANE('',#192);
#192 = AXIS2_PLACEMENT_3D('',#193,#194,#195);
#193 = CARTESIAN_POINT('',(6.425833044836,8.421534429684,0.204878449662)
  );
#194 = DIRECTION('',(0.421476630341,0.568295758872,-0.706680536399));
#195 = DIRECTION('',(2.775557561563E-17,-0.779278715352,-0.626677495846)
  );
#196 = ADVANCED_FACE('',(#197),#214,.T.);
#197 = FACE_BOUND('',#198,.T.);
#198 = EDGE_LOOP('',(#199,#200,#208));
#199 = ORIENTED_EDGE('',*,*,#186,.F.);
#200 = ORIENTED_EDGE('',*,*,#201,.F.);
#201 = EDGE_CURVE('',#202,#179,#204,.T.);
#202 = VERTEX_POINT('',#203);
#203 = CARTESIAN_POINT('',(6.111272335052,9.146165847778,0.600000023842)
  );
#204 = LINE('',#205,#206);
#205 = CARTESIAN_POINT('',(6.111272335052,9.146165847778,0.600000023842)
  );
#206 = VECTOR('',#207,1.);
#207 = DIRECTION('',(-0.392847263877,-0.587938212938,-0.70710655847));
#208 = ORIENTED_EDGE('',*,*,#209,.T.);
#209 = EDGE_CURVE('',#202,#110,#210,.T.);
#210 = LINE('',#211,#212);
#211 = CARTESIAN_POINT('',(6.111272335052,9.146165847778,0.600000023842)
  );
#212 = VECTOR('',#213,1.);
#213 = DIRECTION('',(0.80320749363,-0.595699355529,0.));
#214 = PLANE('',#215);
#215 = AXIS2_PLACEMENT_3D('',#216,#217,#218);
#216 = CARTESIAN_POINT('',(6.320789797988,8.740585508608,0.398802042283)
  );
#217 = DIRECTION('',(0.421476695028,0.568295460948,-0.706680737401));
#218 = DIRECTION('',(2.775557561563E-17,-0.779278962839,-0.626677188093)
  );
#219 = ADVANCED_FACE('',(#220),#244,.T.);
#220 = FACE_BOUND('',#221,.T.);
#221 = EDGE_LOOP('',(#222,#230,#238));
#222 = ORIENTED_EDGE('',*,*,#223,.F.);
#223 = EDGE_CURVE('',#224,#179,#226,.T.);
#224 = VERTEX_POINT('',#225);
#225 = CARTESIAN_POINT('',(4.902525901794,9.171980857849,0.));
#226 = LINE('',#227,#228);
#227 = CARTESIAN_POINT('',(4.902525901794,9.171980857849,0.));
#228 = VECTOR('',#229,1.);
#229 = DIRECTION('',(0.857728556427,-0.514102833575,0.));
#230 = ORIENTED_EDGE('',*,*,#231,.F.);
#231 = EDGE_CURVE('',#232,#224,#234,.T.);
#232 = VERTEX_POINT('',#233);
#233 = CARTESIAN_POINT('',(5.185364246368,9.701133728027,0.600000023842)
  );
#234 = LINE('',#235,#236);
#235 = CARTESIAN_POINT('',(5.185364246368,9.701133728027,0.600000023842)
  );
#236 = VECTOR('',#237,1.);
#237 = DIRECTION('',(-0.333328112152,-0.623612500356,-0.707106653235));
#238 = ORIENTED_EDGE('',*,*,#239,.T.);
#239 = EDGE_CURVE('',#232,#179,#240,.T.);
#240 = LINE('',#241,#242);
#241 = CARTESIAN_POINT('',(5.185364246368,9.701133728027,0.600000023842)
  );
#242 = VECTOR('',#243,1.);
#243 = DIRECTION('',(0.439029975815,-0.780793710691,-0.444537806806));
#244 = PLANE('',#245);
#245 = AXIS2_PLACEMENT_3D('',#246,#247,#248);
#246 = CARTESIAN_POINT('',(5.321423637612,9.159477154971,0.204878438397)
  );
#247 = DIRECTION('',(0.363744538996,0.606870956481,-0.706680658098));
#248 = DIRECTION('',(0.,-0.758649072301,-0.651499489713));
#249 = ADVANCED_FACE('',(#250),#260,.T.);
#250 = FACE_BOUND('',#251,.T.);
#251 = EDGE_LOOP('',(#252,#253,#259));
#252 = ORIENTED_EDGE('',*,*,#239,.F.);
#253 = ORIENTED_EDGE('',*,*,#254,.F.);
#254 = EDGE_CURVE('',#202,#232,#255,.T.);
#255 = LINE('',#256,#257);
#256 = CARTESIAN_POINT('',(6.111272335052,9.146165847778,0.600000023842)
  );
#257 = VECTOR('',#258,1.);
#258 = DIRECTION('',(-0.857728638929,0.514102695929,0.));
#259 = ORIENTED_EDGE('',*,*,#201,.T.);
#260 = PLANE('',#261);
#261 = AXIS2_PLACEMENT_3D('',#262,#263,#264);
#262 = CARTESIAN_POINT('',(5.656386641765,9.184525466348,0.398801985888)
  );
#263 = DIRECTION('',(0.363744390529,0.606870929635,-0.706680757572));
#264 = DIRECTION('',(0.,-0.758649131873,-0.651499420344));
#265 = ADVANCED_FACE('',(#266),#281,.T.);
#266 = FACE_BOUND('',#267,.T.);
#267 = EDGE_LOOP('',(#268,#274,#275));
#268 = ORIENTED_EDGE('',*,*,#269,.F.);
#269 = EDGE_CURVE('',#132,#32,#270,.T.);
#270 = LINE('',#271,#272);
#271 = CARTESIAN_POINT('',(8.039308547974,6.597690105438,0.));
#272 = VECTOR('',#273,1.);
#273 = DIRECTION('',(0.595699095074,-0.803207686796,0.));
#274 = ORIENTED_EDGE('',*,*,#154,.F.);
#275 = ORIENTED_EDGE('',*,*,#276,.T.);
#276 = EDGE_CURVE('',#155,#32,#277,.T.);
#277 = LINE('',#278,#279);
#278 = CARTESIAN_POINT('',(8.503114700317,6.978326320648,0.600000023842)
  );
#279 = VECTOR('',#280,1.);
#280 = DIRECTION('',(0.106814152229,-0.889368849406,-0.444537722348));
#281 = PLANE('',#282);
#282 = AXIS2_PLACEMENT_3D('',#283,#284,#285);
#283 = CARTESIAN_POINT('',(8.421534429684,6.425833044836,0.204878449662)
  );
#284 = DIRECTION('',(0.568295758872,0.421476630341,-0.706680536399));
#285 = DIRECTION('',(-0.779278715352,2.775557561563E-17,-0.626677495846)
  );
#286 = ADVANCED_FACE('',(#287),#297,.T.);
#287 = FACE_BOUND('',#288,.T.);
#288 = EDGE_LOOP('',(#289,#290,#291));
#289 = ORIENTED_EDGE('',*,*,#62,.T.);
#290 = ORIENTED_EDGE('',*,*,#276,.F.);
#291 = ORIENTED_EDGE('',*,*,#292,.T.);
#292 = EDGE_CURVE('',#155,#54,#293,.T.);
#293 = LINE('',#294,#295);
#294 = CARTESIAN_POINT('',(8.503114700317,6.978326320648,0.600000023842)
  );
#295 = VECTOR('',#296,1.);
#296 = DIRECTION('',(0.595699355529,-0.80320749363,0.));
#297 = PLANE('',#298);
#298 = AXIS2_PLACEMENT_3D('',#299,#300,#301);
#299 = CARTESIAN_POINT('',(8.740585508608,6.320789797988,0.398802042283)
  );
#300 = DIRECTION('',(0.568295460948,0.421476695028,-0.706680737401));
#301 = DIRECTION('',(-0.779278962839,0.,-0.626677188093));
#302 = ADVANCED_FACE('',(#303),#328,.T.);
#303 = FACE_BOUND('',#304,.T.);
#304 = EDGE_LOOP('',(#305,#306,#314,#322));
#305 = ORIENTED_EDGE('',*,*,#254,.T.);
#306 = ORIENTED_EDGE('',*,*,#307,.T.);
#307 = EDGE_CURVE('',#232,#308,#310,.T.);
#308 = VERTEX_POINT('',#309);
#309 = CARTESIAN_POINT('',(5.185364246368,9.701133728027,3.));
#310 = LINE('',#311,#312);
#311 = CARTESIAN_POINT('',(5.185364246368,9.701133728027,0.600000023842)
  );
#312 = VECTOR('',#313,1.);
#313 = DIRECTION('',(0.,0.,1.));
#314 = ORIENTED_EDGE('',*,*,#315,.F.);
#315 = EDGE_CURVE('',#316,#308,#318,.T.);
#316 = VERTEX_POINT('',#317);
#317 = CARTESIAN_POINT('',(6.111272335052,9.146165847778,3.));
#318 = LINE('',#319,#320);
#319 = CARTESIAN_POINT('',(6.111272335052,9.146165847778,3.));
#320 = VECTOR('',#321,1.);
#321 = DIRECTION('',(-0.857728638929,0.514102695929,0.));
#322 = ORIENTED_EDGE('',*,*,#323,.T.);
#323 = EDGE_CURVE('',#316,#202,#324,.T.);
#324 = LINE('',#325,#326);
#325 = CARTESIAN_POINT('',(6.111272335052,9.146165847778,3.));
#326 = VECTOR('',#327,1.);
#327 = DIRECTION('',(0.,0.,-1.));
#328 = PLANE('',#329);
#329 = AXIS2_PLACEMENT_3D('',#330,#331,#332);
#330 = CARTESIAN_POINT('',(5.64831829071,9.423649787903,1.800000011921)
  );
#331 = DIRECTION('',(0.514102695929,0.857728638929,0.));
#332 = DIRECTION('',(0.857728638929,-0.514102695929,0.));
#333 = ADVANCED_FACE('',(#334),#360,.T.);
#334 = FACE_BOUND('',#335,.T.);
#335 = EDGE_LOOP('',(#336,#346,#354));
#336 = ORIENTED_EDGE('',*,*,#337,.T.);
#337 = EDGE_CURVE('',#338,#340,#342,.T.);
#338 = VERTEX_POINT('',#339);
#339 = CARTESIAN_POINT('',(-3.054693937302,7.073368549347,0.));
#340 = VERTEX_POINT('',#341);
#341 = CARTESIAN_POINT('',(-1.626798629761,7.506515979767,1.899999976158
    ));
#342 = LINE('',#343,#344);
#343 = CARTESIAN_POINT('',(-3.054693937302,7.073368549347,0.));
#344 = VECTOR('',#345,1.);
#345 = DIRECTION('',(0.59104433809,0.179291391292,0.786461179856));
#346 = ORIENTED_EDGE('',*,*,#347,.T.);
#347 = EDGE_CURVE('',#340,#348,#350,.T.);
#348 = VERTEX_POINT('',#349);
#349 = CARTESIAN_POINT('',(-2.949158906937,6.778418540955,0.));
#350 = LINE('',#351,#352);
#351 = CARTESIAN_POINT('',(-1.626798629761,7.506515979767,1.899999976158
    ));
#352 = VECTOR('',#353,1.);
#353 = DIRECTION('',(-0.544926308305,-0.30003884438,-0.782963607315));
#354 = ORIENTED_EDGE('',*,*,#355,.F.);
#355 = EDGE_CURVE('',#338,#348,#356,.T.);
#356 = LINE('',#357,#358);
#357 = CARTESIAN_POINT('',(-3.054693937302,7.073368549347,0.));
#358 = VECTOR('',#359,1.);
#359 = DIRECTION('',(0.336890503878,-0.941543832435,0.));
#360 = PLANE('',#361);
#361 = AXIS2_PLACEMENT_3D('',#362,#363,#364);
#362 = CARTESIAN_POINT('',(-2.356082910108,7.198411434413,0.892279056329
    ));
#363 = DIRECTION('',(0.740827971274,0.265073063974,-0.617179218488));
#364 = DIRECTION('',(0.640075799292,0.,0.768311766902));
#365 = ADVANCED_FACE('',(#366),#383,.T.);
#366 = FACE_BOUND('',#367,.T.);
#367 = EDGE_LOOP('',(#368,#369,#377));
#368 = ORIENTED_EDGE('',*,*,#347,.F.);
#369 = ORIENTED_EDGE('',*,*,#370,.F.);
#370 = EDGE_CURVE('',#371,#340,#373,.T.);
#371 = VERTEX_POINT('',#372);
#372 = CARTESIAN_POINT('',(-1.570595264435,7.34943819046,1.899999976158)
  );
#373 = LINE('',#374,#375);
#374 = CARTESIAN_POINT('',(-1.570595264435,7.34943819046,1.899999976158)
  );
#375 = VECTOR('',#376,1.);
#376 = DIRECTION('',(-0.336890032046,0.94154400126,0.));
#377 = ORIENTED_EDGE('',*,*,#378,.F.);
#378 = EDGE_CURVE('',#348,#371,#379,.T.);
#379 = LINE('',#380,#381);
#380 = CARTESIAN_POINT('',(-2.949158906937,6.778418540955,0.));
#381 = VECTOR('',#382,1.);
#382 = DIRECTION('',(0.570624659687,0.23636042844,0.78646121686));
#383 = PLANE('',#384);
#384 = AXIS2_PLACEMENT_3D('',#385,#386,#387);
#385 = CARTESIAN_POINT('',(-2.251470682774,7.114098681365,0.981638256492
    ));
#386 = DIRECTION('',(0.740828126886,0.265072700876,-0.617179187647));
#387 = DIRECTION('',(0.640075701046,0.,0.76831184875));
#388 = ADVANCED_FACE('',(#389),#406,.T.);
#389 = FACE_BOUND('',#390,.T.);
#390 = EDGE_LOOP('',(#391,#392,#400));
#391 = ORIENTED_EDGE('',*,*,#378,.T.);
#392 = ORIENTED_EDGE('',*,*,#393,.T.);
#393 = EDGE_CURVE('',#371,#394,#396,.T.);
#394 = VERTEX_POINT('',#395);
#395 = CARTESIAN_POINT('',(-2.815222024918,6.495232582092,0.));
#396 = LINE('',#397,#398);
#397 = CARTESIAN_POINT('',(-1.570595264435,7.34943819046,1.899999976158)
  );
#398 = VECTOR('',#399,1.);
#399 = DIRECTION('',(-0.512893387553,-0.352006257662,-0.782963579977));
#400 = ORIENTED_EDGE('',*,*,#401,.F.);
#401 = EDGE_CURVE('',#348,#394,#402,.T.);
#402 = LINE('',#403,#404);
#403 = CARTESIAN_POINT('',(-2.949158906937,6.778418540955,0.));
#404 = VECTOR('',#405,1.);
#405 = DIRECTION('',(0.427554828521,-0.903989418416,0.));
#406 = PLANE('',#407);
#407 = AXIS2_PLACEMENT_3D('',#408,#409,#410);
#408 = CARTESIAN_POINT('',(-2.266168344453,6.971334889818,0.892278993695
    ));
#409 = DIRECTION('',(0.711279331664,0.336409814634,-0.61717918708));
#410 = DIRECTION('',(0.655377408582,0.,0.755301563828));
#411 = ADVANCED_FACE('',(#412),#429,.T.);
#412 = FACE_BOUND('',#413,.T.);
#413 = EDGE_LOOP('',(#414,#415,#423));
#414 = ORIENTED_EDGE('',*,*,#393,.F.);
#415 = ORIENTED_EDGE('',*,*,#416,.F.);
#416 = EDGE_CURVE('',#417,#371,#419,.T.);
#417 = VERTEX_POINT('',#418);
#418 = CARTESIAN_POINT('',(-1.499266147614,7.198625564575,1.899999976158
    ));
#419 = LINE('',#420,#421);
#420 = CARTESIAN_POINT('',(-1.499266147614,7.198625564575,1.899999976158
    ));
#421 = VECTOR('',#422,1.);
#422 = DIRECTION('',(-0.427555372726,0.903989161026,0.));
#423 = ORIENTED_EDGE('',*,*,#424,.F.);
#424 = EDGE_CURVE('',#394,#417,#425,.T.);
#425 = LINE('',#426,#427);
#426 = CARTESIAN_POINT('',(-2.815222024918,6.495232582092,0.));
#427 = VECTOR('',#428,1.);
#428 = DIRECTION('',(0.544709598905,0.291153309901,0.786461189757));
#429 = PLANE('',#430);
#430 = AXIS2_PLACEMENT_3D('',#431,#432,#433);
#431 = CARTESIAN_POINT('',(-2.153795715341,6.897681813394,0.981638277885
    ));
#432 = DIRECTION('',(0.711279102874,0.336410230401,-0.617179224129));
#433 = DIRECTION('',(0.655377551288,0.,0.755301440001));
#434 = ADVANCED_FACE('',(#435),#452,.T.);
#435 = FACE_BOUND('',#436,.T.);
#436 = EDGE_LOOP('',(#437,#438,#446));
#437 = ORIENTED_EDGE('',*,*,#424,.T.);
#438 = ORIENTED_EDGE('',*,*,#439,.T.);
#439 = EDGE_CURVE('',#417,#440,#442,.T.);
#440 = VERTEX_POINT('',#441);
#441 = CARTESIAN_POINT('',(-2.654172897339,6.226538181305,0.));
#442 = LINE('',#443,#444);
#443 = CARTESIAN_POINT('',(-1.499266147614,7.198625564575,1.899999976158
    ));
#444 = VECTOR('',#445,1.);
#445 = DIRECTION('',(-0.475920998559,-0.400583681966,-0.782963547602));
#446 = ORIENTED_EDGE('',*,*,#447,.F.);
#447 = EDGE_CURVE('',#394,#440,#448,.T.);
#448 = LINE('',#449,#450);
#449 = CARTESIAN_POINT('',(-2.815222024918,6.495232582092,0.));
#450 = VECTOR('',#451,1.);
#451 = DIRECTION('',(0.514102512953,-0.8577287486,0.));
#452 = PLANE('',#453);
#453 = AXIS2_PLACEMENT_3D('',#454,#455,#456);
#454 = CARTESIAN_POINT('',(-2.154429298471,6.75416474674,0.892278960712)
  );
#455 = DIRECTION('',(0.674880366665,0.404507477465,-0.617179221429));
#456 = DIRECTION('',(0.674855997961,0.,0.737949444078));
#457 = ADVANCED_FACE('',(#458),#475,.T.);
#458 = FACE_BOUND('',#459,.T.);
#459 = EDGE_LOOP('',(#460,#461,#469));
#460 = ORIENTED_EDGE('',*,*,#439,.F.);
#461 = ORIENTED_EDGE('',*,*,#462,.F.);
#462 = EDGE_CURVE('',#463,#417,#465,.T.);
#463 = VERTEX_POINT('',#464);
#464 = CARTESIAN_POINT('',(-1.413498282433,7.055530548096,1.899999976158
    ));
#465 = LINE('',#466,#467);
#466 = CARTESIAN_POINT('',(-1.413498282433,7.055530548096,1.899999976158
    ));
#467 = VECTOR('',#468,1.);
#468 = DIRECTION('',(-0.514102801426,0.857728575696,0.));
#469 = ORIENTED_EDGE('',*,*,#470,.F.);
#470 = EDGE_CURVE('',#440,#463,#471,.T.);
#471 = LINE('',#472,#473);
#472 = CARTESIAN_POINT('',(-2.654172897339,6.226538181305,0.));
#473 = VECTOR('',#474,1.);
#474 = DIRECTION('',(0.513548643223,0.343142271223,0.786461170525));
#475 = PLANE('',#476);
#476 = AXIS2_PLACEMENT_3D('',#477,#478,#479);
#477 = CARTESIAN_POINT('',(-2.035378455217,6.69188074209,0.98163828754)
  );
#478 = DIRECTION('',(0.674880216695,0.404507696095,-0.617179242127));
#479 = DIRECTION('',(0.674856091952,-2.775557561563E-17,0.737949358123)
  );
#480 = ADVANCED_FACE('',(#481),#498,.T.);
#481 = FACE_BOUND('',#482,.T.);
#482 = EDGE_LOOP('',(#483,#484,#492));
#483 = ORIENTED_EDGE('',*,*,#470,.T.);
#484 = ORIENTED_EDGE('',*,*,#485,.T.);
#485 = EDGE_CURVE('',#463,#486,#488,.T.);
#486 = VERTEX_POINT('',#487);
#487 = CARTESIAN_POINT('',(-2.467562675476,5.974923610687,0.));
#488 = LINE('',#489,#490);
#489 = CARTESIAN_POINT('',(-1.413498282433,7.055530548096,1.899999976158
    ));
#490 = VECTOR('',#491,1.);
#491 = DIRECTION('',(-0.434365280948,-0.445303094441,-0.782963573091));
#492 = ORIENTED_EDGE('',*,*,#493,.F.);
#493 = EDGE_CURVE('',#440,#486,#494,.T.);
#494 = LINE('',#495,#496);
#495 = CARTESIAN_POINT('',(-2.654172897339,6.226538181305,0.));
#496 = VECTOR('',#497,1.);
#497 = DIRECTION('',(0.595699588929,-0.803207320528,0.));
#498 = PLANE('',#499);
#499 = AXIS2_PLACEMENT_3D('',#500,#501,#502);
#500 = CARTESIAN_POINT('',(-2.021941841736,6.548992761,0.892279025529));
#501 = DIRECTION('',(0.631981665426,0.4687098943,-0.617179236163));
#502 = DIRECTION('',(0.698678585427,0.,0.715435695409));
#503 = ADVANCED_FACE('',(#504),#521,.T.);
#504 = FACE_BOUND('',#505,.T.);
#505 = EDGE_LOOP('',(#506,#514,#520));
#506 = ORIENTED_EDGE('',*,*,#507,.F.);
#507 = EDGE_CURVE('',#508,#463,#510,.T.);
#508 = VERTEX_POINT('',#509);
#509 = CARTESIAN_POINT('',(-1.314117789268,6.921531200409,1.899999976158
    ));
#510 = LINE('',#511,#512);
#511 = CARTESIAN_POINT('',(-1.314117789268,6.921531200409,1.899999976158
    ));
#512 = VECTOR('',#513,1.);
#513 = DIRECTION('',(-0.59569854559,0.803208094321,0.));
#514 = ORIENTED_EDGE('',*,*,#515,.F.);
#515 = EDGE_CURVE('',#486,#508,#516,.T.);
#516 = LINE('',#517,#518);
#517 = CARTESIAN_POINT('',(-2.467562675476,5.974923610687,0.));
#518 = VECTOR('',#519,1.);
#519 = DIRECTION('',(0.477441941926,0.391826407385,0.786461225087));
#520 = ORIENTED_EDGE('',*,*,#485,.F.);
#521 = PLANE('',#522);
#522 = AXIS2_PLACEMENT_3D('',#523,#524,#525);
#523 = CARTESIAN_POINT('',(-1.897359450271,6.49867773584,0.981638287539)
  );
#524 = DIRECTION('',(0.63198232463,0.46870911073,-0.617179156222));
#525 = DIRECTION('',(0.698678166085,0.,0.715436104929));
#526 = ADVANCED_FACE('',(#527),#552,.T.);
#527 = FACE_BOUND('',#528,.T.);
#528 = EDGE_LOOP('',(#529,#530,#538,#546));
#529 = ORIENTED_EDGE('',*,*,#416,.T.);
#530 = ORIENTED_EDGE('',*,*,#531,.T.);
#531 = EDGE_CURVE('',#371,#532,#534,.T.);
#532 = VERTEX_POINT('',#533);
#533 = CARTESIAN_POINT('',(-1.570595264435,7.34943819046,3.));
#534 = LINE('',#535,#536);
#535 = CARTESIAN_POINT('',(-1.570595264435,7.34943819046,1.899999976158)
  );
#536 = VECTOR('',#537,1.);
#537 = DIRECTION('',(0.,0.,1.));
#538 = ORIENTED_EDGE('',*,*,#539,.F.);
#539 = EDGE_CURVE('',#540,#532,#542,.T.);
#540 = VERTEX_POINT('',#541);
#541 = CARTESIAN_POINT('',(-1.499266147614,7.198625564575,3.));
#542 = LINE('',#543,#544);
#543 = CARTESIAN_POINT('',(-1.499266147614,7.198625564575,3.));
#544 = VECTOR('',#545,1.);
#545 = DIRECTION('',(-0.427555372726,0.903989161026,0.));
#546 = ORIENTED_EDGE('',*,*,#547,.F.);
#547 = EDGE_CURVE('',#417,#540,#548,.T.);
#548 = LINE('',#549,#550);
#549 = CARTESIAN_POINT('',(-1.499266147614,7.198625564575,1.899999976158
    ));
#550 = VECTOR('',#551,1.);
#551 = DIRECTION('',(0.,0.,1.));
#552 = PLANE('',#553);
#553 = AXIS2_PLACEMENT_3D('',#554,#555,#556);
#554 = CARTESIAN_POINT('',(-1.534930706024,7.274031877518,2.449999988079
    ));
#555 = DIRECTION('',(0.903989161026,0.427555372726,0.));
#556 = DIRECTION('',(-0.427555372726,0.903989161026,0.));
#557 = ADVANCED_FACE('',(#558),#576,.T.);
#558 = FACE_BOUND('',#559,.T.);
#559 = EDGE_LOOP('',(#560,#561,#562,#570));
#560 = ORIENTED_EDGE('',*,*,#531,.F.);
#561 = ORIENTED_EDGE('',*,*,#370,.T.);
#562 = ORIENTED_EDGE('',*,*,#563,.T.);
#563 = EDGE_CURVE('',#340,#564,#566,.T.);
#564 = VERTEX_POINT('',#565);
#565 = CARTESIAN_POINT('',(-1.626798629761,7.506515979767,3.));
#566 = LINE('',#567,#568);
#567 = CARTESIAN_POINT('',(-1.626798629761,7.506515979767,1.899999976158
    ));
#568 = VECTOR('',#569,1.);
#569 = DIRECTION('',(0.,0.,1.));
#570 = ORIENTED_EDGE('',*,*,#571,.F.);
#571 = EDGE_CURVE('',#532,#564,#572,.T.);
#572 = LINE('',#573,#574);
#573 = CARTESIAN_POINT('',(-1.570595264435,7.34943819046,3.));
#574 = VECTOR('',#575,1.);
#575 = DIRECTION('',(-0.336890032046,0.94154400126,0.));
#576 = PLANE('',#577);
#577 = AXIS2_PLACEMENT_3D('',#578,#579,#580);
#578 = CARTESIAN_POINT('',(-1.598696947098,7.427977085114,2.449999988079
    ));
#579 = DIRECTION('',(0.94154400126,0.336890032046,0.));
#580 = DIRECTION('',(-0.336890032046,0.94154400126,0.));
#581 = ADVANCED_FACE('',(#582),#607,.T.);
#582 = FACE_BOUND('',#583,.T.);
#583 = EDGE_LOOP('',(#584,#585,#593,#601));
#584 = ORIENTED_EDGE('',*,*,#563,.F.);
#585 = ORIENTED_EDGE('',*,*,#586,.T.);
#586 = EDGE_CURVE('',#340,#587,#589,.T.);
#587 = VERTEX_POINT('',#588);
#588 = CARTESIAN_POINT('',(-1.667335033417,7.668346405029,1.899999976158
    ));
#589 = LINE('',#590,#591);
#590 = CARTESIAN_POINT('',(-1.626798629761,7.506515979767,1.899999976158
    ));
#591 = VECTOR('',#592,1.);
#592 = DIRECTION('',(-0.242980136843,0.970031263981,0.));
#593 = ORIENTED_EDGE('',*,*,#594,.T.);
#594 = EDGE_CURVE('',#587,#595,#597,.T.);
#595 = VERTEX_POINT('',#596);
#596 = CARTESIAN_POINT('',(-1.667335033417,7.668346405029,3.));
#597 = LINE('',#598,#599);
#598 = CARTESIAN_POINT('',(-1.667335033417,7.668346405029,1.899999976158
    ));
#599 = VECTOR('',#600,1.);
#600 = DIRECTION('',(0.,0.,1.));
#601 = ORIENTED_EDGE('',*,*,#602,.F.);
#602 = EDGE_CURVE('',#564,#595,#603,.T.);
#603 = LINE('',#604,#605);
#604 = CARTESIAN_POINT('',(-1.626798629761,7.506515979767,3.));
#605 = VECTOR('',#606,1.);
#606 = DIRECTION('',(-0.242980136843,0.970031263981,0.));
#607 = PLANE('',#608);
#608 = AXIS2_PLACEMENT_3D('',#609,#610,#611);
#609 = CARTESIAN_POINT('',(-1.647066831589,7.587431192398,2.449999988079
    ));
#610 = DIRECTION('',(0.970031263981,0.242980136843,0.));
#611 = DIRECTION('',(-0.242980136843,0.970031263981,0.));
#612 = ADVANCED_FACE('',(#613),#638,.T.);
#613 = FACE_BOUND('',#614,.T.);
#614 = EDGE_LOOP('',(#615,#616,#624,#632));
#615 = ORIENTED_EDGE('',*,*,#507,.T.);
#616 = ORIENTED_EDGE('',*,*,#617,.T.);
#617 = EDGE_CURVE('',#463,#618,#620,.T.);
#618 = VERTEX_POINT('',#619);
#619 = CARTESIAN_POINT('',(-1.413498282433,7.055530548096,3.));
#620 = LINE('',#621,#622);
#621 = CARTESIAN_POINT('',(-1.413498282433,7.055530548096,1.899999976158
    ));
#622 = VECTOR('',#623,1.);
#623 = DIRECTION('',(0.,0.,1.));
#624 = ORIENTED_EDGE('',*,*,#625,.F.);
#625 = EDGE_CURVE('',#626,#618,#628,.T.);
#626 = VERTEX_POINT('',#627);
#627 = CARTESIAN_POINT('',(-1.314117789268,6.921531200409,3.));
#628 = LINE('',#629,#630);
#629 = CARTESIAN_POINT('',(-1.314117789268,6.921531200409,3.));
#630 = VECTOR('',#631,1.);
#631 = DIRECTION('',(-0.59569854559,0.803208094321,0.));
#632 = ORIENTED_EDGE('',*,*,#633,.F.);
#633 = EDGE_CURVE('',#508,#626,#634,.T.);
#634 = LINE('',#635,#636);
#635 = CARTESIAN_POINT('',(-1.314117789268,6.921531200409,1.899999976158
    ));
#636 = VECTOR('',#637,1.);
#637 = DIRECTION('',(0.,0.,1.));
#638 = PLANE('',#639);
#639 = AXIS2_PLACEMENT_3D('',#640,#641,#642);
#640 = CARTESIAN_POINT('',(-1.363808035851,6.988530874252,2.449999988079
    ));
#641 = DIRECTION('',(0.803208094321,0.59569854559,0.));
#642 = DIRECTION('',(-0.59569854559,0.803208094321,0.));
#643 = ADVANCED_FACE('',(#644),#670,.T.);
#644 = FACE_BOUND('',#645,.T.);
#645 = EDGE_LOOP('',(#646,#656,#664));
#646 = ORIENTED_EDGE('',*,*,#647,.T.);
#647 = EDGE_CURVE('',#648,#650,#652,.T.);
#648 = VERTEX_POINT('',#649);
#649 = CARTESIAN_POINT('',(-2.257188558578,5.74281167984,0.));
#650 = VERTEX_POINT('',#651);
#651 = CARTESIAN_POINT('',(-1.202081561089,6.797918319702,1.899999976158
    ));
#652 = LINE('',#653,#654);
#653 = CARTESIAN_POINT('',(-2.257188558578,5.74281167984,0.));
#654 = VECTOR('',#655,1.);
#655 = DIRECTION('',(0.43673724689,0.436737098858,0.786461241042));
#656 = ORIENTED_EDGE('',*,*,#657,.T.);
#657 = EDGE_CURVE('',#650,#658,#660,.T.);
#658 = VERTEX_POINT('',#659);
#659 = CARTESIAN_POINT('',(-2.025076389313,5.532437324524,0.));
#660 = LINE('',#661,#662);
#661 = CARTESIAN_POINT('',(-1.202081561089,6.797918319702,1.899999976158
    ));
#662 = VECTOR('',#663,1.);
#663 = DIRECTION('',(-0.339144739302,-0.52148714364,-0.782963603766));
#664 = ORIENTED_EDGE('',*,*,#665,.F.);
#665 = EDGE_CURVE('',#648,#658,#666,.T.);
#666 = LINE('',#667,#668);
#667 = CARTESIAN_POINT('',(-2.257188558578,5.74281167984,0.));
#668 = VECTOR('',#669,1.);
#669 = DIRECTION('',(0.740950890575,-0.671559213887,0.));
#670 = PLANE('',#671);
#671 = AXIS2_PLACEMENT_3D('',#672,#673,#674);
#672 = CARTESIAN_POINT('',(-1.700013431166,6.182412199463,0.892278977444
    ));
#673 = DIRECTION('',(0.528398003531,0.582996946804,-0.617179155417));
#674 = DIRECTION('',(0.,-0.726951105706,-0.686689223676));
#675 = ADVANCED_FACE('',(#676),#693,.T.);
#676 = FACE_BOUND('',#677,.T.);
#677 = EDGE_LOOP('',(#678,#679,#687));
#678 = ORIENTED_EDGE('',*,*,#657,.F.);
#679 = ORIENTED_EDGE('',*,*,#680,.F.);
#680 = EDGE_CURVE('',#681,#650,#683,.T.);
#681 = VERTEX_POINT('',#682);
#682 = CARTESIAN_POINT('',(-1.078468561172,6.685882091522,1.899999976158
    ));
#683 = LINE('',#684,#685);
#684 = CARTESIAN_POINT('',(-1.078468561172,6.685882091522,1.899999976158
    ));
#685 = VECTOR('',#686,1.);
#686 = DIRECTION('',(-0.740951317281,0.671558743089,0.));
#687 = ORIENTED_EDGE('',*,*,#688,.F.);
#688 = EDGE_CURVE('',#658,#681,#689,.T.);
#689 = LINE('',#690,#691);
#690 = CARTESIAN_POINT('',(-2.025076389313,5.532437324524,0.));
#691 = VECTOR('',#692,1.);
#692 = DIRECTION('',(0.391826500152,0.477441885369,0.786461213204));
#693 = PLANE('',#694);
#694 = AXIS2_PLACEMENT_3D('',#695,#696,#697);
#695 = CARTESIAN_POINT('',(-1.568008827838,6.157368758698,0.981638278333
    ));
#696 = DIRECTION('',(0.528397612498,0.582997259819,-0.617179194521));
#697 = DIRECTION('',(0.,-0.726950943379,-0.68668939552));
#698 = ADVANCED_FACE('',(#699),#716,.T.);
#699 = FACE_BOUND('',#700,.T.);
#700 = EDGE_LOOP('',(#701,#702,#710));
#701 = ORIENTED_EDGE('',*,*,#688,.T.);
#702 = ORIENTED_EDGE('',*,*,#703,.T.);
#703 = EDGE_CURVE('',#681,#704,#706,.T.);
#704 = VERTEX_POINT('',#705);
#705 = CARTESIAN_POINT('',(-1.773461580276,5.345827102661,0.));
#706 = LINE('',#707,#708);
#707 = CARTESIAN_POINT('',(-1.078468561172,6.685882091522,1.899999976158
    ));
#708 = VECTOR('',#709,1.);
#709 = DIRECTION('',(-0.286396970588,-0.552218049221,-0.78296360155));
#710 = ORIENTED_EDGE('',*,*,#711,.F.);
#711 = EDGE_CURVE('',#658,#704,#712,.T.);
#712 = LINE('',#713,#714);
#713 = CARTESIAN_POINT('',(-2.025076389313,5.532437324524,0.));
#714 = VECTOR('',#715,1.);
#715 = DIRECTION('',(0.803207590604,-0.595699224774,0.));
#716 = PLANE('',#717);
#717 = AXIS2_PLACEMENT_3D('',#718,#719,#720);
#718 = CARTESIAN_POINT('',(-1.51367258812,6.024533895643,0.892278989932)
  );
#719 = DIRECTION('',(0.468709632167,0.631981910819,-0.617179183958));
#720 = DIRECTION('',(0.,0.698678416318,0.715435860557));
#721 = ADVANCED_FACE('',(#722),#739,.T.);
#722 = FACE_BOUND('',#723,.T.);
#723 = EDGE_LOOP('',(#724,#725,#733));
#724 = ORIENTED_EDGE('',*,*,#703,.F.);
#725 = ORIENTED_EDGE('',*,*,#726,.F.);
#726 = EDGE_CURVE('',#727,#681,#729,.T.);
#727 = VERTEX_POINT('',#728);
#728 = CARTESIAN_POINT('',(-0.9444693923,6.586501598358,1.899999976158)
  );
#729 = LINE('',#730,#731);
#730 = CARTESIAN_POINT('',(-0.9444693923,6.586501598358,1.899999976158)
  );
#731 = VECTOR('',#732,1.);
#732 = DIRECTION('',(-0.803207713973,0.595699058429,0.));
#733 = ORIENTED_EDGE('',*,*,#734,.F.);
#734 = EDGE_CURVE('',#704,#727,#735,.T.);
#735 = LINE('',#736,#737);
#736 = CARTESIAN_POINT('',(-1.773461580276,5.345827102661,0.));
#737 = VECTOR('',#738,1.);
#738 = DIRECTION('',(0.343142214618,0.513548619936,0.786461210429));
#739 = PLANE('',#740);
#740 = AXIS2_PLACEMENT_3D('',#741,#742,#743);
#741 = CARTESIAN_POINT('',(-1.379848959752,6.012549795788,0.981638261481
    ));
#742 = DIRECTION('',(0.468709495328,0.631981999859,-0.617179196704));
#743 = DIRECTION('',(2.775557561563E-17,0.698678373319,0.715435902549));
#744 = ADVANCED_FACE('',(#745),#770,.T.);
#745 = FACE_BOUND('',#746,.T.);
#746 = EDGE_LOOP('',(#747,#748,#756,#764));
#747 = ORIENTED_EDGE('',*,*,#726,.T.);
#748 = ORIENTED_EDGE('',*,*,#749,.T.);
#749 = EDGE_CURVE('',#681,#750,#752,.T.);
#750 = VERTEX_POINT('',#751);
#751 = CARTESIAN_POINT('',(-1.078468561172,6.685882091522,3.));
#752 = LINE('',#753,#754);
#753 = CARTESIAN_POINT('',(-1.078468561172,6.685882091522,1.899999976158
    ));
#754 = VECTOR('',#755,1.);
#755 = DIRECTION('',(0.,0.,1.));
#756 = ORIENTED_EDGE('',*,*,#757,.F.);
#757 = EDGE_CURVE('',#758,#750,#760,.T.);
#758 = VERTEX_POINT('',#759);
#759 = CARTESIAN_POINT('',(-0.9444693923,6.586501598358,3.));
#760 = LINE('',#761,#762);
#761 = CARTESIAN_POINT('',(-0.9444693923,6.586501598358,3.));
#762 = VECTOR('',#763,1.);
#763 = DIRECTION('',(-0.803207713973,0.595699058429,0.));
#764 = ORIENTED_EDGE('',*,*,#765,.F.);
#765 = EDGE_CURVE('',#727,#758,#766,.T.);
#766 = LINE('',#767,#768);
#767 = CARTESIAN_POINT('',(-0.9444693923,6.586501598358,1.899999976158)
  );
#768 = VECTOR('',#769,1.);
#769 = DIRECTION('',(0.,0.,1.));
#770 = PLANE('',#771);
#771 = AXIS2_PLACEMENT_3D('',#772,#773,#774);
#772 = CARTESIAN_POINT('',(-1.011468976736,6.63619184494,2.449999988079)
  );
#773 = DIRECTION('',(0.595699058429,0.803207713973,0.));
#774 = DIRECTION('',(0.803207713973,-0.595699058429,0.));
#775 = ADVANCED_FACE('',(#776),#802,.T.);
#776 = FACE_BOUND('',#777,.T.);
#777 = EDGE_LOOP('',(#778,#788,#796));
#778 = ORIENTED_EDGE('',*,*,#779,.T.);
#779 = EDGE_CURVE('',#780,#782,#784,.T.);
#780 = VERTEX_POINT('',#781);
#781 = CARTESIAN_POINT('',(3.130810499191,8.622756958008,0.));
#782 = VERTEX_POINT('',#783);
#783 = CARTESIAN_POINT('',(1.667335033417,8.331653594971,1.899999976158)
  );
#784 = LINE('',#785,#786);
#785 = CARTESIAN_POINT('',(3.130810499191,8.622756958008,0.));
#786 = VECTOR('',#787,1.);
#787 = DIRECTION('',(-0.605771929314,-0.120495525877,0.786461186518));
#788 = ORIENTED_EDGE('',*,*,#789,.T.);
#789 = EDGE_CURVE('',#782,#790,#792,.T.);
#790 = VERTEX_POINT('',#791);
#791 = CARTESIAN_POINT('',(3.054693937302,8.926630973816,0.));
#792 = LINE('',#793,#794);
#793 = CARTESIAN_POINT('',(1.667335033417,8.331653594971,1.899999976158)
  );
#794 = VECTOR('',#795,1.);
#795 = DIRECTION('',(0.571711328826,0.245181911421,-0.78296359226));
#796 = ORIENTED_EDGE('',*,*,#797,.F.);
#797 = EDGE_CURVE('',#780,#790,#798,.T.);
#798 = LINE('',#799,#800);
#799 = CARTESIAN_POINT('',(3.130810499191,8.622756958008,0.));
#800 = VECTOR('',#801,1.);
#801 = DIRECTION('',(-0.242980430382,0.970031190453,0.));
#802 = PLANE('',#803);
#803 = AXIS2_PLACEMENT_3D('',#804,#805,#806);
#804 = CARTESIAN_POINT('',(2.423307167109,8.566792113364,0.892279057067)
  );
#805 = DIRECTION('',(-0.763242470005,-0.191182495649,-0.617179216548));
#806 = DIRECTION('',(0.628777323255,0.,-0.77758541509));
#807 = ADVANCED_FACE('',(#808),#825,.T.);
#808 = FACE_BOUND('',#809,.T.);
#809 = EDGE_LOOP('',(#810,#811,#819));
#810 = ORIENTED_EDGE('',*,*,#789,.F.);
#811 = ORIENTED_EDGE('',*,*,#812,.F.);
#812 = EDGE_CURVE('',#813,#782,#815,.T.);
#813 = VERTEX_POINT('',#814);
#814 = CARTESIAN_POINT('',(1.626798629761,8.493483543396,1.899999976158)
  );
#815 = LINE('',#816,#817);
#816 = CARTESIAN_POINT('',(1.626798629761,8.493483543396,1.899999976158)
  );
#817 = VECTOR('',#818,1.);
#818 = DIRECTION('',(0.242980810523,-0.970031095232,0.));
#819 = ORIENTED_EDGE('',*,*,#820,.F.);
#820 = EDGE_CURVE('',#790,#813,#821,.T.);
#821 = LINE('',#822,#823);
#822 = CARTESIAN_POINT('',(3.054693937302,8.926630973816,0.));
#823 = VECTOR('',#824,1.);
#824 = DIRECTION('',(-0.59104433809,-0.179291391292,0.786461179856));
#825 = PLANE('',#826);
#826 = AXIS2_PLACEMENT_3D('',#827,#828,#829);
#827 = CARTESIAN_POINT('',(2.327462852677,8.660952605866,0.981638190679)
  );
#828 = DIRECTION('',(-0.763242376733,-0.191182790155,-0.617179240665));
#829 = DIRECTION('',(0.628777384572,0.,-0.777585365507));
#830 = ADVANCED_FACE('',(#831),#857,.T.);
#831 = FACE_BOUND('',#832,.T.);
#832 = EDGE_LOOP('',(#833,#843,#851));
#833 = ORIENTED_EDGE('',*,*,#834,.T.);
#834 = EDGE_CURVE('',#835,#837,#839,.T.);
#835 = VERTEX_POINT('',#836);
#836 = CARTESIAN_POINT('',(2.654172897339,9.773461341858,0.));
#837 = VERTEX_POINT('',#838);
#838 = CARTESIAN_POINT('',(1.413498282433,8.944469451904,1.899999976158)
  );
#839 = LINE('',#840,#841);
#840 = CARTESIAN_POINT('',(2.654172897339,9.773461341858,0.));
#841 = VECTOR('',#842,1.);
#842 = DIRECTION('',(-0.513548678005,-0.343142097088,0.78646122379));
#843 = ORIENTED_EDGE('',*,*,#844,.T.);
#844 = EDGE_CURVE('',#837,#845,#847,.T.);
#845 = VERTEX_POINT('',#846);
#846 = CARTESIAN_POINT('',(2.467562675476,10.025075912476,0.));
#847 = LINE('',#848,#849);
#848 = CARTESIAN_POINT('',(1.413498282433,8.944469451904,1.899999976158)
  );
#849 = VECTOR('',#850,1.);
#850 = DIRECTION('',(0.434365318956,0.445302936907,-0.782963641602));
#851 = ORIENTED_EDGE('',*,*,#852,.F.);
#852 = EDGE_CURVE('',#835,#845,#853,.T.);
#853 = LINE('',#854,#855);
#854 = CARTESIAN_POINT('',(2.654172897339,9.773461341858,0.));
#855 = VECTOR('',#856,1.);
#856 = DIRECTION('',(-0.595699588929,0.803207320528,0.));
#857 = PLANE('',#858);
#858 = AXIS2_PLACEMENT_3D('',#859,#860,#861);
#859 = CARTESIAN_POINT('',(2.021941844711,9.451006987625,0.89227902132)
  );
#860 = DIRECTION('',(-0.631981711308,-0.468709928328,-0.617179163339));
#861 = DIRECTION('',(0.698678517267,0.,-0.715435761972));
#862 = ADVANCED_FACE('',(#863),#880,.T.);
#863 = FACE_BOUND('',#864,.T.);
#864 = EDGE_LOOP('',(#865,#873,#874));
#865 = ORIENTED_EDGE('',*,*,#866,.F.);
#866 = EDGE_CURVE('',#837,#867,#869,.T.);
#867 = VERTEX_POINT('',#868);
#868 = CARTESIAN_POINT('',(1.499266147614,8.801374435425,1.899999976158)
  );
#869 = LINE('',#870,#871);
#870 = CARTESIAN_POINT('',(1.413498282433,8.944469451904,1.899999976158)
  );
#871 = VECTOR('',#872,1.);
#872 = DIRECTION('',(0.514102801426,-0.857728575696,0.));
#873 = ORIENTED_EDGE('',*,*,#834,.F.);
#874 = ORIENTED_EDGE('',*,*,#875,.F.);
#875 = EDGE_CURVE('',#867,#835,#876,.T.);
#876 = LINE('',#877,#878);
#877 = CARTESIAN_POINT('',(1.499266147614,8.801374435425,1.899999976158)
  );
#878 = VECTOR('',#879,1.);
#879 = DIRECTION('',(0.47592103602,0.400583516999,-0.782963609232));
#880 = PLANE('',#881);
#881 = AXIS2_PLACEMENT_3D('',#882,#883,#884);
#882 = CARTESIAN_POINT('',(2.035378453691,9.30811902656,0.98163828978));
#883 = DIRECTION('',(-0.67488025898,-0.40450772144,-0.617179179279));
#884 = DIRECTION('',(0.674856031502,0.,-0.737949413405));
#885 = ADVANCED_FACE('',(#886),#903,.T.);
#886 = FACE_BOUND('',#887,.T.);
#887 = EDGE_LOOP('',(#888,#896,#897));
#888 = ORIENTED_EDGE('',*,*,#889,.T.);
#889 = EDGE_CURVE('',#890,#867,#892,.T.);
#890 = VERTEX_POINT('',#891);
#891 = CARTESIAN_POINT('',(2.815222024918,9.504767417908,0.));
#892 = LINE('',#893,#894);
#893 = CARTESIAN_POINT('',(2.815222024918,9.504767417908,0.));
#894 = VECTOR('',#895,1.);
#895 = DIRECTION('',(-0.544709598905,-0.291153309901,0.786461189757));
#896 = ORIENTED_EDGE('',*,*,#875,.T.);
#897 = ORIENTED_EDGE('',*,*,#898,.F.);
#898 = EDGE_CURVE('',#890,#835,#899,.T.);
#899 = LINE('',#900,#901);
#900 = CARTESIAN_POINT('',(2.815222024918,9.504767417908,0.));
#901 = VECTOR('',#902,1.);
#902 = DIRECTION('',(-0.514103184168,0.857728346289,0.));
#903 = PLANE('',#904);
#904 = AXIS2_PLACEMENT_3D('',#905,#906,#907);
#905 = CARTESIAN_POINT('',(2.154429255319,9.24583509382,0.892279029356)
  );
#906 = DIRECTION('',(-0.674880060001,-0.404508011516,-0.61717920674));
#907 = DIRECTION('',(0.674856156209,2.775557561563E-17,-0.737949299361)
  );
#908 = ADVANCED_FACE('',(#909),#926,.T.);
#909 = FACE_BOUND('',#910,.T.);
#910 = EDGE_LOOP('',(#911,#919,#920));
#911 = ORIENTED_EDGE('',*,*,#912,.F.);
#912 = EDGE_CURVE('',#867,#913,#915,.T.);
#913 = VERTEX_POINT('',#914);
#914 = CARTESIAN_POINT('',(1.570595264435,8.650562286377,1.899999976158)
  );
#915 = LINE('',#916,#917);
#916 = CARTESIAN_POINT('',(1.499266147614,8.801374435425,1.899999976158)
  );
#917 = VECTOR('',#918,1.);
#918 = DIRECTION('',(0.427556477446,-0.903988638532,0.));
#919 = ORIENTED_EDGE('',*,*,#889,.F.);
#920 = ORIENTED_EDGE('',*,*,#921,.F.);
#921 = EDGE_CURVE('',#913,#890,#922,.T.);
#922 = LINE('',#923,#924);
#923 = CARTESIAN_POINT('',(1.570595264435,8.650562286377,1.899999976158)
  );
#924 = VECTOR('',#925,1.);
#925 = DIRECTION('',(0.51289342303,0.352006085511,-0.782963634134));
#926 = PLANE('',#927);
#927 = AXIS2_PLACEMENT_3D('',#928,#929,#930);
#928 = CARTESIAN_POINT('',(2.153795767283,9.102318343253,0.98163819992)
  );
#929 = DIRECTION('',(-0.711278675498,-0.336411091927,-0.617179247067));
#930 = DIRECTION('',(0.655377789831,0.,-0.755301233016));
#931 = ADVANCED_FACE('',(#932),#949,.T.);
#932 = FACE_BOUND('',#933,.T.);
#933 = EDGE_LOOP('',(#934,#942,#943));
#934 = ORIENTED_EDGE('',*,*,#935,.T.);
#935 = EDGE_CURVE('',#936,#913,#938,.T.);
#936 = VERTEX_POINT('',#937);
#937 = CARTESIAN_POINT('',(2.949158906937,9.221581459045,0.));
#938 = LINE('',#939,#940);
#939 = CARTESIAN_POINT('',(2.949158906937,9.221581459045,0.));
#940 = VECTOR('',#941,1.);
#941 = DIRECTION('',(-0.570624686308,-0.236360242091,0.78646125355));
#942 = ORIENTED_EDGE('',*,*,#921,.T.);
#943 = ORIENTED_EDGE('',*,*,#944,.F.);
#944 = EDGE_CURVE('',#936,#890,#945,.T.);
#945 = LINE('',#946,#947);
#946 = CARTESIAN_POINT('',(2.949158906937,9.221581459045,0.));
#947 = VECTOR('',#948,1.);
#948 = DIRECTION('',(-0.427554828521,0.903989418416,0.));
#949 = PLANE('',#950);
#950 = AXIS2_PLACEMENT_3D('',#951,#952,#953);
#951 = CARTESIAN_POINT('',(2.266168346975,9.028665334544,0.892278990554)
  );
#952 = DIRECTION('',(-0.711279368727,-0.336409832163,-0.617179134812));
#953 = DIRECTION('',(0.655377357436,0.,-0.755301608207));
#954 = ADVANCED_FACE('',(#955),#970,.T.);
#955 = FACE_BOUND('',#956,.T.);
#956 = EDGE_LOOP('',(#957,#963,#964));
#957 = ORIENTED_EDGE('',*,*,#958,.F.);
#958 = EDGE_CURVE('',#913,#813,#959,.T.);
#959 = LINE('',#960,#961);
#960 = CARTESIAN_POINT('',(1.570595264435,8.650562286377,1.899999976158)
  );
#961 = VECTOR('',#962,1.);
#962 = DIRECTION('',(0.336888218818,-0.941544650042,0.));
#963 = ORIENTED_EDGE('',*,*,#935,.F.);
#964 = ORIENTED_EDGE('',*,*,#965,.F.);
#965 = EDGE_CURVE('',#813,#936,#966,.T.);
#966 = LINE('',#967,#968);
#967 = CARTESIAN_POINT('',(1.626798629761,8.493483543396,1.899999976158)
  );
#968 = VECTOR('',#969,1.);
#969 = DIRECTION('',(0.544926276178,0.300039023189,-0.782963561154));
#970 = PLANE('',#971);
#971 = AXIS2_PLACEMENT_3D('',#972,#973,#974);
#972 = CARTESIAN_POINT('',(2.251470566619,8.88590125992,0.981638420915)
  );
#973 = DIRECTION('',(-0.740828694477,-0.265071294622,-0.617179110313));
#974 = DIRECTION('',(0.640075364219,-2.775557561563E-17,-0.768312129359)
  );
#975 = ADVANCED_FACE('',(#976),#986,.T.);
#976 = FACE_BOUND('',#977,.T.);
#977 = EDGE_LOOP('',(#978,#979,#980));
#978 = ORIENTED_EDGE('',*,*,#820,.T.);
#979 = ORIENTED_EDGE('',*,*,#965,.T.);
#980 = ORIENTED_EDGE('',*,*,#981,.F.);
#981 = EDGE_CURVE('',#790,#936,#982,.T.);
#982 = LINE('',#983,#984);
#983 = CARTESIAN_POINT('',(3.054693937302,8.926630973816,0.));
#984 = VECTOR('',#985,1.);
#985 = DIRECTION('',(-0.336890021051,0.941544005194,0.));
#986 = PLANE('',#987);
#987 = AXIS2_PLACEMENT_3D('',#988,#989,#990);
#988 = CARTESIAN_POINT('',(2.356082964458,8.801588240735,0.892278980233)
  );
#989 = DIRECTION('',(-0.740828100095,-0.265072681532,-0.617179228113));
#990 = DIRECTION('',(0.640075739484,0.,-0.768311816728));
#991 = ADVANCED_FACE('',(#992),#1009,.T.);
#992 = FACE_BOUND('',#993,.T.);
#993 = EDGE_LOOP('',(#994,#1002,#1008));
#994 = ORIENTED_EDGE('',*,*,#995,.F.);
#995 = EDGE_CURVE('',#996,#837,#998,.T.);
#996 = VERTEX_POINT('',#997);
#997 = CARTESIAN_POINT('',(1.314117789268,9.078468322754,1.899999976158)
  );
#998 = LINE('',#999,#1000);
#999 = CARTESIAN_POINT('',(1.314117789268,9.078468322754,1.899999976158)
  );
#1000 = VECTOR('',#1001,1.);
#1001 = DIRECTION('',(0.595699913164,-0.803207080059,0.));
#1002 = ORIENTED_EDGE('',*,*,#1003,.T.);
#1003 = EDGE_CURVE('',#996,#845,#1004,.T.);
#1004 = LINE('',#1005,#1006);
#1005 = CARTESIAN_POINT('',(1.314117789268,9.078468322754,1.899999976158
    ));
#1006 = VECTOR('',#1007,1.);
#1007 = DIRECTION('',(0.477441941926,0.391826407385,-0.786461225087));
#1008 = ORIENTED_EDGE('',*,*,#844,.F.);
#1009 = PLANE('',#1010);
#1010 = AXIS2_PLACEMENT_3D('',#1011,#1012,#1013);
#1011 = CARTESIAN_POINT('',(1.897359489234,9.501321948913,0.981638218666
    ));
#1012 = DIRECTION('',(-0.63198150645,-0.468710171834,-0.617179188182));
#1013 = DIRECTION('',(0.698678647585,-2.775557561563E-17,-0.715435634707
    ));
#1014 = ADVANCED_FACE('',(#1015),#1032,.T.);
#1015 = FACE_BOUND('',#1016,.T.);
#1016 = EDGE_LOOP('',(#1017,#1018,#1026));
#1017 = ORIENTED_EDGE('',*,*,#1003,.F.);
#1018 = ORIENTED_EDGE('',*,*,#1019,.F.);
#1019 = EDGE_CURVE('',#1020,#996,#1022,.T.);
#1020 = VERTEX_POINT('',#1021);
#1021 = CARTESIAN_POINT('',(2.220406532288,10.220406532288,
    6.623562425375E-02));
#1022 = LINE('',#1023,#1024);
#1023 = CARTESIAN_POINT('',(2.220406532288,10.220406532288,
    6.623562425375E-02));
#1024 = VECTOR('',#1025,1.);
#1025 = DIRECTION('',(-0.386862480341,-0.48745286923,0.782768881333));
#1026 = ORIENTED_EDGE('',*,*,#1027,.T.);
#1027 = EDGE_CURVE('',#1020,#845,#1028,.T.);
#1028 = LINE('',#1029,#1030);
#1029 = CARTESIAN_POINT('',(2.220406532288,10.220406532288,
    6.623562425375E-02));
#1030 = VECTOR('',#1031,1.);
#1031 = DIRECTION('',(0.767775369158,-0.606782565868,-0.205756896053));
#1032 = PLANE('',#1033);
#1033 = AXIS2_PLACEMENT_3D('',#1034,#1035,#1036);
#1034 = CARTESIAN_POINT('',(1.862569324394,9.632984988589,0.907174835093
    ));
#1035 = DIRECTION('',(-0.582997539832,-0.528397313637,-0.617179185886));
#1036 = DIRECTION('',(-0.726950773943,2.775557561563E-17,0.686689574891)
  );
#1037 = ADVANCED_FACE('',(#1038),#1055,.T.);
#1038 = FACE_BOUND('',#1039,.T.);
#1039 = EDGE_LOOP('',(#1040,#1041,#1049));
#1040 = ORIENTED_EDGE('',*,*,#1019,.T.);
#1041 = ORIENTED_EDGE('',*,*,#1042,.F.);
#1042 = EDGE_CURVE('',#1043,#996,#1045,.T.);
#1043 = VERTEX_POINT('',#1044);
#1044 = CARTESIAN_POINT('',(1.202081561089,9.202081680298,1.899999976158
    ));
#1045 = LINE('',#1046,#1047);
#1046 = CARTESIAN_POINT('',(1.202081561089,9.202081680298,1.899999976158
    ));
#1047 = VECTOR('',#1048,1.);
#1048 = DIRECTION('',(0.671557676419,-0.740952284053,0.));
#1049 = ORIENTED_EDGE('',*,*,#1050,.T.);
#1050 = EDGE_CURVE('',#1043,#1020,#1051,.T.);
#1051 = LINE('',#1052,#1053);
#1052 = CARTESIAN_POINT('',(1.202081561089,9.202081680298,1.899999976158
    ));
#1053 = VECTOR('',#1054,1.);
#1054 = DIRECTION('',(0.436737203492,0.436737152366,-0.786461235427));
#1055 = PLANE('',#1056);
#1056 = AXIS2_PLACEMENT_3D('',#1057,#1058,#1059);
#1057 = CARTESIAN_POINT('',(1.722735789218,9.661659441926,1.014714323677
    ));
#1058 = DIRECTION('',(-0.582998059218,-0.528396808313,-0.617179127898));
#1059 = DIRECTION('',(-0.726950436349,-2.775557561563E-17,0.686689932278
    ));
#1060 = ADVANCED_FACE('',(#1061),#1078,.T.);
#1061 = FACE_BOUND('',#1062,.T.);
#1062 = EDGE_LOOP('',(#1063,#1064,#1072));
#1063 = ORIENTED_EDGE('',*,*,#1050,.F.);
#1064 = ORIENTED_EDGE('',*,*,#1065,.F.);
#1065 = EDGE_CURVE('',#1066,#1043,#1068,.T.);
#1066 = VERTEX_POINT('',#1067);
#1067 = CARTESIAN_POINT('',(2.052169322968,10.316952705383,
    0.119073286653));
#1068 = LINE('',#1069,#1070);
#1069 = CARTESIAN_POINT('',(2.052169322968,10.316952705383,
    0.119073286653));
#1070 = VECTOR('',#1071,1.);
#1071 = DIRECTION('',(-0.375056651261,-0.491878382454,0.785740520286));
#1072 = ORIENTED_EDGE('',*,*,#1073,.F.);
#1073 = EDGE_CURVE('',#1020,#1066,#1074,.T.);
#1074 = LINE('',#1075,#1076);
#1075 = CARTESIAN_POINT('',(2.220406532288,10.220406532288,
    6.623562425375E-02));
#1076 = VECTOR('',#1077,1.);
#1077 = DIRECTION('',(-0.836838036275,0.480235675745,0.262822747845));
#1078 = PLANE('',#1079);
#1079 = AXIS2_PLACEMENT_3D('',#1080,#1081,#1082);
#1080 = CARTESIAN_POINT('',(1.689322083783,9.757392887977,0.958293534045
    ));
#1081 = DIRECTION('',(-0.528398866163,-0.582996125105,-0.617179193063));
#1082 = DIRECTION('',(-2.775557561563E-17,-0.726951609754,0.686688690075
    ));
#1083 = ADVANCED_FACE('',(#1084),#1110,.T.);
#1084 = FACE_BOUND('',#1085,.T.);
#1085 = EDGE_LOOP('',(#1086,#1096,#1104));
#1086 = ORIENTED_EDGE('',*,*,#1087,.F.);
#1087 = EDGE_CURVE('',#1088,#1090,#1092,.T.);
#1088 = VERTEX_POINT('',#1089);
#1089 = CARTESIAN_POINT('',(-1.202081561089,9.202081680298,
    1.899999976158));
#1090 = VERTEX_POINT('',#1091);
#1091 = CARTESIAN_POINT('',(-1.078468561172,9.314117431641,
    1.899999976158));
#1092 = LINE('',#1093,#1094);
#1093 = CARTESIAN_POINT('',(-1.202081561089,9.202081680298,
    1.899999976158));
#1094 = VECTOR('',#1095,1.);
#1095 = DIRECTION('',(0.74095273951,0.671557173897,0.));
#1096 = ORIENTED_EDGE('',*,*,#1097,.T.);
#1097 = EDGE_CURVE('',#1088,#1098,#1100,.T.);
#1098 = VERTEX_POINT('',#1099);
#1099 = CARTESIAN_POINT('',(-2.052169322968,10.316952705383,
    0.119073286653));
#1100 = LINE('',#1101,#1102);
#1101 = CARTESIAN_POINT('',(-1.202081561089,9.202081680298,
    1.899999976158));
#1102 = VECTOR('',#1103,1.);
#1103 = DIRECTION('',(-0.375056651261,0.491878382454,-0.785740520286));
#1104 = ORIENTED_EDGE('',*,*,#1105,.T.);
#1105 = EDGE_CURVE('',#1098,#1090,#1106,.T.);
#1106 = LINE('',#1107,#1108);
#1107 = CARTESIAN_POINT('',(-2.052169322968,10.316952705383,
    0.119073286653));
#1108 = VECTOR('',#1109,1.);
#1109 = DIRECTION('',(0.430089255023,-0.442958137364,0.786645613512));
#1110 = PLANE('',#1111);
#1111 = AXIS2_PLACEMENT_3D('',#1112,#1113,#1114);
#1112 = CARTESIAN_POINT('',(-1.580046015088,9.76870756491,1.041162162225
    ));
#1113 = DIRECTION('',(0.528396305539,-0.582998299109,-0.617179331742));
#1114 = DIRECTION('',(-2.775557561563E-17,-0.726950408517,0.686689961742
    ));
#1115 = ADVANCED_FACE('',(#1116),#1133,.T.);
#1116 = FACE_BOUND('',#1117,.T.);
#1117 = EDGE_LOOP('',(#1118,#1119,#1127));
#1118 = ORIENTED_EDGE('',*,*,#1097,.F.);
#1119 = ORIENTED_EDGE('',*,*,#1120,.F.);
#1120 = EDGE_CURVE('',#1121,#1088,#1123,.T.);
#1121 = VERTEX_POINT('',#1122);
#1122 = CARTESIAN_POINT('',(-2.220406532288,10.220406532288,
    6.623562425375E-02));
#1123 = LINE('',#1124,#1125);
#1124 = CARTESIAN_POINT('',(-2.220406532288,10.220406532288,
    6.623562425375E-02));
#1125 = VECTOR('',#1126,1.);
#1126 = DIRECTION('',(0.436737203492,-0.436737152366,0.786461235427));
#1127 = ORIENTED_EDGE('',*,*,#1128,.F.);
#1128 = EDGE_CURVE('',#1098,#1121,#1129,.T.);
#1129 = LINE('',#1130,#1131);
#1130 = CARTESIAN_POINT('',(-2.052169322968,10.316952705383,
    0.119073286653));
#1131 = VECTOR('',#1132,1.);
#1132 = DIRECTION('',(-0.836838036275,-0.480235675745,-0.262822747845));
#1133 = PLANE('',#1134);
#1134 = AXIS2_PLACEMENT_3D('',#1135,#1136,#1137);
#1135 = CARTESIAN_POINT('',(-1.689322083783,9.757392887977,
    0.958293534045));
#1136 = DIRECTION('',(0.528398866163,-0.582996125105,-0.617179193063));
#1137 = DIRECTION('',(0.,-0.726951609754,0.686688690075));
#1138 = ADVANCED_FACE('',(#1139),#1163,.T.);
#1139 = FACE_BOUND('',#1140,.T.);
#1140 = EDGE_LOOP('',(#1141,#1149,#1157));
#1141 = ORIENTED_EDGE('',*,*,#1142,.F.);
#1142 = EDGE_CURVE('',#1143,#1088,#1145,.T.);
#1143 = VERTEX_POINT('',#1144);
#1144 = CARTESIAN_POINT('',(-1.314117789268,9.078468322754,
    1.899999976158));
#1145 = LINE('',#1146,#1147);
#1146 = CARTESIAN_POINT('',(-1.314117789268,9.078468322754,
    1.899999976158));
#1147 = VECTOR('',#1148,1.);
#1148 = DIRECTION('',(0.671557676419,0.740952284053,0.));
#1149 = ORIENTED_EDGE('',*,*,#1150,.T.);
#1150 = EDGE_CURVE('',#1143,#1151,#1153,.T.);
#1151 = VERTEX_POINT('',#1152);
#1152 = CARTESIAN_POINT('',(-2.391087770462,10.109453201294,0.));
#1153 = LINE('',#1154,#1155);
#1154 = CARTESIAN_POINT('',(-1.314117789268,9.078468322754,
    1.899999976158));
#1155 = VECTOR('',#1156,1.);
#1156 = DIRECTION('',(-0.445928547937,0.426888026464,-0.786711092458));
#1157 = ORIENTED_EDGE('',*,*,#1158,.T.);
#1158 = EDGE_CURVE('',#1151,#1088,#1159,.T.);
#1159 = LINE('',#1160,#1161);
#1160 = CARTESIAN_POINT('',(-2.391087770462,10.109453201294,0.));
#1161 = VECTOR('',#1162,1.);
#1162 = DIRECTION('',(0.491717193026,-0.375246297133,0.785750862914));
#1163 = PLANE('',#1164);
#1164 = AXIS2_PLACEMENT_3D('',#1165,#1166,#1167);
#1165 = CARTESIAN_POINT('',(-1.805675571118,9.608713561761,
    0.981697651061));
#1166 = DIRECTION('',(0.582998021377,-0.528396774016,-0.617179193007));
#1167 = DIRECTION('',(-0.726950494761,0.,-0.686689870441));
#1168 = ADVANCED_FACE('',(#1169),#1186,.T.);
#1169 = FACE_BOUND('',#1170,.T.);
#1170 = EDGE_LOOP('',(#1171,#1172,#1180));
#1171 = ORIENTED_EDGE('',*,*,#1150,.F.);
#1172 = ORIENTED_EDGE('',*,*,#1173,.F.);
#1173 = EDGE_CURVE('',#1174,#1143,#1176,.T.);
#1174 = VERTEX_POINT('',#1175);
#1175 = CARTESIAN_POINT('',(-2.467562675476,10.025075912476,0.));
#1176 = LINE('',#1177,#1178);
#1177 = CARTESIAN_POINT('',(-2.467562675476,10.025075912476,0.));
#1178 = VECTOR('',#1179,1.);
#1179 = DIRECTION('',(0.477441941926,-0.391826407385,0.786461225087));
#1180 = ORIENTED_EDGE('',*,*,#1181,.F.);
#1181 = EDGE_CURVE('',#1151,#1174,#1182,.T.);
#1182 = LINE('',#1183,#1184);
#1183 = CARTESIAN_POINT('',(-2.391087770462,10.109453201294,0.));
#1184 = VECTOR('',#1185,1.);
#1185 = DIRECTION('',(-0.67155793357,-0.740952050985,0.));
#1186 = PLANE('',#1187);
#1187 = AXIS2_PLACEMENT_3D('',#1188,#1189,#1190);
#1188 = CARTESIAN_POINT('',(-1.884565666108,9.584248782529,
    0.928122204445));
#1189 = DIRECTION('',(0.582997835892,-0.528396974442,-0.617179196625));
#1190 = DIRECTION('',(-0.726950605831,0.,-0.686689752859));
#1191 = ADVANCED_FACE('',(#1192),#1218,.T.);
#1192 = FACE_BOUND('',#1193,.T.);
#1193 = EDGE_LOOP('',(#1194,#1204,#1212));
#1194 = ORIENTED_EDGE('',*,*,#1195,.T.);
#1195 = EDGE_CURVE('',#1196,#1198,#1200,.T.);
#1196 = VERTEX_POINT('',#1197);
#1197 = CARTESIAN_POINT('',(-3.054693937302,8.926630973816,0.));
#1198 = VERTEX_POINT('',#1199);
#1199 = CARTESIAN_POINT('',(-1.626798629761,8.493483543396,
    1.899999976158));
#1200 = LINE('',#1201,#1202);
#1201 = CARTESIAN_POINT('',(-3.054693937302,8.926630973816,0.));
#1202 = VECTOR('',#1203,1.);
#1203 = DIRECTION('',(0.59104433809,-0.179291391292,0.786461179856));
#1204 = ORIENTED_EDGE('',*,*,#1205,.T.);
#1205 = EDGE_CURVE('',#1198,#1206,#1208,.T.);
#1206 = VERTEX_POINT('',#1207);
#1207 = CARTESIAN_POINT('',(-3.130810499191,8.622756958008,0.));
#1208 = LINE('',#1209,#1210);
#1209 = CARTESIAN_POINT('',(-1.626798629761,8.493483543396,
    1.899999976158));
#1210 = VECTOR('',#1211,1.);
#1211 = DIRECTION('',(-0.619782368377,5.327177577832E-02,-0.782963558382
    ));
#1212 = ORIENTED_EDGE('',*,*,#1213,.F.);
#1213 = EDGE_CURVE('',#1196,#1206,#1214,.T.);
#1214 = LINE('',#1215,#1216);
#1215 = CARTESIAN_POINT('',(-3.054693937302,8.926630973816,0.));
#1216 = VECTOR('',#1217,1.);
#1217 = DIRECTION('',(-0.242980430382,-0.970031190453,0.));
#1218 = PLANE('',#1219);
#1219 = AXIS2_PLACEMENT_3D('',#1220,#1221,#1222);
#1220 = CARTESIAN_POINT('',(-2.404350100391,8.642472752181,
    0.892279058471));
#1221 = DIRECTION('',(0.763242457251,-0.191182492454,-0.617179233309));
#1222 = DIRECTION('',(0.628777339933,1.387778780781E-17,0.777585401604)
  );
#1223 = ADVANCED_FACE('',(#1224),#1241,.T.);
#1224 = FACE_BOUND('',#1225,.T.);
#1225 = EDGE_LOOP('',(#1226,#1234,#1240));
#1226 = ORIENTED_EDGE('',*,*,#1227,.F.);
#1227 = EDGE_CURVE('',#1228,#1198,#1230,.T.);
#1228 = VERTEX_POINT('',#1229);
#1229 = CARTESIAN_POINT('',(-1.667335033417,8.331653594971,
    1.899999976158));
#1230 = LINE('',#1231,#1232);
#1231 = CARTESIAN_POINT('',(-1.667335033417,8.331653594971,
    1.899999976158));
#1232 = VECTOR('',#1233,1.);
#1233 = DIRECTION('',(0.242980810523,0.970031095232,0.));
#1234 = ORIENTED_EDGE('',*,*,#1235,.F.);
#1235 = EDGE_CURVE('',#1206,#1228,#1236,.T.);
#1236 = LINE('',#1237,#1238);
#1237 = CARTESIAN_POINT('',(-3.130810499191,8.622756958008,0.));
#1238 = VECTOR('',#1239,1.);
#1239 = DIRECTION('',(0.605771929314,-0.120495525877,0.786461186518));
#1240 = ORIENTED_EDGE('',*,*,#1205,.F.);
#1241 = PLANE('',#1242);
#1242 = AXIS2_PLACEMENT_3D('',#1243,#1244,#1245);
#1243 = CARTESIAN_POINT('',(-2.364209999708,8.514249933656,
    0.981638190145));
#1244 = DIRECTION('',(0.76324240068,-0.191182796154,-0.617179209192));
#1245 = DIRECTION('',(0.628777353255,1.387778780781E-17,0.777585390831)
  );
#1246 = ADVANCED_FACE('',(#1247),#1264,.T.);
#1247 = FACE_BOUND('',#1248,.T.);
#1248 = EDGE_LOOP('',(#1249,#1257,#1258));
#1249 = ORIENTED_EDGE('',*,*,#1250,.F.);
#1250 = EDGE_CURVE('',#1198,#1251,#1253,.T.);
#1251 = VERTEX_POINT('',#1252);
#1252 = CARTESIAN_POINT('',(-1.570595264435,8.650562286377,
    1.899999976158));
#1253 = LINE('',#1254,#1255);
#1254 = CARTESIAN_POINT('',(-1.626798629761,8.493483543396,
    1.899999976158));
#1255 = VECTOR('',#1256,1.);
#1256 = DIRECTION('',(0.336888218818,0.941544650042,0.));
#1257 = ORIENTED_EDGE('',*,*,#1195,.F.);
#1258 = ORIENTED_EDGE('',*,*,#1259,.F.);
#1259 = EDGE_CURVE('',#1251,#1196,#1260,.T.);
#1260 = LINE('',#1261,#1262);
#1261 = CARTESIAN_POINT('',(-1.570595264435,8.650562286377,
    1.899999976158));
#1262 = VECTOR('',#1263,1.);
#1263 = DIRECTION('',(-0.611576444519,0.113764070674,-0.782963593492));
#1264 = PLANE('',#1265);
#1265 = AXIS2_PLACEMENT_3D('',#1266,#1267,#1268);
#1266 = CARTESIAN_POINT('',(-2.302420191434,8.743506680548,
    0.981638420119));
#1267 = DIRECTION('',(0.740828580941,-0.265071253999,-0.617179264042));
#1268 = DIRECTION('',(0.640075516238,2.775557561563E-17,0.768312002713)
  );
#1269 = ADVANCED_FACE('',(#1270),#1287,.T.);
#1270 = FACE_BOUND('',#1271,.T.);
#1271 = EDGE_LOOP('',(#1272,#1280,#1281));
#1272 = ORIENTED_EDGE('',*,*,#1273,.T.);
#1273 = EDGE_CURVE('',#1274,#1251,#1276,.T.);
#1274 = VERTEX_POINT('',#1275);
#1275 = CARTESIAN_POINT('',(-2.949158906937,9.221581459045,0.));
#1276 = LINE('',#1277,#1278);
#1277 = CARTESIAN_POINT('',(-2.949158906937,9.221581459045,0.));
#1278 = VECTOR('',#1279,1.);
#1279 = DIRECTION('',(0.570624686308,-0.236360242091,0.78646125355));
#1280 = ORIENTED_EDGE('',*,*,#1259,.T.);
#1281 = ORIENTED_EDGE('',*,*,#1282,.F.);
#1282 = EDGE_CURVE('',#1274,#1196,#1283,.T.);
#1283 = LINE('',#1284,#1285);
#1284 = CARTESIAN_POINT('',(-2.949158906937,9.221581459045,0.));
#1285 = VECTOR('',#1286,1.);
#1286 = DIRECTION('',(-0.336890021051,-0.941544005194,0.));
#1287 = PLANE('',#1288);
#1288 = AXIS2_PLACEMENT_3D('',#1289,#1290,#1291);
#1289 = CARTESIAN_POINT('',(-2.329799166641,8.875046947007,
    0.892278976576));
#1290 = DIRECTION('',(0.74082816056,-0.265072703166,-0.617179146244));
#1291 = DIRECTION('',(0.640075658525,0.,0.768311884175));
#1292 = ADVANCED_FACE('',(#1293),#1310,.T.);
#1293 = FACE_BOUND('',#1294,.T.);
#1294 = EDGE_LOOP('',(#1295,#1303,#1304));
#1295 = ORIENTED_EDGE('',*,*,#1296,.F.);
#1296 = EDGE_CURVE('',#1251,#1297,#1299,.T.);
#1297 = VERTEX_POINT('',#1298);
#1298 = CARTESIAN_POINT('',(-1.499266147614,8.801374435425,
    1.899999976158));
#1299 = LINE('',#1300,#1301);
#1300 = CARTESIAN_POINT('',(-1.570595264435,8.650562286377,
    1.899999976158));
#1301 = VECTOR('',#1302,1.);
#1302 = DIRECTION('',(0.427556477446,0.903988638532,0.));
#1303 = ORIENTED_EDGE('',*,*,#1273,.F.);
#1304 = ORIENTED_EDGE('',*,*,#1305,.F.);
#1305 = EDGE_CURVE('',#1297,#1274,#1306,.T.);
#1306 = LINE('',#1307,#1308);
#1307 = CARTESIAN_POINT('',(-1.499266147614,8.801374435425,
    1.899999976158));
#1308 = VECTOR('',#1309,1.);
#1309 = DIRECTION('',(-0.597480654387,0.173161474072,-0.782963582506));
#1310 = PLANE('',#1311);
#1311 = AXIS2_PLACEMENT_3D('',#1312,#1313,#1314);
#1312 = CARTESIAN_POINT('',(-2.218457097733,8.965603341774,
    0.981638200147));
#1313 = DIRECTION('',(0.711278779375,-0.336411141058,-0.617179100572));
#1314 = DIRECTION('',(0.655377646484,0.,0.755301357399));
#1315 = ADVANCED_FACE('',(#1316),#1333,.T.);
#1316 = FACE_BOUND('',#1317,.T.);
#1317 = EDGE_LOOP('',(#1318,#1326,#1327));
#1318 = ORIENTED_EDGE('',*,*,#1319,.T.);
#1319 = EDGE_CURVE('',#1320,#1297,#1322,.T.);
#1320 = VERTEX_POINT('',#1321);
#1321 = CARTESIAN_POINT('',(-2.815222024918,9.504767417908,0.));
#1322 = LINE('',#1323,#1324);
#1323 = CARTESIAN_POINT('',(-2.815222024918,9.504767417908,0.));
#1324 = VECTOR('',#1325,1.);
#1325 = DIRECTION('',(0.544709598905,-0.291153309901,0.786461189757));
#1326 = ORIENTED_EDGE('',*,*,#1305,.T.);
#1327 = ORIENTED_EDGE('',*,*,#1328,.F.);
#1328 = EDGE_CURVE('',#1320,#1274,#1329,.T.);
#1329 = LINE('',#1330,#1331);
#1330 = CARTESIAN_POINT('',(-2.815222024918,9.504767417908,0.));
#1331 = VECTOR('',#1332,1.);
#1332 = DIRECTION('',(-0.427554828521,-0.903989418416,0.));
#1333 = PLANE('',#1334);
#1334 = AXIS2_PLACEMENT_3D('',#1335,#1336,#1337);
#1335 = CARTESIAN_POINT('',(-2.232810904198,9.099193433515,0.89227899454
    ));
#1336 = DIRECTION('',(0.711279313407,-0.336409805998,-0.617179212829));
#1337 = DIRECTION('',(0.655377433777,0.,0.755301541966));
#1338 = ADVANCED_FACE('',(#1339),#1356,.T.);
#1339 = FACE_BOUND('',#1340,.T.);
#1340 = EDGE_LOOP('',(#1341,#1349,#1350));
#1341 = ORIENTED_EDGE('',*,*,#1342,.F.);
#1342 = EDGE_CURVE('',#1297,#1343,#1345,.T.);
#1343 = VERTEX_POINT('',#1344);
#1344 = CARTESIAN_POINT('',(-1.413498282433,8.944469451904,
    1.899999976158));
#1345 = LINE('',#1346,#1347);
#1346 = CARTESIAN_POINT('',(-1.499266147614,8.801374435425,
    1.899999976158));
#1347 = VECTOR('',#1348,1.);
#1348 = DIRECTION('',(0.514102801426,0.857728575696,0.));
#1349 = ORIENTED_EDGE('',*,*,#1319,.F.);
#1350 = ORIENTED_EDGE('',*,*,#1351,.F.);
#1351 = EDGE_CURVE('',#1343,#1320,#1352,.T.);
#1352 = LINE('',#1353,#1354);
#1353 = CARTESIAN_POINT('',(-1.413498282433,8.944469451904,
    1.899999976158));
#1354 = VECTOR('',#1355,1.);
#1355 = DIRECTION('',(-0.577630857093,0.230890998362,-0.782963562249));
#1356 = PLANE('',#1357);
#1357 = AXIS2_PLACEMENT_3D('',#1358,#1359,#1360);
#1358 = CARTESIAN_POINT('',(-2.113128882435,9.178400426473,0.9816382882)
  );
#1359 = DIRECTION('',(0.674880234868,-0.404507706988,-0.617179215116));
#1360 = DIRECTION('',(0.674856065972,2.775557561563E-17,0.737949381882)
  );
#1361 = ADVANCED_FACE('',(#1362),#1379,.T.);
#1362 = FACE_BOUND('',#1363,.T.);
#1363 = EDGE_LOOP('',(#1364,#1372,#1373));
#1364 = ORIENTED_EDGE('',*,*,#1365,.T.);
#1365 = EDGE_CURVE('',#1366,#1343,#1368,.T.);
#1366 = VERTEX_POINT('',#1367);
#1367 = CARTESIAN_POINT('',(-2.654172897339,9.773461341858,0.));
#1368 = LINE('',#1369,#1370);
#1369 = CARTESIAN_POINT('',(-2.654172897339,9.773461341858,0.));
#1370 = VECTOR('',#1371,1.);
#1371 = DIRECTION('',(0.513548678005,-0.343142097088,0.78646122379));
#1372 = ORIENTED_EDGE('',*,*,#1351,.T.);
#1373 = ORIENTED_EDGE('',*,*,#1374,.F.);
#1374 = EDGE_CURVE('',#1366,#1320,#1375,.T.);
#1375 = LINE('',#1376,#1377);
#1376 = CARTESIAN_POINT('',(-2.654172897339,9.773461341858,0.));
#1377 = VECTOR('',#1378,1.);
#1378 = DIRECTION('',(-0.514103184168,-0.857728346289,0.));
#1379 = PLANE('',#1380);
#1380 = AXIS2_PLACEMENT_3D('',#1381,#1382,#1383);
#1381 = CARTESIAN_POINT('',(-2.114319456656,9.312754239501,
    0.892279029816));
#1382 = DIRECTION('',(0.674880072842,-0.404508019212,-0.617179187655));
#1383 = DIRECTION('',(0.674856137851,0.,0.737949316149));
#1384 = ADVANCED_FACE('',(#1385),#1400,.T.);
#1385 = FACE_BOUND('',#1386,.T.);
#1386 = EDGE_LOOP('',(#1387,#1393,#1394));
#1387 = ORIENTED_EDGE('',*,*,#1388,.F.);
#1388 = EDGE_CURVE('',#1343,#1143,#1389,.T.);
#1389 = LINE('',#1390,#1391);
#1390 = CARTESIAN_POINT('',(-1.413498282433,8.944469451904,
    1.899999976158));
#1391 = VECTOR('',#1392,1.);
#1392 = DIRECTION('',(0.595699913164,0.803207080059,0.));
#1393 = ORIENTED_EDGE('',*,*,#1365,.F.);
#1394 = ORIENTED_EDGE('',*,*,#1395,.T.);
#1395 = EDGE_CURVE('',#1366,#1143,#1396,.T.);
#1396 = LINE('',#1397,#1398);
#1397 = CARTESIAN_POINT('',(-2.654172897339,9.773461341858,0.));
#1398 = VECTOR('',#1399,1.);
#1399 = DIRECTION('',(0.552218083365,-0.286396962819,0.78296358031));
#1400 = PLANE('',#1401);
#1401 = AXIS2_PLACEMENT_3D('',#1402,#1403,#1404);
#1402 = CARTESIAN_POINT('',(-1.987450171999,9.379848816541,
    0.981638217441));
#1403 = DIRECTION('',(0.631981526875,-0.468710186983,-0.617179155761));
#1404 = DIRECTION('',(0.698678617241,0.,0.71543566434));
#1405 = ADVANCED_FACE('',(#1406),#1416,.T.);
#1406 = FACE_BOUND('',#1407,.T.);
#1407 = EDGE_LOOP('',(#1408,#1409,#1410));
#1408 = ORIENTED_EDGE('',*,*,#1173,.T.);
#1409 = ORIENTED_EDGE('',*,*,#1395,.F.);
#1410 = ORIENTED_EDGE('',*,*,#1411,.F.);
#1411 = EDGE_CURVE('',#1174,#1366,#1412,.T.);
#1412 = LINE('',#1413,#1414);
#1413 = CARTESIAN_POINT('',(-2.467562675476,10.025075912476,0.));
#1414 = VECTOR('',#1415,1.);
#1415 = DIRECTION('',(-0.595699588929,-0.803207320528,0.));
#1416 = PLANE('',#1417);
#1417 = AXIS2_PLACEMENT_3D('',#1418,#1419,#1420);
#1418 = CARTESIAN_POINT('',(-1.97546602734,9.513672270888,0.892279023402
    ));
#1419 = DIRECTION('',(0.63198170043,-0.46870992026,-0.617179180604));
#1420 = DIRECTION('',(0.698678533427,0.,0.715435746191));
#1421 = ADVANCED_FACE('',(#1422),#1432,.T.);
#1422 = FACE_BOUND('',#1423,.T.);
#1423 = EDGE_LOOP('',(#1424,#1425,#1426));
#1424 = ORIENTED_EDGE('',*,*,#1120,.T.);
#1425 = ORIENTED_EDGE('',*,*,#1158,.F.);
#1426 = ORIENTED_EDGE('',*,*,#1427,.F.);
#1427 = EDGE_CURVE('',#1121,#1151,#1428,.T.);
#1428 = LINE('',#1429,#1430);
#1429 = CARTESIAN_POINT('',(-2.220406532288,10.220406532288,
    6.623562425375E-02));
#1430 = VECTOR('',#1431,1.);
#1431 = DIRECTION('',(-0.797280978167,-0.518281805379,-0.30939782169));
#1432 = PLANE('',#1433);
#1433 = AXIS2_PLACEMENT_3D('',#1434,#1435,#1436);
#1434 = CARTESIAN_POINT('',(-1.778456530913,9.703785777758,
    0.926013247746));
#1435 = DIRECTION('',(0.582997372305,-0.52839753828,-0.617179151807));
#1436 = DIRECTION('',(-0.726950853517,0.,-0.686689490651));
#1437 = ADVANCED_FACE('',(#1438),#1464,.T.);
#1438 = FACE_BOUND('',#1439,.T.);
#1439 = EDGE_LOOP('',(#1440,#1450,#1458));
#1440 = ORIENTED_EDGE('',*,*,#1441,.F.);
#1441 = EDGE_CURVE('',#1442,#1444,#1446,.T.);
#1442 = VERTEX_POINT('',#1443);
#1443 = CARTESIAN_POINT('',(-4.20951795578,10.16267490387,0.600000023842
    ));
#1444 = VERTEX_POINT('',#1445);
#1445 = CARTESIAN_POINT('',(-3.979907751083,9.608346939087,0.));
#1446 = LINE('',#1447,#1448);
#1447 = CARTESIAN_POINT('',(-4.20951795578,10.16267490387,0.600000023842
    ));
#1448 = VECTOR('',#1449,1.);
#1449 = DIRECTION('',(0.270598152272,-0.653281604889,-0.707106628947));
#1450 = ORIENTED_EDGE('',*,*,#1451,.T.);
#1451 = EDGE_CURVE('',#1442,#1452,#1454,.T.);
#1452 = VERTEX_POINT('',#1453);
#1453 = CARTESIAN_POINT('',(-3.193131446838,10.526343345642,
    0.600000023842));
#1454 = LINE('',#1455,#1456);
#1455 = CARTESIAN_POINT('',(-4.20951795578,10.16267490387,0.600000023842
    ));
#1456 = VECTOR('',#1457,1.);
#1457 = DIRECTION('',(0.941544202169,0.336889470541,0.));
#1458 = ORIENTED_EDGE('',*,*,#1459,.T.);
#1459 = EDGE_CURVE('',#1452,#1444,#1460,.T.);
#1460 = LINE('',#1461,#1462);
#1461 = CARTESIAN_POINT('',(-3.193131446838,10.526343345642,
    0.600000023842));
#1462 = VECTOR('',#1463,1.);
#1463 = DIRECTION('',(-0.582919714956,-0.680140213619,-0.444537845108));
#1464 = PLANE('',#1465);
#1465 = AXIS2_PLACEMENT_3D('',#1466,#1467,#1468);
#1466 = CARTESIAN_POINT('',(-3.755888826849,10.111553721751,
    0.398802024193));
#1467 = DIRECTION('',(-0.238360295124,0.666173251248,-0.706680669772));
#1468 = DIRECTION('',(-1.387778780781E-17,-0.727653988904,
    -0.685944365406));
#1469 = ADVANCED_FACE('',(#1470),#1487,.T.);
#1470 = FACE_BOUND('',#1471,.T.);
#1471 = EDGE_LOOP('',(#1472,#1480,#1481));
#1472 = ORIENTED_EDGE('',*,*,#1473,.F.);
#1473 = EDGE_CURVE('',#1444,#1474,#1476,.T.);
#1474 = VERTEX_POINT('',#1475);
#1475 = CARTESIAN_POINT('',(-3.01896071434,9.952179908752,0.));
#1476 = LINE('',#1477,#1478);
#1477 = CARTESIAN_POINT('',(-3.979907751083,9.608346939087,0.));
#1478 = VECTOR('',#1479,1.);
#1479 = DIRECTION('',(0.941543871858,0.336890393698,0.));
#1480 = ORIENTED_EDGE('',*,*,#1459,.F.);
#1481 = ORIENTED_EDGE('',*,*,#1482,.T.);
#1482 = EDGE_CURVE('',#1452,#1474,#1483,.T.);
#1483 = LINE('',#1484,#1485);
#1484 = CARTESIAN_POINT('',(-3.193131446838,10.526343345642,
    0.600000023842));
#1485 = VECTOR('',#1486,1.);
#1486 = DIRECTION('',(0.205262301458,-0.676658510754,-0.707107238985));
#1487 = PLANE('',#1488);
#1488 = AXIS2_PLACEMENT_3D('',#1489,#1490,#1491);
#1489 = CARTESIAN_POINT('',(-3.432248734422,10.021638795136,
    0.204878405831));
#1490 = DIRECTION('',(-0.23836115279,0.666173589086,-0.706680062011));
#1491 = DIRECTION('',(1.387778780781E-17,-0.727653520823,-0.685944861948
    ));
#1492 = ADVANCED_FACE('',(#1493),#1508,.T.);
#1493 = FACE_BOUND('',#1494,.T.);
#1494 = EDGE_LOOP('',(#1495,#1501,#1502));
#1495 = ORIENTED_EDGE('',*,*,#1496,.T.);
#1496 = EDGE_CURVE('',#1151,#1474,#1497,.T.);
#1497 = LINE('',#1498,#1499);
#1498 = CARTESIAN_POINT('',(-2.391087770462,10.109453201294,0.));
#1499 = VECTOR('',#1500,1.);
#1500 = DIRECTION('',(-0.970031505383,-0.242979173108,0.));
#1501 = ORIENTED_EDGE('',*,*,#1482,.F.);
#1502 = ORIENTED_EDGE('',*,*,#1503,.T.);
#1503 = EDGE_CURVE('',#1452,#1151,#1504,.T.);
#1504 = LINE('',#1505,#1506);
#1505 = CARTESIAN_POINT('',(-3.193131446838,10.526343345642,
    0.600000023842));
#1506 = VECTOR('',#1507,1.);
#1507 = DIRECTION('',(0.739258966027,-0.384255603697,-0.553031474851));
#1508 = PLANE('',#1509);
#1509 = AXIS2_PLACEMENT_3D('',#1510,#1511,#1512);
#1510 = CARTESIAN_POINT('',(-2.873488196983,10.220040231975,
    0.224757195378));
#1511 = DIRECTION('',(-0.171915846416,0.686329553124,-0.706680045183));
#1512 = DIRECTION('',(0.,-0.717360365099,-0.696702308439));
#1513 = ADVANCED_FACE('',(#1514),#1524,.T.);
#1514 = FACE_BOUND('',#1515,.T.);
#1515 = EDGE_LOOP('',(#1516,#1517,#1523));
#1516 = ORIENTED_EDGE('',*,*,#1503,.F.);
#1517 = ORIENTED_EDGE('',*,*,#1518,.T.);
#1518 = EDGE_CURVE('',#1452,#1121,#1519,.T.);
#1519 = LINE('',#1520,#1521);
#1520 = CARTESIAN_POINT('',(-3.193131446838,10.526343345642,
    0.600000023842));
#1521 = VECTOR('',#1522,1.);
#1522 = DIRECTION('',(0.845146514402,-0.265811461767,-0.463758165413));
#1523 = ORIENTED_EDGE('',*,*,#1427,.T.);
#1524 = PLANE('',#1525);
#1525 = AXIS2_PLACEMENT_3D('',#1526,#1527,#1528);
#1526 = CARTESIAN_POINT('',(-2.709519283668,10.330593876666,
    0.292237921351));
#1527 = DIRECTION('',(-0.171916926868,0.686328528448,-0.706680777505));
#1528 = DIRECTION('',(1.387778780781E-17,-0.717361245795,-0.696701401629
    ));
#1529 = ADVANCED_FACE('',(#1530),#1547,.T.);
#1530 = FACE_BOUND('',#1531,.T.);
#1531 = EDGE_LOOP('',(#1532,#1533,#1541));
#1532 = ORIENTED_EDGE('',*,*,#1518,.F.);
#1533 = ORIENTED_EDGE('',*,*,#1534,.T.);
#1534 = EDGE_CURVE('',#1452,#1535,#1537,.T.);
#1535 = VERTEX_POINT('',#1536);
#1536 = CARTESIAN_POINT('',(-2.145993471146,10.788638114929,
    0.600000023842));
#1537 = LINE('',#1538,#1539);
#1538 = CARTESIAN_POINT('',(-3.193131446838,10.526343345642,
    0.600000023842));
#1539 = VECTOR('',#1540,1.);
#1540 = DIRECTION('',(0.970031174405,0.242980494451,0.));
#1541 = ORIENTED_EDGE('',*,*,#1542,.T.);
#1542 = EDGE_CURVE('',#1535,#1121,#1543,.T.);
#1543 = LINE('',#1544,#1545);
#1544 = CARTESIAN_POINT('',(-2.145993471146,10.788638114929,
    0.600000023842));
#1545 = VECTOR('',#1546,1.);
#1546 = DIRECTION('',(-9.501725217823E-02,-0.725568908938,
    -0.681558126774));
#1547 = PLANE('',#1548);
#1548 = AXIS2_PLACEMENT_3D('',#1549,#1550,#1551);
#1549 = CARTESIAN_POINT('',(-2.557379789096,10.50922868737,
    0.428716691751));
#1550 = DIRECTION('',(-0.171916669521,0.686328872661,-0.70668050581));
#1551 = DIRECTION('',(1.387778780781E-17,-0.71736093729,-0.696701719282)
  );
#1552 = ADVANCED_FACE('',(#1553),#1563,.T.);
#1553 = FACE_BOUND('',#1554,.T.);
#1554 = EDGE_LOOP('',(#1555,#1556,#1562));
#1555 = ORIENTED_EDGE('',*,*,#1542,.F.);
#1556 = ORIENTED_EDGE('',*,*,#1557,.T.);
#1557 = EDGE_CURVE('',#1535,#1098,#1558,.T.);
#1558 = LINE('',#1559,#1560);
#1559 = CARTESIAN_POINT('',(-2.145993471146,10.788638114929,
    0.600000023842));
#1560 = VECTOR('',#1561,1.);
#1561 = DIRECTION('',(0.13794974813,-0.693519575793,-0.707107109979));
#1562 = ORIENTED_EDGE('',*,*,#1128,.T.);
#1563 = PLANE('',#1564);
#1564 = AXIS2_PLACEMENT_3D('',#1565,#1566,#1567);
#1565 = CARTESIAN_POINT('',(-2.143157953915,10.495761109878,
    0.314867640828));
#1566 = DIRECTION('',(-0.171918507369,0.686328778896,-0.706680149773));
#1567 = DIRECTION('',(1.387778780781E-17,-0.71736080943,-0.696701850933)
  );
#1568 = ADVANCED_FACE('',(#1569),#1586,.T.);
#1569 = FACE_BOUND('',#1570,.T.);
#1570 = EDGE_LOOP('',(#1571,#1572,#1580));
#1571 = ORIENTED_EDGE('',*,*,#1557,.F.);
#1572 = ORIENTED_EDGE('',*,*,#1573,.T.);
#1573 = EDGE_CURVE('',#1535,#1574,#1576,.T.);
#1574 = VERTEX_POINT('',#1575);
#1575 = CARTESIAN_POINT('',(-1.946449279785,10.371755599976,
    0.157817572355));
#1576 = LINE('',#1577,#1578);
#1577 = CARTESIAN_POINT('',(-2.145993471146,10.788638114929,
    0.600000023842));
#1578 = VECTOR('',#1579,1.);
#1579 = DIRECTION('',(0.311965220271,-0.6517495935,-0.691303239334));
#1580 = ORIENTED_EDGE('',*,*,#1581,.T.);
#1581 = EDGE_CURVE('',#1574,#1098,#1582,.T.);
#1582 = LINE('',#1583,#1584);
#1583 = CARTESIAN_POINT('',(-1.946449279785,10.371755599976,
    0.157817572355));
#1584 = VECTOR('',#1585,1.);
#1585 = DIRECTION('',(-0.844243300805,-0.437636754882,-0.309398319036));
#1586 = PLANE('',#1587);
#1587 = AXIS2_PLACEMENT_3D('',#1588,#1589,#1590);
#1588 = CARTESIAN_POINT('',(-2.067036202196,10.546861110667,
    0.348951871131));
#1589 = DIRECTION('',(-0.103815473975,0.699875341342,-0.706680163826));
#1590 = DIRECTION('',(0.,-0.710519401997,-0.703677610406));
#1591 = ADVANCED_FACE('',(#1592),#1609,.T.);
#1592 = FACE_BOUND('',#1593,.T.);
#1593 = EDGE_LOOP('',(#1594,#1595,#1603));
#1594 = ORIENTED_EDGE('',*,*,#1573,.F.);
#1595 = ORIENTED_EDGE('',*,*,#1596,.T.);
#1596 = EDGE_CURVE('',#1535,#1597,#1599,.T.);
#1597 = VERTEX_POINT('',#1598);
#1598 = CARTESIAN_POINT('',(-1.6683614254,10.496879577637,0.24088332057)
  );
#1599 = LINE('',#1600,#1601);
#1600 = CARTESIAN_POINT('',(-2.145993471146,10.788638114929,
    0.600000023842));
#1601 = VECTOR('',#1602,1.);
#1602 = DIRECTION('',(0.718247558143,-0.43873701282,-0.540028035201));
#1603 = ORIENTED_EDGE('',*,*,#1604,.T.);
#1604 = EDGE_CURVE('',#1597,#1574,#1605,.T.);
#1605 = LINE('',#1606,#1607);
#1606 = CARTESIAN_POINT('',(-1.6683614254,10.496879577637,0.24088332057)
  );
#1607 = VECTOR('',#1608,1.);
#1608 = DIRECTION('',(-0.879880433613,-0.395896972787,-0.262823152486));
#1609 = PLANE('',#1610);
#1610 = AXIS2_PLACEMENT_3D('',#1611,#1612,#1613);
#1611 = CARTESIAN_POINT('',(-1.942597268788,10.577419069377,
    0.360934575454));
#1612 = DIRECTION('',(-0.103816830129,0.699874921705,-0.706680380193));
#1613 = DIRECTION('',(0.,-0.710519720664,-0.70367728864));
#1614 = ADVANCED_FACE('',(#1615),#1632,.T.);
#1615 = FACE_BOUND('',#1616,.T.);
#1616 = EDGE_LOOP('',(#1617,#1618,#1626));
#1617 = ORIENTED_EDGE('',*,*,#1596,.F.);
#1618 = ORIENTED_EDGE('',*,*,#1619,.T.);
#1619 = EDGE_CURVE('',#1535,#1620,#1622,.T.);
#1620 = VERTEX_POINT('',#1621);
#1621 = CARTESIAN_POINT('',(-1.391571879387,10.603447914124,
    0.30576312542));
#1622 = LINE('',#1623,#1624);
#1623 = CARTESIAN_POINT('',(-2.145993471146,10.788638114929,
    0.600000023842));
#1624 = VECTOR('',#1625,1.);
#1625 = DIRECTION('',(0.908201929317,-0.222939135756,-0.354213773495));
#1626 = ORIENTED_EDGE('',*,*,#1627,.T.);
#1627 = EDGE_CURVE('',#1620,#1597,#1628,.T.);
#1628 = LINE('',#1629,#1630);
#1629 = CARTESIAN_POINT('',(-1.391571879387,10.603447914124,
    0.30576312542));
#1630 = VECTOR('',#1631,1.);
#1631 = DIRECTION('',(-0.911663372035,-0.35100476298,-0.213694998667));
#1632 = PLANE('',#1633);
#1633 = AXIS2_PLACEMENT_3D('',#1634,#1635,#1636);
#1634 = CARTESIAN_POINT('',(-1.779634362424,10.651734172795,
    0.410593581719));
#1635 = DIRECTION('',(-0.103816357925,0.699875308553,-0.706680066441));
#1636 = DIRECTION('',(-6.938893903907E-18,-0.710519369996,
    -0.703677642718));
#1637 = ADVANCED_FACE('',(#1638),#1655,.T.);
#1638 = FACE_BOUND('',#1639,.T.);
#1639 = EDGE_LOOP('',(#1640,#1641,#1649));
#1640 = ORIENTED_EDGE('',*,*,#1619,.F.);
#1641 = ORIENTED_EDGE('',*,*,#1642,.T.);
#1642 = EDGE_CURVE('',#1535,#1643,#1645,.T.);
#1643 = VERTEX_POINT('',#1644);
#1644 = CARTESIAN_POINT('',(-1.078188538551,10.947031974792,
    0.600000023842));
#1645 = LINE('',#1646,#1647);
#1646 = CARTESIAN_POINT('',(-2.145993471146,10.788638114929,
    0.600000023842));
#1647 = VECTOR('',#1648,1.);
#1648 = DIRECTION('',(0.98917651525,0.146730438823,0.));
#1649 = ORIENTED_EDGE('',*,*,#1650,.T.);
#1650 = EDGE_CURVE('',#1643,#1620,#1651,.T.);
#1651 = LINE('',#1652,#1653);
#1652 = CARTESIAN_POINT('',(-1.078188538551,10.947031974792,
    0.600000023842));
#1653 = VECTOR('',#1654,1.);
#1654 = DIRECTION('',(-0.569473143168,-0.624353210512,-0.534680659584));
#1655 = PLANE('',#1656);
#1656 = AXIS2_PLACEMENT_3D('',#1657,#1658,#1659);
#1657 = CARTESIAN_POINT('',(-1.580625218021,10.789126882347,
    0.517427287519));
#1658 = DIRECTION('',(-0.103816607358,0.699874891093,-0.706680443238));
#1659 = DIRECTION('',(0.,-0.710519767439,-0.70367724141));
#1660 = ADVANCED_FACE('',(#1661),#1678,.T.);
#1661 = FACE_BOUND('',#1662,.T.);
#1662 = EDGE_LOOP('',(#1663,#1664,#1672));
#1663 = ORIENTED_EDGE('',*,*,#1650,.F.);
#1664 = ORIENTED_EDGE('',*,*,#1665,.T.);
#1665 = EDGE_CURVE('',#1643,#1666,#1668,.T.);
#1666 = VERTEX_POINT('',#1667);
#1667 = CARTESIAN_POINT('',(-1.11533343792,10.692653656006,
    0.353527933359));
#1668 = LINE('',#1669,#1670);
#1669 = CARTESIAN_POINT('',(-1.078188538551,10.947031974792,
    0.600000023842));
#1670 = VECTOR('',#1671,1.);
#1671 = DIRECTION('',(-0.104298233265,-0.714262514678,-0.692062814103));
#1672 = ORIENTED_EDGE('',*,*,#1673,.T.);
#1673 = EDGE_CURVE('',#1666,#1620,#1674,.T.);
#1674 = LINE('',#1675,#1676);
#1675 = CARTESIAN_POINT('',(-1.11533343792,10.692653656006,
    0.353527933359));
#1676 = VECTOR('',#1677,1.);
#1677 = DIRECTION('',(-0.938984801919,-0.303226572763,-0.162361286444));
#1678 = PLANE('',#1679);
#1679 = AXIS2_PLACEMENT_3D('',#1680,#1681,#1682);
#1680 = CARTESIAN_POINT('',(-1.198460982202,10.757305534417,
    0.42976952182));
#1681 = DIRECTION('',(-0.103817864442,0.699875425923,-0.706679728881));
#1682 = DIRECTION('',(0.,-0.71051914294,-0.703677871981));
#1683 = ADVANCED_FACE('',(#1684),#1701,.T.);
#1684 = FACE_BOUND('',#1685,.T.);
#1685 = EDGE_LOOP('',(#1686,#1687,#1695));
#1686 = ORIENTED_EDGE('',*,*,#1665,.F.);
#1687 = ORIENTED_EDGE('',*,*,#1688,.T.);
#1688 = EDGE_CURVE('',#1643,#1689,#1691,.T.);
#1689 = VERTEX_POINT('',#1690);
#1690 = CARTESIAN_POINT('',(-1.054705500603,10.708604812622,
    0.360419392586));
#1691 = LINE('',#1692,#1693);
#1692 = CARTESIAN_POINT('',(-1.078188538551,10.947031974792,
    0.600000023842));
#1693 = VECTOR('',#1694,1.);
#1694 = DIRECTION('',(6.930864602745E-02,-0.70370212842,-0.707106516759)
  );
#1695 = ORIENTED_EDGE('',*,*,#1696,.T.);
#1696 = EDGE_CURVE('',#1689,#1666,#1697,.T.);
#1697 = LINE('',#1698,#1699);
#1698 = CARTESIAN_POINT('',(-1.054705500603,10.708604812622,
    0.360419392586));
#1699 = VECTOR('',#1700,1.);
#1700 = DIRECTION('',(-0.961297825511,-0.25291660657,-0.109268846382));
#1701 = PLANE('',#1702);
#1702 = AXIS2_PLACEMENT_3D('',#1703,#1704,#1705);
#1703 = CARTESIAN_POINT('',(-1.082234550886,10.813488976352,
    0.468337433936));
#1704 = DIRECTION('',(-0.103809555525,0.699875410299,-0.706680964962));
#1705 = DIRECTION('',(-6.938893903907E-18,-0.710519766179,
    -0.703677242682));
#1706 = ADVANCED_FACE('',(#1707),#1717,.T.);
#1707 = FACE_BOUND('',#1708,.T.);
#1708 = EDGE_LOOP('',(#1709,#1715,#1716));
#1709 = ORIENTED_EDGE('',*,*,#1710,.T.);
#1710 = EDGE_CURVE('',#1574,#1090,#1711,.T.);
#1711 = LINE('',#1712,#1713);
#1712 = CARTESIAN_POINT('',(-1.946449279785,10.371755599976,
    0.157817572355));
#1713 = VECTOR('',#1714,1.);
#1714 = DIRECTION('',(0.391826410042,-0.477442134065,0.786461107121));
#1715 = ORIENTED_EDGE('',*,*,#1105,.F.);
#1716 = ORIENTED_EDGE('',*,*,#1581,.F.);
#1717 = PLANE('',#1718);
#1718 = AXIS2_PLACEMENT_3D('',#1719,#1720,#1721);
#1719 = CARTESIAN_POINT('',(-1.551690614836,9.843100340275,
    0.995165886369));
#1720 = DIRECTION('',(0.528396860333,-0.582997782888,-0.617179344387));
#1721 = DIRECTION('',(0.,-0.726950719065,0.686689632986));
#1722 = ADVANCED_FACE('',(#1723),#1740,.T.);
#1723 = FACE_BOUND('',#1724,.T.);
#1724 = EDGE_LOOP('',(#1725,#1733,#1739));
#1725 = ORIENTED_EDGE('',*,*,#1726,.T.);
#1726 = EDGE_CURVE('',#1597,#1727,#1729,.T.);
#1727 = VERTEX_POINT('',#1728);
#1728 = CARTESIAN_POINT('',(-0.9444693923,9.413497924805,1.899999976158)
  );
#1729 = LINE('',#1730,#1731);
#1730 = CARTESIAN_POINT('',(-1.6683614254,10.496879577637,0.24088332057)
  );
#1731 = VECTOR('',#1732,1.);
#1732 = DIRECTION('',(0.343142175142,-0.513548871742,0.786461063226));
#1733 = ORIENTED_EDGE('',*,*,#1734,.T.);
#1734 = EDGE_CURVE('',#1727,#1574,#1735,.T.);
#1735 = LINE('',#1736,#1737);
#1736 = CARTESIAN_POINT('',(-0.9444693923,9.413497924805,1.899999976158)
  );
#1737 = VECTOR('',#1738,1.);
#1738 = DIRECTION('',(-0.450019262163,0.430382303406,-0.782466444391));
#1739 = ORIENTED_EDGE('',*,*,#1604,.F.);
#1740 = PLANE('',#1741);
#1741 = AXIS2_PLACEMENT_3D('',#1742,#1743,#1744);
#1742 = CARTESIAN_POINT('',(-1.406997108527,9.957796912707,
    0.991385307016));
#1743 = DIRECTION('',(0.468709842792,-0.631981576585,-0.617179366251));
#1744 = DIRECTION('',(-2.775557561563E-17,0.698678711078,-0.715435572701
    ));
#1745 = ADVANCED_FACE('',(#1746),#1763,.T.);
#1746 = FACE_BOUND('',#1747,.T.);
#1747 = EDGE_LOOP('',(#1748,#1756,#1762));
#1748 = ORIENTED_EDGE('',*,*,#1749,.T.);
#1749 = EDGE_CURVE('',#1620,#1750,#1752,.T.);
#1750 = VERTEX_POINT('',#1751);
#1751 = CARTESIAN_POINT('',(-0.801374435425,9.499266624451,
    1.899999976158));
#1752 = LINE('',#1753,#1754);
#1753 = CARTESIAN_POINT('',(-1.391571879387,10.603447914124,
    0.30576312542));
#1754 = VECTOR('',#1755,1.);
#1755 = DIRECTION('',(0.291153375795,-0.544709424392,0.786461286232));
#1756 = ORIENTED_EDGE('',*,*,#1757,.T.);
#1757 = EDGE_CURVE('',#1750,#1597,#1758,.T.);
#1758 = LINE('',#1759,#1760);
#1759 = CARTESIAN_POINT('',(-0.801374435425,9.499266624451,
    1.899999976158));
#1760 = VECTOR('',#1761,1.);
#1761 = DIRECTION('',(-0.408721290925,0.470301929307,-0.782152799416));
#1762 = ORIENTED_EDGE('',*,*,#1627,.F.);
#1763 = PLANE('',#1764);
#1764 = AXIS2_PLACEMENT_3D('',#1765,#1766,#1767);
#1765 = CARTESIAN_POINT('',(-1.191977418122,10.059986109045,
    1.030851247492));
#1766 = DIRECTION('',(0.404507207343,-0.674880629033,-0.617179111575));
#1767 = DIRECTION('',(2.775557561563E-17,0.674855789675,-0.737949634556)
  );
#1768 = ADVANCED_FACE('',(#1769),#1786,.T.);
#1769 = FACE_BOUND('',#1770,.T.);
#1770 = EDGE_LOOP('',(#1771,#1779,#1785));
#1771 = ORIENTED_EDGE('',*,*,#1772,.T.);
#1772 = EDGE_CURVE('',#1666,#1773,#1775,.T.);
#1773 = VERTEX_POINT('',#1774);
#1774 = CARTESIAN_POINT('',(-0.65056180954,9.570594787598,1.899999976158
    ));
#1775 = LINE('',#1776,#1777);
#1776 = CARTESIAN_POINT('',(-1.11533343792,10.692653656006,
    0.353527933359));
#1777 = VECTOR('',#1778,1.);
#1778 = DIRECTION('',(0.236360407578,-0.57062495916,0.786461005844));
#1779 = ORIENTED_EDGE('',*,*,#1780,.T.);
#1780 = EDGE_CURVE('',#1773,#1620,#1781,.T.);
#1781 = LINE('',#1782,#1783);
#1782 = CARTESIAN_POINT('',(-0.65056180954,9.570594787598,1.899999976158
    ));
#1783 = VECTOR('',#1784,1.);
#1784 = DIRECTION('',(-0.363420490191,0.506551806529,-0.781876470174));
#1785 = ORIENTED_EDGE('',*,*,#1673,.F.);
#1786 = PLANE('',#1787);
#1787 = AXIS2_PLACEMENT_3D('',#1788,#1789,#1790);
#1788 = CARTESIAN_POINT('',(-0.973799503756,10.145807579207,
    1.060896765874));
#1789 = DIRECTION('',(0.33641080671,-0.711278657324,-0.617179423478));
#1790 = DIRECTION('',(0.,0.655377906252,-0.755301131998));
#1791 = ADVANCED_FACE('',(#1792),#1802,.T.);
#1792 = FACE_BOUND('',#1793,.T.);
#1793 = EDGE_LOOP('',(#1794,#1800,#1801));
#1794 = ORIENTED_EDGE('',*,*,#1795,.T.);
#1795 = EDGE_CURVE('',#1689,#1773,#1796,.T.);
#1796 = LINE('',#1797,#1798);
#1797 = CARTESIAN_POINT('',(-1.054705500603,10.708604812622,
    0.360419392586));
#1798 = VECTOR('',#1799,1.);
#1799 = DIRECTION('',(0.20654263802,-0.581594115806,0.78682172259));
#1800 = ORIENTED_EDGE('',*,*,#1772,.F.);
#1801 = ORIENTED_EDGE('',*,*,#1696,.F.);
#1802 = PLANE('',#1803);
#1803 = AXIS2_PLACEMENT_3D('',#1804,#1805,#1806);
#1804 = CARTESIAN_POINT('',(-0.871264368023,10.144542055718,
    1.11627575456));
#1805 = DIRECTION('',(0.265065450103,-0.740830646508,-0.617179277323));
#1806 = DIRECTION('',(0.,0.640074470885,-0.768312873588));
#1807 = ADVANCED_FACE('',(#1808),#1818,.T.);
#1808 = FACE_BOUND('',#1809,.T.);
#1809 = EDGE_LOOP('',(#1810,#1816,#1817));
#1810 = ORIENTED_EDGE('',*,*,#1811,.F.);
#1811 = EDGE_CURVE('',#1090,#1727,#1812,.T.);
#1812 = LINE('',#1813,#1814);
#1813 = CARTESIAN_POINT('',(-1.078468561172,9.314117431641,
    1.899999976158));
#1814 = VECTOR('',#1815,1.);
#1815 = DIRECTION('',(0.803207713973,0.595699058429,0.));
#1816 = ORIENTED_EDGE('',*,*,#1710,.F.);
#1817 = ORIENTED_EDGE('',*,*,#1734,.F.);
#1818 = PLANE('',#1819);
#1819 = AXIS2_PLACEMENT_3D('',#1820,#1821,#1822);
#1820 = CARTESIAN_POINT('',(-1.461953814108,9.849598788849,
    1.060442208948));
#1821 = DIRECTION('',(0.468709436742,-0.631981920864,-0.617179322085));
#1822 = DIRECTION('',(2.775557561563E-17,0.69867849067,-0.715435787947)
  );
#1823 = ADVANCED_FACE('',(#1824),#1834,.T.);
#1824 = FACE_BOUND('',#1825,.T.);
#1825 = EDGE_LOOP('',(#1826,#1832,#1833));
#1826 = ORIENTED_EDGE('',*,*,#1827,.F.);
#1827 = EDGE_CURVE('',#1727,#1750,#1828,.T.);
#1828 = LINE('',#1829,#1830);
#1829 = CARTESIAN_POINT('',(-0.9444693923,9.413497924805,1.899999976158)
  );
#1830 = VECTOR('',#1831,1.);
#1831 = DIRECTION('',(0.85772627563,0.514106638834,0.));
#1832 = ORIENTED_EDGE('',*,*,#1726,.F.);
#1833 = ORIENTED_EDGE('',*,*,#1757,.F.);
#1834 = PLANE('',#1835);
#1835 = AXIS2_PLACEMENT_3D('',#1836,#1837,#1838);
#1836 = CARTESIAN_POINT('',(-1.255459115981,9.956951260516,
    1.101912044903));
#1837 = DIRECTION('',(0.40451062395,-0.674878254286,-0.617179469039));
#1838 = DIRECTION('',(0.,0.6748572957,-0.737948257292));
#1839 = ADVANCED_FACE('',(#1840),#1850,.T.);
#1840 = FACE_BOUND('',#1841,.T.);
#1841 = EDGE_LOOP('',(#1842,#1848,#1849));
#1842 = ORIENTED_EDGE('',*,*,#1843,.F.);
#1843 = EDGE_CURVE('',#1750,#1773,#1844,.T.);
#1844 = LINE('',#1845,#1846);
#1845 = CARTESIAN_POINT('',(-0.801374435425,9.499266624451,
    1.899999976158));
#1846 = VECTOR('',#1847,1.);
#1847 = DIRECTION('',(0.903991370455,0.427550701255,0.));
#1848 = ORIENTED_EDGE('',*,*,#1749,.F.);
#1849 = ORIENTED_EDGE('',*,*,#1780,.F.);
#1850 = PLANE('',#1851);
#1851 = AXIS2_PLACEMENT_3D('',#1852,#1853,#1854);
#1852 = CARTESIAN_POINT('',(-1.045547587986,10.048182944984,
    1.134297940122));
#1853 = DIRECTION('',(0.336406629951,-0.711281000235,-0.617178999991));
#1854 = DIRECTION('',(-2.775557561563E-17,0.655376418171,-0.755302423209
    ));
#1855 = ADVANCED_FACE('',(#1856),#1873,.T.);
#1856 = FACE_BOUND('',#1857,.T.);
#1857 = EDGE_LOOP('',(#1858,#1866,#1867));
#1858 = ORIENTED_EDGE('',*,*,#1859,.F.);
#1859 = EDGE_CURVE('',#1773,#1860,#1862,.T.);
#1860 = VERTEX_POINT('',#1861);
#1861 = CARTESIAN_POINT('',(-0.493483960629,9.626798629761,
    1.899999976158));
#1862 = LINE('',#1863,#1864);
#1863 = CARTESIAN_POINT('',(-0.65056180954,9.570594787598,1.899999976158
    ));
#1864 = VECTOR('',#1865,1.);
#1865 = DIRECTION('',(0.941543135188,0.336892452543,0.));
#1866 = ORIENTED_EDGE('',*,*,#1795,.F.);
#1867 = ORIENTED_EDGE('',*,*,#1868,.F.);
#1868 = EDGE_CURVE('',#1860,#1689,#1869,.T.);
#1869 = LINE('',#1870,#1871);
#1870 = CARTESIAN_POINT('',(-0.493483960629,9.626798629761,
    1.899999976158));
#1871 = VECTOR('',#1872,1.);
#1872 = DIRECTION('',(-0.285817834766,0.55094018814,-0.784074661255));
#1873 = PLANE('',#1874);
#1874 = AXIS2_PLACEMENT_3D('',#1875,#1876,#1877);
#1875 = CARTESIAN_POINT('',(-0.803447084942,10.131021823283,
    1.161631527054));
#1876 = DIRECTION('',(0.265074584628,-0.740827387452,-0.617179266166));
#1877 = DIRECTION('',(-2.775557561563E-17,0.640076126243,-0.768311494521
    ));
#1878 = ADVANCED_FACE('',(#1879),#1896,.T.);
#1879 = FACE_BOUND('',#1880,.T.);
#1880 = EDGE_LOOP('',(#1881,#1889,#1890));
#1881 = ORIENTED_EDGE('',*,*,#1882,.T.);
#1882 = EDGE_CURVE('',#1883,#1860,#1885,.T.);
#1883 = VERTEX_POINT('',#1884);
#1884 = CARTESIAN_POINT('',(-0.836072564125,10.756161689758,
    0.397235512733));
#1885 = LINE('',#1886,#1887);
#1886 = CARTESIAN_POINT('',(-0.836072564125,10.756161689758,
    0.397235512733));
#1887 = VECTOR('',#1888,1.);
#1888 = DIRECTION('',(0.179291346395,-0.591044248199,0.786461257646));
#1889 = ORIENTED_EDGE('',*,*,#1868,.T.);
#1890 = ORIENTED_EDGE('',*,*,#1891,.F.);
#1891 = EDGE_CURVE('',#1883,#1689,#1892,.T.);
#1892 = LINE('',#1893,#1894);
#1893 = CARTESIAN_POINT('',(-0.836072564125,10.756161689758,
    0.397235512733));
#1894 = VECTOR('',#1895,1.);
#1895 = DIRECTION('',(-0.964184943256,-0.209728806747,-0.162361395714));
#1896 = PLANE('',#1897);
#1897 = AXIS2_PLACEMENT_3D('',#1898,#1899,#1900);
#1898 = CARTESIAN_POINT('',(-0.732632932757,10.210002347247,
    1.097241773279));
#1899 = DIRECTION('',(0.265072669155,-0.740828186675,-0.617179129504));
#1900 = DIRECTION('',(0.,0.640075634957,-0.768311903809));
#1901 = ADVANCED_FACE('',(#1902),#1919,.T.);
#1902 = FACE_BOUND('',#1903,.T.);
#1903 = EDGE_LOOP('',(#1904,#1912,#1913));
#1904 = ORIENTED_EDGE('',*,*,#1905,.F.);
#1905 = EDGE_CURVE('',#1860,#1906,#1908,.T.);
#1906 = VERTEX_POINT('',#1907);
#1907 = CARTESIAN_POINT('',(-0.331653535366,9.66733455658,1.899999976158
    ));
#1908 = LINE('',#1909,#1910);
#1909 = CARTESIAN_POINT('',(-0.493483960629,9.626798629761,
    1.899999976158));
#1910 = VECTOR('',#1911,1.);
#1911 = DIRECTION('',(0.970031937655,0.242977447368,0.));
#1912 = ORIENTED_EDGE('',*,*,#1882,.F.);
#1913 = ORIENTED_EDGE('',*,*,#1914,.F.);
#1914 = EDGE_CURVE('',#1906,#1883,#1915,.T.);
#1915 = LINE('',#1916,#1917);
#1916 = CARTESIAN_POINT('',(-0.331653535366,9.66733455658,1.899999976158
    ));
#1917 = VECTOR('',#1918,1.);
#1918 = DIRECTION('',(-0.262295793356,0.566185572791,-0.781431259901));
#1919 = PLANE('',#1920);
#1920 = AXIS2_PLACEMENT_3D('',#1921,#1922,#1923);
#1921 = CARTESIAN_POINT('',(-0.615366211299,10.178520639333,
    1.179950417043));
#1922 = DIRECTION('',(0.191180175137,-0.76324316408,-0.617179077026));
#1923 = DIRECTION('',(1.387778780781E-17,0.628776891579,-0.777585764155)
  );
#1924 = ADVANCED_FACE('',(#1925),#1942,.T.);
#1925 = FACE_BOUND('',#1926,.T.);
#1926 = EDGE_LOOP('',(#1927,#1935,#1936));
#1927 = ORIENTED_EDGE('',*,*,#1928,.T.);
#1928 = EDGE_CURVE('',#1929,#1906,#1931,.T.);
#1929 = VERTEX_POINT('',#1930);
#1930 = CARTESIAN_POINT('',(-0.557137608528,10.800919532776,
    0.428290188313));
#1931 = LINE('',#1932,#1933);
#1932 = CARTESIAN_POINT('',(-0.557137608528,10.800919532776,
    0.428290188313));
#1933 = VECTOR('',#1934,1.);
#1934 = DIRECTION('',(0.120495538539,-0.60577197436,0.786461149881));
#1935 = ORIENTED_EDGE('',*,*,#1914,.T.);
#1936 = ORIENTED_EDGE('',*,*,#1937,.F.);
#1937 = EDGE_CURVE('',#1929,#1883,#1938,.T.);
#1938 = LINE('',#1939,#1940);
#1939 = CARTESIAN_POINT('',(-0.557137608528,10.800919532776,
    0.428290188313));
#1940 = VECTOR('',#1941,1.);
#1941 = DIRECTION('',(-0.98145759041,-0.157484473991,-0.109268653689));
#1942 = PLANE('',#1943);
#1943 = AXIS2_PLACEMENT_3D('',#1944,#1945,#1946);
#1944 = CARTESIAN_POINT('',(-0.527729975025,10.26151097991,
    1.104466092341));
#1945 = DIRECTION('',(0.191182170937,-0.763242507271,-0.617179271047));
#1946 = DIRECTION('',(-1.387778780781E-17,0.628777338264,-0.777585402953
    ));
#1947 = ADVANCED_FACE('',(#1948),#1965,.T.);
#1948 = FACE_BOUND('',#1949,.T.);
#1949 = EDGE_LOOP('',(#1950,#1958,#1959));
#1950 = ORIENTED_EDGE('',*,*,#1951,.F.);
#1951 = EDGE_CURVE('',#1906,#1952,#1954,.T.);
#1952 = VERTEX_POINT('',#1953);
#1953 = CARTESIAN_POINT('',(-0.166629135609,9.691814422607,
    1.899999976158));
#1954 = LINE('',#1955,#1956);
#1955 = CARTESIAN_POINT('',(-0.331653535366,9.66733455658,1.899999976158
    ));
#1956 = VECTOR('',#1957,1.);
#1957 = DIRECTION('',(0.989175806365,0.146735217661,0.));
#1958 = ORIENTED_EDGE('',*,*,#1928,.F.);
#1959 = ORIENTED_EDGE('',*,*,#1960,.F.);
#1960 = EDGE_CURVE('',#1952,#1929,#1961,.T.);
#1961 = LINE('',#1962,#1963);
#1962 = CARTESIAN_POINT('',(-0.166629135609,9.691814422607,
    1.899999976158));
#1963 = VECTOR('',#1964,1.);
#1964 = DIRECTION('',(-0.207302989534,0.588772897362,-0.781263045243));
#1965 = PLANE('',#1966);
#1966 = AXIS2_PLACEMENT_3D('',#1967,#1968,#1969);
#1967 = CARTESIAN_POINT('',(-0.396457698262,10.216416453795,
    1.195447006938));
#1968 = DIRECTION('',(0.115454570185,-0.778305776768,-0.617179358107));
#1969 = DIRECTION('',(6.938893903907E-18,0.621334369201,-0.783545532595)
  );
#1970 = ADVANCED_FACE('',(#1971),#1993,.T.);
#1971 = FACE_BOUND('',#1972,.T.);
#1972 = EDGE_LOOP('',(#1973,#1979,#1987));
#1973 = ORIENTED_EDGE('',*,*,#1974,.F.);
#1974 = EDGE_CURVE('',#1643,#1929,#1975,.T.);
#1975 = LINE('',#1976,#1977);
#1976 = CARTESIAN_POINT('',(-1.078188538551,10.947031974792,
    0.600000023842));
#1977 = VECTOR('',#1978,1.);
#1978 = DIRECTION('',(0.917765457213,-0.257358627392,-0.302445205703));
#1979 = ORIENTED_EDGE('',*,*,#1980,.T.);
#1980 = EDGE_CURVE('',#1643,#1981,#1983,.T.);
#1981 = VERTEX_POINT('',#1982);
#1982 = CARTESIAN_POINT('',(0.,11.,0.600000023842));
#1983 = LINE('',#1984,#1985);
#1984 = CARTESIAN_POINT('',(-1.078188538551,10.947031974792,
    0.600000023842));
#1985 = VECTOR('',#1986,1.);
#1986 = DIRECTION('',(0.998795455349,4.906769174822E-02,0.));
#1987 = ORIENTED_EDGE('',*,*,#1988,.T.);
#1988 = EDGE_CURVE('',#1981,#1929,#1989,.T.);
#1989 = LINE('',#1990,#1991);
#1990 = CARTESIAN_POINT('',(0.,11.,0.600000023842));
#1991 = VECTOR('',#1992,1.);
#1992 = DIRECTION('',(-0.904368365277,-0.323155489678,-0.278726370079));
#1993 = PLANE('',#1994);
#1994 = AXIS2_PLACEMENT_3D('',#1995,#1996,#1997);
#1995 = CARTESIAN_POINT('',(-0.538059108028,10.92866105016,
    0.555094286343));
#1996 = DIRECTION('',(-3.471697952451E-02,0.706680101246,-0.706680950525
    ));
#1997 = DIRECTION('',(-3.469446951954E-18,-0.707107206082,
    -0.707106356291));
#1998 = ADVANCED_FACE('',(#1999),#2016,.T.);
#1999 = FACE_BOUND('',#2000,.T.);
#2000 = EDGE_LOOP('',(#2001,#2002,#2010));
#2001 = ORIENTED_EDGE('',*,*,#1988,.F.);
#2002 = ORIENTED_EDGE('',*,*,#2003,.T.);
#2003 = EDGE_CURVE('',#1981,#2004,#2006,.T.);
#2004 = VERTEX_POINT('',#2005);
#2005 = CARTESIAN_POINT('',(-0.278730839491,10.830001831055,
    0.443695008755));
#2006 = LINE('',#2007,#2008);
#2007 = CARTESIAN_POINT('',(0.,11.,0.600000023842));
#2008 = VECTOR('',#2009,1.);
#2009 = DIRECTION('',(-0.770040757597,-0.469648493306,-0.431818855975));
#2010 = ORIENTED_EDGE('',*,*,#2011,.T.);
#2011 = EDGE_CURVE('',#2004,#1929,#2012,.T.);
#2012 = LINE('',#2013,#2014);
#2013 = CARTESIAN_POINT('',(-0.278730839491,10.830001831055,
    0.443695008755));
#2014 = VECTOR('',#2015,1.);
#2015 = DIRECTION('',(-0.993085642412,-0.103737466474,
    -5.494947575441E-02));
#2016 = PLANE('',#2017);
#2017 = AXIS2_PLACEMENT_3D('',#2018,#2019,#2020);
#2018 = CARTESIAN_POINT('',(-0.2695754898,10.885705996388,0.498949488159
    ));
#2019 = DIRECTION('',(-3.471766992758E-02,0.706681122916,-0.706679894937
    ));
#2020 = DIRECTION('',(0.,0.707106166826,0.707107395546));
#2021 = ADVANCED_FACE('',(#2022),#2039,.T.);
#2022 = FACE_BOUND('',#2023,.T.);
#2023 = EDGE_LOOP('',(#2024,#2025,#2033));
#2024 = ORIENTED_EDGE('',*,*,#2003,.F.);
#2025 = ORIENTED_EDGE('',*,*,#2026,.T.);
#2026 = EDGE_CURVE('',#1981,#2027,#2029,.T.);
#2027 = VERTEX_POINT('',#2028);
#2028 = CARTESIAN_POINT('',(0.,10.84369468689,0.443695008755));
#2029 = LINE('',#2030,#2031);
#2030 = CARTESIAN_POINT('',(0.,11.,0.600000023842));
#2031 = VECTOR('',#2032,1.);
#2032 = DIRECTION('',(0.,-0.707107455298,-0.707106107075));
#2033 = ORIENTED_EDGE('',*,*,#2034,.T.);
#2034 = EDGE_CURVE('',#2027,#2004,#2035,.T.);
#2035 = LINE('',#2036,#2037);
#2036 = CARTESIAN_POINT('',(0.,10.84369468689,0.443695008755));
#2037 = VECTOR('',#2038,1.);
#2038 = DIRECTION('',(-0.998795511039,-4.906655813992E-02,0.));
#2039 = PLANE('',#2040);
#2040 = AXIS2_PLACEMENT_3D('',#2041,#2042,#2043);
#2041 = CARTESIAN_POINT('',(-0.103630454474,10.891457489123,
    0.496548631891));
#2042 = DIRECTION('',(-3.47161642725E-02,0.706679872205,-0.706681219616)
  );
#2043 = DIRECTION('',(0.,-0.707107455298,-0.707106107075));
#2044 = ADVANCED_FACE('',(#2045),#2062,.T.);
#2045 = FACE_BOUND('',#2046,.T.);
#2046 = EDGE_LOOP('',(#2047,#2048,#2056));
#2047 = ORIENTED_EDGE('',*,*,#2026,.F.);
#2048 = ORIENTED_EDGE('',*,*,#2049,.T.);
#2049 = EDGE_CURVE('',#1981,#2050,#2052,.T.);
#2050 = VERTEX_POINT('',#2051);
#2051 = CARTESIAN_POINT('',(0.278730839491,10.830001831055,
    0.443695008755));
#2052 = LINE('',#2053,#2054);
#2053 = CARTESIAN_POINT('',(0.,11.,0.600000023842));
#2054 = VECTOR('',#2055,1.);
#2055 = DIRECTION('',(0.770040757597,-0.469648493306,-0.431818855975));
#2056 = ORIENTED_EDGE('',*,*,#2057,.T.);
#2057 = EDGE_CURVE('',#2050,#2027,#2058,.T.);
#2058 = LINE('',#2059,#2060);
#2059 = CARTESIAN_POINT('',(0.278730839491,10.830001831055,
    0.443695008755));
#2060 = VECTOR('',#2061,1.);
#2061 = DIRECTION('',(-0.998795511039,4.906655813992E-02,0.));
#2062 = PLANE('',#2063);
#2063 = AXIS2_PLACEMENT_3D('',#2064,#2065,#2066);
#2064 = CARTESIAN_POINT('',(0.103630454474,10.891457489123,
    0.496548631891));
#2065 = DIRECTION('',(3.47161642725E-02,0.706679872205,-0.706681219616)
  );
#2066 = DIRECTION('',(-3.469446951954E-18,-0.707107455298,
    -0.707106107075));
#2067 = ADVANCED_FACE('',(#2068),#2085,.T.);
#2068 = FACE_BOUND('',#2069,.T.);
#2069 = EDGE_LOOP('',(#2070,#2071,#2079));
#2070 = ORIENTED_EDGE('',*,*,#2049,.F.);
#2071 = ORIENTED_EDGE('',*,*,#2072,.T.);
#2072 = EDGE_CURVE('',#1981,#2073,#2075,.T.);
#2073 = VERTEX_POINT('',#2074);
#2074 = CARTESIAN_POINT('',(1.078188538551,10.947031974792,
    0.600000023842));
#2075 = LINE('',#2076,#2077);
#2076 = CARTESIAN_POINT('',(0.,11.,0.600000023842));
#2077 = VECTOR('',#2078,1.);
#2078 = DIRECTION('',(0.998795455349,-4.906769174822E-02,0.));
#2079 = ORIENTED_EDGE('',*,*,#2080,.T.);
#2080 = EDGE_CURVE('',#2073,#2050,#2081,.T.);
#2081 = LINE('',#2082,#2083);
#2082 = CARTESIAN_POINT('',(1.078188538551,10.947031974792,
    0.600000023842));
#2083 = VECTOR('',#2084,1.);
#2084 = DIRECTION('',(-0.971444067055,-0.142206697033,-0.189930723959));
#2085 = PLANE('',#2086);
#2086 = AXIS2_PLACEMENT_3D('',#2087,#2088,#2089);
#2087 = CARTESIAN_POINT('',(0.525846906542,10.933271029811,
    0.559104259831));
#2088 = DIRECTION('',(3.471700247841E-02,0.706680568483,-0.706680482161)
  );
#2089 = DIRECTION('',(0.,0.707106737999,0.707106824374));
#2090 = ADVANCED_FACE('',(#2091),#2108,.T.);
#2091 = FACE_BOUND('',#2092,.T.);
#2092 = EDGE_LOOP('',(#2093,#2094,#2102));
#2093 = ORIENTED_EDGE('',*,*,#2080,.F.);
#2094 = ORIENTED_EDGE('',*,*,#2095,.T.);
#2095 = EDGE_CURVE('',#2073,#2096,#2098,.T.);
#2096 = VERTEX_POINT('',#2097);
#2097 = CARTESIAN_POINT('',(0.557137608528,10.800919532776,
    0.428290188313));
#2098 = LINE('',#2099,#2100);
#2099 = CARTESIAN_POINT('',(1.078188538551,10.947031974792,
    0.600000023842));
#2100 = VECTOR('',#2101,1.);
#2101 = DIRECTION('',(-0.917765457213,-0.257358627392,-0.302445205703));
#2102 = ORIENTED_EDGE('',*,*,#2103,.T.);
#2103 = EDGE_CURVE('',#2096,#2050,#2104,.T.);
#2104 = LINE('',#2105,#2106);
#2105 = CARTESIAN_POINT('',(0.557137608528,10.800919532776,
    0.428290188313));
#2106 = VECTOR('',#2107,1.);
#2107 = DIRECTION('',(-0.993085642412,0.103737466474,5.494947575441E-02)
  );
#2108 = PLANE('',#2109);
#2109 = AXIS2_PLACEMENT_3D('',#2110,#2111,#2112);
#2110 = CARTESIAN_POINT('',(0.682046723961,10.871320127558,0.50482701633
    ));
#2111 = DIRECTION('',(3.471739525462E-02,0.706679408646,-0.706681622701)
  );
#2112 = DIRECTION('',(0.,-0.707107888881,-0.707105673491));
#2113 = ADVANCED_FACE('',(#2114),#2124,.T.);
#2114 = FACE_BOUND('',#2115,.T.);
#2115 = EDGE_LOOP('',(#2116,#2122,#2123));
#2116 = ORIENTED_EDGE('',*,*,#2117,.T.);
#2117 = EDGE_CURVE('',#2004,#1952,#2118,.T.);
#2118 = LINE('',#2119,#2120);
#2119 = CARTESIAN_POINT('',(-0.278730839491,10.830001831055,
    0.443695008755));
#2120 = VECTOR('',#2121,1.);
#2121 = DIRECTION('',(6.053927843876E-02,-0.614665451543,0.786461301302)
  );
#2122 = ORIENTED_EDGE('',*,*,#1960,.T.);
#2123 = ORIENTED_EDGE('',*,*,#2011,.F.);
#2124 = PLANE('',#2125);
#2125 = AXIS2_PLACEMENT_3D('',#2126,#2127,#2128);
#2126 = CARTESIAN_POINT('',(-0.301608794549,10.292800521422,
    1.116864252093));
#2127 = DIRECTION('',(0.115451480079,-0.778306470669,-0.617179061102));
#2128 = DIRECTION('',(-6.938893903907E-18,0.621333845535,-0.783545947851
    ));
#2129 = ADVANCED_FACE('',(#2130),#2147,.T.);
#2130 = FACE_BOUND('',#2131,.T.);
#2131 = EDGE_LOOP('',(#2132,#2140,#2146));
#2132 = ORIENTED_EDGE('',*,*,#2133,.T.);
#2133 = EDGE_CURVE('',#2027,#2134,#2136,.T.);
#2134 = VERTEX_POINT('',#2135);
#2135 = CARTESIAN_POINT('',(0.,9.699999809265,1.899999976158));
#2136 = LINE('',#2137,#2138);
#2137 = CARTESIAN_POINT('',(0.,10.84369468689,0.443695008755));
#2138 = VECTOR('',#2139,1.);
#2139 = DIRECTION('',(0.,-0.61763964459,0.786461231994));
#2140 = ORIENTED_EDGE('',*,*,#2141,.T.);
#2141 = EDGE_CURVE('',#2134,#2004,#2142,.T.);
#2142 = LINE('',#2143,#2144);
#2143 = CARTESIAN_POINT('',(0.,9.699999809265,1.899999976158));
#2144 = VECTOR('',#2145,1.);
#2145 = DIRECTION('',(-0.149513841228,0.606143701868,-0.781175667803));
#2146 = ORIENTED_EDGE('',*,*,#2034,.F.);
#2147 = PLANE('',#2148);
#2148 = AXIS2_PLACEMENT_3D('',#2149,#2150,#2151);
#2149 = CARTESIAN_POINT('',(-7.476882506135E-02,10.308119706734,
    1.120983509913));
#2150 = DIRECTION('',(3.860667841726E-02,-0.785874912794,-0.617179184535
    ));
#2151 = DIRECTION('',(-3.469446951954E-18,0.61763964459,-0.786461231994)
  );
#2152 = ADVANCED_FACE('',(#2153),#2163,.T.);
#2153 = FACE_BOUND('',#2154,.T.);
#2154 = EDGE_LOOP('',(#2155,#2161,#2162));
#2155 = ORIENTED_EDGE('',*,*,#2156,.F.);
#2156 = EDGE_CURVE('',#1952,#2134,#2157,.T.);
#2157 = LINE('',#2158,#2159);
#2158 = CARTESIAN_POINT('',(-0.166629135609,9.691814422607,
    1.899999976158));
#2159 = VECTOR('',#2160,1.);
#2160 = DIRECTION('',(0.998795625952,4.906421893497E-02,0.));
#2161 = ORIENTED_EDGE('',*,*,#2117,.F.);
#2162 = ORIENTED_EDGE('',*,*,#2141,.F.);
#2163 = PLANE('',#2164);
#2164 = AXIS2_PLACEMENT_3D('',#2165,#2166,#2167);
#2165 = CARTESIAN_POINT('',(-0.176690107938,10.238597052085,
    1.203133636083));
#2166 = DIRECTION('',(3.860484459957E-02,-0.785875140042,-0.61717900988)
  );
#2167 = DIRECTION('',(0.,0.617639426014,-0.786461403651));
#2168 = ADVANCED_FACE('',(#2169),#2186,.T.);
#2169 = FACE_BOUND('',#2170,.T.);
#2170 = EDGE_LOOP('',(#2171,#2179,#2185));
#2171 = ORIENTED_EDGE('',*,*,#2172,.T.);
#2172 = EDGE_CURVE('',#2050,#2173,#2175,.T.);
#2173 = VERTEX_POINT('',#2174);
#2174 = CARTESIAN_POINT('',(0.166629135609,9.691814422607,1.899999976158
    ));
#2175 = LINE('',#2176,#2177);
#2176 = CARTESIAN_POINT('',(0.278730839491,10.830001831055,
    0.443695008755));
#2177 = VECTOR('',#2178,1.);
#2178 = DIRECTION('',(-6.053927843876E-02,-0.614665451543,0.786461301302
    ));
#2179 = ORIENTED_EDGE('',*,*,#2180,.T.);
#2180 = EDGE_CURVE('',#2173,#2027,#2181,.T.);
#2181 = LINE('',#2182,#2183);
#2182 = CARTESIAN_POINT('',(0.166629135609,9.691814422607,1.899999976158
    ));
#2183 = VECTOR('',#2184,1.);
#2184 = DIRECTION('',(-8.93814601778E-02,0.617879577875,-0.781175896851)
  );
#2185 = ORIENTED_EDGE('',*,*,#2057,.F.);
#2186 = PLANE('',#2187);
#2187 = AXIS2_PLACEMENT_3D('',#2188,#2189,#2190);
#2188 = CARTESIAN_POINT('',(0.151826515848,10.304334380487,
    1.120983500876));
#2189 = DIRECTION('',(-3.860668344722E-02,-0.785875015183,
    -0.617179053844));
#2190 = DIRECTION('',(-3.469446951954E-18,0.617639513922,-0.786461334613
    ));
#2191 = ADVANCED_FACE('',(#2192),#2209,.T.);
#2192 = FACE_BOUND('',#2193,.T.);
#2193 = EDGE_LOOP('',(#2194,#2202,#2208));
#2194 = ORIENTED_EDGE('',*,*,#2195,.T.);
#2195 = EDGE_CURVE('',#2096,#2196,#2198,.T.);
#2196 = VERTEX_POINT('',#2197);
#2197 = CARTESIAN_POINT('',(0.331653535366,9.66733455658,1.899999976158)
  );
#2198 = LINE('',#2199,#2200);
#2199 = CARTESIAN_POINT('',(0.557137608528,10.800919532776,
    0.428290188313));
#2200 = VECTOR('',#2201,1.);
#2201 = DIRECTION('',(-0.120495538539,-0.60577197436,0.786461149881));
#2202 = ORIENTED_EDGE('',*,*,#2203,.T.);
#2203 = EDGE_CURVE('',#2196,#2050,#2204,.T.);
#2204 = LINE('',#2205,#2206);
#2205 = CARTESIAN_POINT('',(0.331653535366,9.66733455658,1.899999976158)
  );
#2206 = VECTOR('',#2207,1.);
#2207 = DIRECTION('',(-2.838822906602E-02,0.623665600732,-0.781175605683
    ));
#2208 = ORIENTED_EDGE('',*,*,#2103,.F.);
#2209 = PLANE('',#2210);
#2210 = AXIS2_PLACEMENT_3D('',#2211,#2212,#2213);
#2211 = CARTESIAN_POINT('',(0.37792779099,10.281459501325,1.116889209445
    ));
#2212 = DIRECTION('',(-0.115451474063,-0.778306295417,-0.617179283232));
#2213 = DIRECTION('',(0.,0.621334068722,-0.783545770868));
#2214 = ADVANCED_FACE('',(#2215),#2225,.T.);
#2215 = FACE_BOUND('',#2216,.T.);
#2216 = EDGE_LOOP('',(#2217,#2223,#2224));
#2217 = ORIENTED_EDGE('',*,*,#2218,.F.);
#2218 = EDGE_CURVE('',#2134,#2173,#2219,.T.);
#2219 = LINE('',#2220,#2221);
#2220 = CARTESIAN_POINT('',(0.,9.699999809265,1.899999976158));
#2221 = VECTOR('',#2222,1.);
#2222 = DIRECTION('',(0.998795625952,-4.906421893497E-02,0.));
#2223 = ORIENTED_EDGE('',*,*,#2133,.F.);
#2224 = ORIENTED_EDGE('',*,*,#2180,.F.);
#2225 = PLANE('',#2226);
#2226 = AXIS2_PLACEMENT_3D('',#2227,#2228,#2229);
#2227 = CARTESIAN_POINT('',(4.358156480103E-02,10.245136104579,
    1.203133639172));
#2228 = DIRECTION('',(-3.860483618605E-02,-0.785874968769,
    -0.617179228494));
#2229 = DIRECTION('',(-3.469446951954E-18,0.61763964459,-0.786461231994)
  );
#2230 = ADVANCED_FACE('',(#2231),#2241,.T.);
#2231 = FACE_BOUND('',#2232,.T.);
#2232 = EDGE_LOOP('',(#2233,#2239,#2240));
#2233 = ORIENTED_EDGE('',*,*,#2234,.F.);
#2234 = EDGE_CURVE('',#2173,#2196,#2235,.T.);
#2235 = LINE('',#2236,#2237);
#2236 = CARTESIAN_POINT('',(0.166629135609,9.691814422607,1.899999976158
    ));
#2237 = VECTOR('',#2238,1.);
#2238 = DIRECTION('',(0.989175806365,-0.146735217661,0.));
#2239 = ORIENTED_EDGE('',*,*,#2172,.F.);
#2240 = ORIENTED_EDGE('',*,*,#2203,.F.);
#2241 = PLANE('',#2242);
#2242 = AXIS2_PLACEMENT_3D('',#2243,#2244,#2245);
#2243 = CARTESIAN_POINT('',(0.263433537484,10.230053490534,
    1.203133660152));
#2244 = DIRECTION('',(-0.115454613043,-0.778306065683,-0.617178985748));
#2245 = DIRECTION('',(6.938893903907E-18,0.621333997452,-0.783545827384)
  );
#2246 = ADVANCED_FACE('',(#2247),#2264,.T.);
#2247 = FACE_BOUND('',#2248,.T.);
#2248 = EDGE_LOOP('',(#2249,#2257,#2258));
#2249 = ORIENTED_EDGE('',*,*,#2250,.F.);
#2250 = EDGE_CURVE('',#2196,#2251,#2253,.T.);
#2251 = VERTEX_POINT('',#2252);
#2252 = CARTESIAN_POINT('',(0.493483960629,9.626798629761,1.899999976158
    ));
#2253 = LINE('',#2254,#2255);
#2254 = CARTESIAN_POINT('',(0.331653535366,9.66733455658,1.899999976158)
  );
#2255 = VECTOR('',#2256,1.);
#2256 = DIRECTION('',(0.970031937655,-0.242977447368,0.));
#2257 = ORIENTED_EDGE('',*,*,#2195,.F.);
#2258 = ORIENTED_EDGE('',*,*,#2259,.F.);
#2259 = EDGE_CURVE('',#2251,#2096,#2260,.T.);
#2260 = LINE('',#2261,#2262);
#2261 = CARTESIAN_POINT('',(0.493483960629,9.626798629761,1.899999976158
    ));
#2262 = VECTOR('',#2263,1.);
#2263 = DIRECTION('',(3.379079117506E-02,0.623286733081,-0.781262971602)
  );
#2264 = PLANE('',#2265);
#2265 = AXIS2_PLACEMENT_3D('',#2266,#2267,#2268);
#2266 = CARTESIAN_POINT('',(0.481906775093,10.199419521116,
    1.195446968666));
#2267 = DIRECTION('',(-0.19118012863,-0.763242978414,-0.617179321039));
#2268 = DIRECTION('',(0.,0.628777134375,-0.777585567824));
#2269 = ADVANCED_FACE('',(#2270),#2287,.T.);
#2270 = FACE_BOUND('',#2271,.T.);
#2271 = EDGE_LOOP('',(#2272,#2280,#2281));
#2272 = ORIENTED_EDGE('',*,*,#2273,.T.);
#2273 = EDGE_CURVE('',#2274,#2251,#2276,.T.);
#2274 = VERTEX_POINT('',#2275);
#2275 = CARTESIAN_POINT('',(0.836072564125,10.756161689758,
    0.397235512733));
#2276 = LINE('',#2277,#2278);
#2277 = CARTESIAN_POINT('',(0.836072564125,10.756161689758,
    0.397235512733));
#2278 = VECTOR('',#2279,1.);
#2279 = DIRECTION('',(-0.179291346395,-0.591044248199,0.786461257646));
#2280 = ORIENTED_EDGE('',*,*,#2259,.T.);
#2281 = ORIENTED_EDGE('',*,*,#2282,.F.);
#2282 = EDGE_CURVE('',#2274,#2096,#2283,.T.);
#2283 = LINE('',#2284,#2285);
#2284 = CARTESIAN_POINT('',(0.836072564125,10.756161689758,
    0.397235512733));
#2285 = VECTOR('',#2286,1.);
#2286 = DIRECTION('',(-0.98145759041,0.157484473991,0.109268653689));
#2287 = PLANE('',#2288);
#2288 = AXIS2_PLACEMENT_3D('',#2289,#2290,#2291);
#2289 = CARTESIAN_POINT('',(0.602583413814,10.242721742798,
    1.104515128557));
#2290 = DIRECTION('',(-0.191182173498,-0.76324262359,-0.617179126406));
#2291 = DIRECTION('',(1.387778780781E-17,0.628777191224,-0.777585521854)
  );
#2292 = ADVANCED_FACE('',(#2293),#2310,.T.);
#2293 = FACE_BOUND('',#2294,.T.);
#2294 = EDGE_LOOP('',(#2295,#2303,#2304));
#2295 = ORIENTED_EDGE('',*,*,#2296,.F.);
#2296 = EDGE_CURVE('',#2251,#2297,#2299,.T.);
#2297 = VERTEX_POINT('',#2298);
#2298 = CARTESIAN_POINT('',(0.65056180954,9.570594787598,1.899999976158)
  );
#2299 = LINE('',#2300,#2301);
#2300 = CARTESIAN_POINT('',(0.493483960629,9.626798629761,1.899999976158
    ));
#2301 = VECTOR('',#2302,1.);
#2302 = DIRECTION('',(0.941543135188,-0.336892452543,0.));
#2303 = ORIENTED_EDGE('',*,*,#2273,.F.);
#2304 = ORIENTED_EDGE('',*,*,#2305,.F.);
#2305 = EDGE_CURVE('',#2297,#2274,#2306,.T.);
#2306 = LINE('',#2307,#2308);
#2307 = CARTESIAN_POINT('',(0.65056180954,9.570594787598,1.899999976158)
  );
#2308 = VECTOR('',#2309,1.);
#2309 = DIRECTION('',(9.646481899391E-02,0.61648984652,-0.781431255987)
  );
#2310 = PLANE('',#2311);
#2311 = AXIS2_PLACEMENT_3D('',#2312,#2313,#2314);
#2312 = CARTESIAN_POINT('',(0.698663003913,10.153252800035,
    1.179950457201));
#2313 = DIRECTION('',(-0.265074633809,-0.740827524903,-0.617179080054));
#2314 = DIRECTION('',(0.,0.640075942202,-0.768311647845));
#2315 = ADVANCED_FACE('',(#2316),#2340,.T.);
#2316 = FACE_BOUND('',#2317,.T.);
#2317 = EDGE_LOOP('',(#2318,#2326,#2334));
#2318 = ORIENTED_EDGE('',*,*,#2319,.F.);
#2319 = EDGE_CURVE('',#2073,#2320,#2322,.T.);
#2320 = VERTEX_POINT('',#2321);
#2321 = CARTESIAN_POINT('',(1.054705500603,10.708604812622,
    0.360419392586));
#2322 = LINE('',#2323,#2324);
#2323 = CARTESIAN_POINT('',(1.078188538551,10.947031974792,
    0.600000023842));
#2324 = VECTOR('',#2325,1.);
#2325 = DIRECTION('',(-6.930864602745E-02,-0.70370212842,-0.707106516759
    ));
#2326 = ORIENTED_EDGE('',*,*,#2327,.T.);
#2327 = EDGE_CURVE('',#2073,#2328,#2330,.T.);
#2328 = VERTEX_POINT('',#2329);
#2329 = CARTESIAN_POINT('',(1.11533343792,10.692653656006,0.353527933359
    ));
#2330 = LINE('',#2331,#2332);
#2331 = CARTESIAN_POINT('',(1.078188538551,10.947031974792,
    0.600000023842));
#2332 = VECTOR('',#2333,1.);
#2333 = DIRECTION('',(0.104298233265,-0.714262514678,-0.692062814103));
#2334 = ORIENTED_EDGE('',*,*,#2335,.T.);
#2335 = EDGE_CURVE('',#2328,#2320,#2336,.T.);
#2336 = LINE('',#2337,#2338);
#2337 = CARTESIAN_POINT('',(1.11533343792,10.692653656006,0.353527933359
    ));
#2338 = VECTOR('',#2339,1.);
#2339 = DIRECTION('',(-0.961297825511,0.25291660657,0.109268846382));
#2340 = PLANE('',#2341);
#2341 = AXIS2_PLACEMENT_3D('',#2342,#2343,#2344);
#2342 = CARTESIAN_POINT('',(1.082234550886,10.813488976352,
    0.468337433936));
#2343 = DIRECTION('',(0.103809555525,0.699875410299,-0.706680964962));
#2344 = DIRECTION('',(0.,-0.710519766179,-0.703677242682));
#2345 = ADVANCED_FACE('',(#2346),#2363,.T.);
#2346 = FACE_BOUND('',#2347,.T.);
#2347 = EDGE_LOOP('',(#2348,#2349,#2357));
#2348 = ORIENTED_EDGE('',*,*,#2327,.F.);
#2349 = ORIENTED_EDGE('',*,*,#2350,.T.);
#2350 = EDGE_CURVE('',#2073,#2351,#2353,.T.);
#2351 = VERTEX_POINT('',#2352);
#2352 = CARTESIAN_POINT('',(1.391571879387,10.603447914124,0.30576312542
    ));
#2353 = LINE('',#2354,#2355);
#2354 = CARTESIAN_POINT('',(1.078188538551,10.947031974792,
    0.600000023842));
#2355 = VECTOR('',#2356,1.);
#2356 = DIRECTION('',(0.569473143168,-0.624353210512,-0.534680659584));
#2357 = ORIENTED_EDGE('',*,*,#2358,.T.);
#2358 = EDGE_CURVE('',#2351,#2328,#2359,.T.);
#2359 = LINE('',#2360,#2361);
#2360 = CARTESIAN_POINT('',(1.391571879387,10.603447914124,0.30576312542
    ));
#2361 = VECTOR('',#2362,1.);
#2362 = DIRECTION('',(-0.938984801919,0.303226572763,0.162361286444));
#2363 = PLANE('',#2364);
#2364 = AXIS2_PLACEMENT_3D('',#2365,#2366,#2367);
#2365 = CARTESIAN_POINT('',(1.198460982202,10.757305534417,0.42976952182
    ));
#2366 = DIRECTION('',(0.103817864442,0.699875425923,-0.706679728881));
#2367 = DIRECTION('',(-6.938893903907E-18,-0.71051914294,-0.703677871981
    ));
#2368 = ADVANCED_FACE('',(#2369),#2386,.T.);
#2369 = FACE_BOUND('',#2370,.T.);
#2370 = EDGE_LOOP('',(#2371,#2372,#2380));
#2371 = ORIENTED_EDGE('',*,*,#2350,.F.);
#2372 = ORIENTED_EDGE('',*,*,#2373,.T.);
#2373 = EDGE_CURVE('',#2073,#2374,#2376,.T.);
#2374 = VERTEX_POINT('',#2375);
#2375 = CARTESIAN_POINT('',(2.145993471146,10.788638114929,
    0.600000023842));
#2376 = LINE('',#2377,#2378);
#2377 = CARTESIAN_POINT('',(1.078188538551,10.947031974792,
    0.600000023842));
#2378 = VECTOR('',#2379,1.);
#2379 = DIRECTION('',(0.98917651525,-0.146730438823,0.));
#2380 = ORIENTED_EDGE('',*,*,#2381,.T.);
#2381 = EDGE_CURVE('',#2374,#2351,#2382,.T.);
#2382 = LINE('',#2383,#2384);
#2383 = CARTESIAN_POINT('',(2.145993471146,10.788638114929,
    0.600000023842));
#2384 = VECTOR('',#2385,1.);
#2385 = DIRECTION('',(-0.908201929317,-0.222939135756,-0.354213773495));
#2386 = PLANE('',#2387);
#2387 = AXIS2_PLACEMENT_3D('',#2388,#2389,#2390);
#2388 = CARTESIAN_POINT('',(1.580625218021,10.789126882347,
    0.517427287519));
#2389 = DIRECTION('',(0.103816607358,0.699874891093,-0.706680443238));
#2390 = DIRECTION('',(-6.938893903907E-18,-0.710519767439,-0.70367724141
    ));
#2391 = ADVANCED_FACE('',(#2392),#2409,.T.);
#2392 = FACE_BOUND('',#2393,.T.);
#2393 = EDGE_LOOP('',(#2394,#2395,#2403));
#2394 = ORIENTED_EDGE('',*,*,#2381,.F.);
#2395 = ORIENTED_EDGE('',*,*,#2396,.T.);
#2396 = EDGE_CURVE('',#2374,#2397,#2399,.T.);
#2397 = VERTEX_POINT('',#2398);
#2398 = CARTESIAN_POINT('',(1.6683614254,10.496879577637,0.24088332057)
  );
#2399 = LINE('',#2400,#2401);
#2400 = CARTESIAN_POINT('',(2.145993471146,10.788638114929,
    0.600000023842));
#2401 = VECTOR('',#2402,1.);
#2402 = DIRECTION('',(-0.718247558143,-0.43873701282,-0.540028035201));
#2403 = ORIENTED_EDGE('',*,*,#2404,.T.);
#2404 = EDGE_CURVE('',#2397,#2351,#2405,.T.);
#2405 = LINE('',#2406,#2407);
#2406 = CARTESIAN_POINT('',(1.6683614254,10.496879577637,0.24088332057)
  );
#2407 = VECTOR('',#2408,1.);
#2408 = DIRECTION('',(-0.911663372035,0.35100476298,0.213694998667));
#2409 = PLANE('',#2410);
#2410 = AXIS2_PLACEMENT_3D('',#2411,#2412,#2413);
#2411 = CARTESIAN_POINT('',(1.779634362424,10.651734172795,
    0.410593581719));
#2412 = DIRECTION('',(0.103816357925,0.699875308553,-0.706680066441));
#2413 = DIRECTION('',(1.387778780781E-17,-0.710519369996,-0.703677642718
    ));
#2414 = ADVANCED_FACE('',(#2415),#2432,.T.);
#2415 = FACE_BOUND('',#2416,.T.);
#2416 = EDGE_LOOP('',(#2417,#2418,#2426));
#2417 = ORIENTED_EDGE('',*,*,#2396,.F.);
#2418 = ORIENTED_EDGE('',*,*,#2419,.F.);
#2419 = EDGE_CURVE('',#2420,#2374,#2422,.T.);
#2420 = VERTEX_POINT('',#2421);
#2421 = CARTESIAN_POINT('',(1.946449279785,10.371755599976,
    0.157817572355));
#2422 = LINE('',#2423,#2424);
#2423 = CARTESIAN_POINT('',(1.946449279785,10.371755599976,
    0.157817572355));
#2424 = VECTOR('',#2425,1.);
#2425 = DIRECTION('',(0.311965220271,0.6517495935,0.691303239334));
#2426 = ORIENTED_EDGE('',*,*,#2427,.T.);
#2427 = EDGE_CURVE('',#2420,#2397,#2428,.T.);
#2428 = LINE('',#2429,#2430);
#2429 = CARTESIAN_POINT('',(1.946449279785,10.371755599976,
    0.157817572355));
#2430 = VECTOR('',#2431,1.);
#2431 = DIRECTION('',(-0.879880433613,0.395896972787,0.262823152486));
#2432 = PLANE('',#2433);
#2433 = AXIS2_PLACEMENT_3D('',#2434,#2435,#2436);
#2434 = CARTESIAN_POINT('',(1.942597268788,10.577419069377,
    0.360934575454));
#2435 = DIRECTION('',(0.103816830129,0.699874921705,-0.706680380193));
#2436 = DIRECTION('',(6.938893903907E-18,-0.710519720664,-0.70367728864)
  );
#2437 = ADVANCED_FACE('',(#2438),#2453,.T.);
#2438 = FACE_BOUND('',#2439,.T.);
#2439 = EDGE_LOOP('',(#2440,#2441,#2447));
#2440 = ORIENTED_EDGE('',*,*,#2419,.T.);
#2441 = ORIENTED_EDGE('',*,*,#2442,.T.);
#2442 = EDGE_CURVE('',#2374,#1066,#2443,.T.);
#2443 = LINE('',#2444,#2445);
#2444 = CARTESIAN_POINT('',(2.145993471146,10.788638114929,
    0.600000023842));
#2445 = VECTOR('',#2446,1.);
#2446 = DIRECTION('',(-0.13794974813,-0.693519575793,-0.707107109979));
#2447 = ORIENTED_EDGE('',*,*,#2448,.T.);
#2448 = EDGE_CURVE('',#1066,#2420,#2449,.T.);
#2449 = LINE('',#2450,#2451);
#2450 = CARTESIAN_POINT('',(2.052169322968,10.316952705383,
    0.119073286653));
#2451 = VECTOR('',#2452,1.);
#2452 = DIRECTION('',(-0.844243300805,0.437636754882,0.309398319036));
#2453 = PLANE('',#2454);
#2454 = AXIS2_PLACEMENT_3D('',#2455,#2456,#2457);
#2455 = CARTESIAN_POINT('',(2.067036202196,10.546861110667,
    0.348951871131));
#2456 = DIRECTION('',(0.103815473975,0.699875341342,-0.706680163826));
#2457 = DIRECTION('',(-6.938893903907E-18,-0.710519401997,
    -0.703677610406));
#2458 = ADVANCED_FACE('',(#2459),#2476,.T.);
#2459 = FACE_BOUND('',#2460,.T.);
#2460 = EDGE_LOOP('',(#2461,#2462,#2470));
#2461 = ORIENTED_EDGE('',*,*,#2442,.F.);
#2462 = ORIENTED_EDGE('',*,*,#2463,.T.);
#2463 = EDGE_CURVE('',#2374,#2464,#2466,.T.);
#2464 = VERTEX_POINT('',#2465);
#2465 = CARTESIAN_POINT('',(3.193131446838,10.526343345642,
    0.600000023842));
#2466 = LINE('',#2467,#2468);
#2467 = CARTESIAN_POINT('',(2.145993471146,10.788638114929,
    0.600000023842));
#2468 = VECTOR('',#2469,1.);
#2469 = DIRECTION('',(0.970031174405,-0.242980494451,0.));
#2470 = ORIENTED_EDGE('',*,*,#2471,.F.);
#2471 = EDGE_CURVE('',#1066,#2464,#2472,.T.);
#2472 = LINE('',#2473,#2474);
#2473 = CARTESIAN_POINT('',(2.052169322968,10.316952705383,
    0.119073286653));
#2474 = VECTOR('',#2475,1.);
#2475 = DIRECTION('',(0.908583998285,0.16674434773,0.382977075764));
#2476 = PLANE('',#2477);
#2477 = AXIS2_PLACEMENT_3D('',#2478,#2479,#2480);
#2478 = CARTESIAN_POINT('',(2.521351265549,10.535659262148,0.44562117206
    ));
#2479 = DIRECTION('',(0.171916745163,0.686329174642,-0.706680194125));
#2480 = DIRECTION('',(-1.387778780781E-17,-0.717360630506,
    -0.696702035163));
#2481 = ADVANCED_FACE('',(#2482),#2492,.T.);
#2482 = FACE_BOUND('',#2483,.T.);
#2483 = EDGE_LOOP('',(#2484,#2485,#2491));
#2484 = ORIENTED_EDGE('',*,*,#2471,.T.);
#2485 = ORIENTED_EDGE('',*,*,#2486,.F.);
#2486 = EDGE_CURVE('',#1020,#2464,#2487,.T.);
#2487 = LINE('',#2488,#2489);
#2488 = CARTESIAN_POINT('',(2.220406532288,10.220406532288,
    6.623562425375E-02));
#2489 = VECTOR('',#2490,1.);
#2490 = DIRECTION('',(0.845146514402,0.265811461767,0.463758165413));
#2491 = ORIENTED_EDGE('',*,*,#1073,.T.);
#2492 = PLANE('',#2493);
#2493 = AXIS2_PLACEMENT_3D('',#2494,#2495,#2496);
#2494 = CARTESIAN_POINT('',(2.622281777633,10.388549497177,
    0.327301749788));
#2495 = DIRECTION('',(0.171917517405,0.686327738578,-0.706681400963));
#2496 = DIRECTION('',(-1.387778780781E-17,-0.717361953723,
    -0.696700672707));
#2497 = ADVANCED_FACE('',(#2498),#2522,.T.);
#2498 = FACE_BOUND('',#2499,.T.);
#2499 = EDGE_LOOP('',(#2500,#2508,#2516));
#2500 = ORIENTED_EDGE('',*,*,#2501,.T.);
#2501 = EDGE_CURVE('',#2464,#2502,#2504,.T.);
#2502 = VERTEX_POINT('',#2503);
#2503 = CARTESIAN_POINT('',(3.01896071434,9.952179908752,0.));
#2504 = LINE('',#2505,#2506);
#2505 = CARTESIAN_POINT('',(3.193131446838,10.526343345642,
    0.600000023842));
#2506 = VECTOR('',#2507,1.);
#2507 = DIRECTION('',(-0.205262301458,-0.676658510754,-0.707107238985));
#2508 = ORIENTED_EDGE('',*,*,#2509,.F.);
#2509 = EDGE_CURVE('',#2510,#2502,#2512,.T.);
#2510 = VERTEX_POINT('',#2511);
#2511 = CARTESIAN_POINT('',(2.391087770462,10.109453201294,0.));
#2512 = LINE('',#2513,#2514);
#2513 = CARTESIAN_POINT('',(2.391087770462,10.109453201294,0.));
#2514 = VECTOR('',#2515,1.);
#2515 = DIRECTION('',(0.970031505383,-0.242979173108,0.));
#2516 = ORIENTED_EDGE('',*,*,#2517,.F.);
#2517 = EDGE_CURVE('',#2464,#2510,#2518,.T.);
#2518 = LINE('',#2519,#2520);
#2519 = CARTESIAN_POINT('',(3.193131446838,10.526343345642,
    0.600000023842));
#2520 = VECTOR('',#2521,1.);
#2521 = DIRECTION('',(-0.739258966027,-0.384255603697,-0.553031474851));
#2522 = PLANE('',#2523);
#2523 = AXIS2_PLACEMENT_3D('',#2524,#2525,#2526);
#2524 = CARTESIAN_POINT('',(2.873488196983,10.220040231975,
    0.224757195378));
#2525 = DIRECTION('',(0.171915846416,0.686329553124,-0.706680045183));
#2526 = DIRECTION('',(0.,-0.717360365099,-0.696702308439));
#2527 = ADVANCED_FACE('',(#2528),#2538,.T.);
#2528 = FACE_BOUND('',#2529,.T.);
#2529 = EDGE_LOOP('',(#2530,#2531,#2532));
#2530 = ORIENTED_EDGE('',*,*,#2486,.T.);
#2531 = ORIENTED_EDGE('',*,*,#2517,.T.);
#2532 = ORIENTED_EDGE('',*,*,#2533,.T.);
#2533 = EDGE_CURVE('',#2510,#1020,#2534,.T.);
#2534 = LINE('',#2535,#2536);
#2535 = CARTESIAN_POINT('',(2.391087770462,10.109453201294,0.));
#2536 = VECTOR('',#2537,1.);
#2537 = DIRECTION('',(-0.797280978167,0.518281805379,0.30939782169));
#2538 = PLANE('',#2539);
#2539 = AXIS2_PLACEMENT_3D('',#2540,#2541,#2542);
#2540 = CARTESIAN_POINT('',(2.709519283668,10.330593876666,
    0.292237921351));
#2541 = DIRECTION('',(0.171916926868,0.686328528448,-0.706680777505));
#2542 = DIRECTION('',(0.,-0.717361245795,-0.696701401629));
#2543 = ADVANCED_FACE('',(#2544),#2561,.T.);
#2544 = FACE_BOUND('',#2545,.T.);
#2545 = EDGE_LOOP('',(#2546,#2554,#2560));
#2546 = ORIENTED_EDGE('',*,*,#2547,.T.);
#2547 = EDGE_CURVE('',#2464,#2548,#2550,.T.);
#2548 = VERTEX_POINT('',#2549);
#2549 = CARTESIAN_POINT('',(3.979907751083,9.608346939087,0.));
#2550 = LINE('',#2551,#2552);
#2551 = CARTESIAN_POINT('',(3.193131446838,10.526343345642,
    0.600000023842));
#2552 = VECTOR('',#2553,1.);
#2553 = DIRECTION('',(0.582919714956,-0.680140213619,-0.444537845108));
#2554 = ORIENTED_EDGE('',*,*,#2555,.F.);
#2555 = EDGE_CURVE('',#2502,#2548,#2556,.T.);
#2556 = LINE('',#2557,#2558);
#2557 = CARTESIAN_POINT('',(3.01896071434,9.952179908752,0.));
#2558 = VECTOR('',#2559,1.);
#2559 = DIRECTION('',(0.941543871858,-0.336890393698,0.));
#2560 = ORIENTED_EDGE('',*,*,#2501,.F.);
#2561 = PLANE('',#2562);
#2562 = AXIS2_PLACEMENT_3D('',#2563,#2564,#2565);
#2563 = CARTESIAN_POINT('',(3.432248734422,10.021638795136,
    0.204878405831));
#2564 = DIRECTION('',(0.23836115279,0.666173589086,-0.706680062011));
#2565 = DIRECTION('',(1.387778780781E-17,-0.727653520823,-0.685944861948
    ));
#2566 = ADVANCED_FACE('',(#2567),#2584,.T.);
#2567 = FACE_BOUND('',#2568,.T.);
#2568 = EDGE_LOOP('',(#2569,#2577,#2578));
#2569 = ORIENTED_EDGE('',*,*,#2570,.T.);
#2570 = EDGE_CURVE('',#2571,#2548,#2573,.T.);
#2571 = VERTEX_POINT('',#2572);
#2572 = CARTESIAN_POINT('',(4.20951795578,10.16267490387,0.600000023842)
  );
#2573 = LINE('',#2574,#2575);
#2574 = CARTESIAN_POINT('',(4.20951795578,10.16267490387,0.600000023842)
  );
#2575 = VECTOR('',#2576,1.);
#2576 = DIRECTION('',(-0.270598152272,-0.653281604889,-0.707106628947));
#2577 = ORIENTED_EDGE('',*,*,#2547,.F.);
#2578 = ORIENTED_EDGE('',*,*,#2579,.T.);
#2579 = EDGE_CURVE('',#2464,#2571,#2580,.T.);
#2580 = LINE('',#2581,#2582);
#2581 = CARTESIAN_POINT('',(3.193131446838,10.526343345642,
    0.600000023842));
#2582 = VECTOR('',#2583,1.);
#2583 = DIRECTION('',(0.941544202169,-0.336889470541,0.));
#2584 = PLANE('',#2585);
#2585 = AXIS2_PLACEMENT_3D('',#2586,#2587,#2588);
#2586 = CARTESIAN_POINT('',(3.755888826849,10.111553721751,
    0.398802024193));
#2587 = DIRECTION('',(0.238360295124,0.666173251248,-0.706680669772));
#2588 = DIRECTION('',(0.,-0.727653988904,-0.685944365406));
#2589 = ADVANCED_FACE('',(#2590),#2607,.T.);
#2590 = FACE_BOUND('',#2591,.T.);
#2591 = EDGE_LOOP('',(#2592,#2600,#2606));
#2592 = ORIENTED_EDGE('',*,*,#2593,.T.);
#2593 = EDGE_CURVE('',#2351,#2594,#2596,.T.);
#2594 = VERTEX_POINT('',#2595);
#2595 = CARTESIAN_POINT('',(0.801374435425,9.499266624451,1.899999976158
    ));
#2596 = LINE('',#2597,#2598);
#2597 = CARTESIAN_POINT('',(1.391571879387,10.603447914124,0.30576312542
    ));
#2598 = VECTOR('',#2599,1.);
#2599 = DIRECTION('',(-0.291153375795,-0.544709424392,0.786461286232));
#2600 = ORIENTED_EDGE('',*,*,#2601,.T.);
#2601 = EDGE_CURVE('',#2594,#2328,#2602,.T.);
#2602 = LINE('',#2603,#2604);
#2603 = CARTESIAN_POINT('',(0.801374435425,9.499266624451,1.899999976158
    ));
#2604 = VECTOR('',#2605,1.);
#2605 = DIRECTION('',(0.158688279861,0.603188740381,-0.781652974991));
#2606 = ORIENTED_EDGE('',*,*,#2358,.F.);
#2607 = PLANE('',#2608);
#2608 = AXIS2_PLACEMENT_3D('',#2609,#2610,#2611);
#2609 = CARTESIAN_POINT('',(1.043660290207,10.112706243948,
    1.060965985642));
#2610 = DIRECTION('',(-0.336410835704,-0.7112789139,-0.617179111978));
#2611 = DIRECTION('',(2.775557561563E-17,0.655377582681,-0.755301412761)
  );
#2612 = ADVANCED_FACE('',(#2613),#2630,.T.);
#2613 = FACE_BOUND('',#2614,.T.);
#2614 = EDGE_LOOP('',(#2615,#2623,#2629));
#2615 = ORIENTED_EDGE('',*,*,#2616,.T.);
#2616 = EDGE_CURVE('',#2397,#2617,#2619,.T.);
#2617 = VERTEX_POINT('',#2618);
#2618 = CARTESIAN_POINT('',(0.9444693923,9.413497924805,1.899999976158)
  );
#2619 = LINE('',#2620,#2621);
#2620 = CARTESIAN_POINT('',(1.6683614254,10.496879577637,0.24088332057)
  );
#2621 = VECTOR('',#2622,1.);
#2622 = DIRECTION('',(-0.343142175142,-0.513548871742,0.786461063226));
#2623 = ORIENTED_EDGE('',*,*,#2624,.T.);
#2624 = EDGE_CURVE('',#2617,#2351,#2625,.T.);
#2625 = LINE('',#2626,#2627);
#2626 = CARTESIAN_POINT('',(0.9444693923,9.413497924805,1.899999976158)
  );
#2627 = VECTOR('',#2628,1.);
#2628 = DIRECTION('',(0.219276646235,0.583598280889,-0.781876460164));
#2629 = ORIENTED_EDGE('',*,*,#2404,.F.);
#2630 = PLANE('',#2631);
#2631 = AXIS2_PLACEMENT_3D('',#2632,#2633,#2634);
#2632 = CARTESIAN_POINT('',(1.258278921747,10.020164733127,
    1.030940227302));
#2633 = DIRECTION('',(-0.404507182416,-0.674880405597,-0.617179372237));
#2634 = DIRECTION('',(-2.775557561563E-17,0.674856066561,-0.737949381344
    ));
#2635 = ADVANCED_FACE('',(#2636),#2651,.T.);
#2636 = FACE_BOUND('',#2637,.T.);
#2637 = EDGE_LOOP('',(#2638,#2644,#2645));
#2638 = ORIENTED_EDGE('',*,*,#2639,.F.);
#2639 = EDGE_CURVE('',#2320,#2274,#2640,.T.);
#2640 = LINE('',#2641,#2642);
#2641 = CARTESIAN_POINT('',(1.054705500603,10.708604812622,
    0.360419392586));
#2642 = VECTOR('',#2643,1.);
#2643 = DIRECTION('',(-0.964184943256,0.209728806747,0.162361395714));
#2644 = ORIENTED_EDGE('',*,*,#2335,.F.);
#2645 = ORIENTED_EDGE('',*,*,#2646,.T.);
#2646 = EDGE_CURVE('',#2328,#2274,#2647,.T.);
#2647 = LINE('',#2648,#2649);
#2648 = CARTESIAN_POINT('',(1.11533343792,10.692653656006,0.353527933359
    ));
#2649 = VECTOR('',#2650,1.);
#2650 = DIRECTION('',(-0.963941797812,0.21921455519,0.150868118643));
#2651 = PLANE('',#2652);
#2652 = AXIS2_PLACEMENT_3D('',#2653,#2654,#2655);
#2653 = CARTESIAN_POINT('',(0.97573862386,10.724940547581,0.374726638129
    ));
#2654 = DIRECTION('',(-0.265073681275,-0.7408988153,-0.61709390613));
#2655 = DIRECTION('',(2.775557561563E-17,0.639987434587,-0.768385374386)
  );
#2656 = ADVANCED_FACE('',(#2657),#2667,.T.);
#2657 = FACE_BOUND('',#2658,.T.);
#2658 = EDGE_LOOP('',(#2659,#2665,#2666));
#2659 = ORIENTED_EDGE('',*,*,#2660,.T.);
#2660 = EDGE_CURVE('',#2328,#2297,#2661,.T.);
#2661 = LINE('',#2662,#2663);
#2662 = CARTESIAN_POINT('',(1.11533343792,10.692653656006,0.353527933359
    ));
#2663 = VECTOR('',#2664,1.);
#2664 = DIRECTION('',(-0.236360407578,-0.57062495916,0.786461005844));
#2665 = ORIENTED_EDGE('',*,*,#2305,.T.);
#2666 = ORIENTED_EDGE('',*,*,#2646,.F.);
#2667 = PLANE('',#2668);
#2668 = AXIS2_PLACEMENT_3D('',#2669,#2670,#2671);
#2669 = CARTESIAN_POINT('',(0.825125030963,10.187328979937,
    1.084733103918));
#2670 = DIRECTION('',(-0.265071077638,-0.740828513377,-0.617179420888));
#2671 = DIRECTION('',(0.,0.640075646718,-0.768311894011));
#2672 = ADVANCED_FACE('',(#2673),#2683,.T.);
#2673 = FACE_BOUND('',#2674,.T.);
#2674 = EDGE_LOOP('',(#2675,#2681,#2682));
#2675 = ORIENTED_EDGE('',*,*,#2676,.F.);
#2676 = EDGE_CURVE('',#2297,#2594,#2677,.T.);
#2677 = LINE('',#2678,#2679);
#2678 = CARTESIAN_POINT('',(0.65056180954,9.570594787598,1.899999976158)
  );
#2679 = VECTOR('',#2680,1.);
#2680 = DIRECTION('',(0.903991370455,-0.427550701255,0.));
#2681 = ORIENTED_EDGE('',*,*,#2660,.F.);
#2682 = ORIENTED_EDGE('',*,*,#2601,.F.);
#2683 = PLANE('',#2684);
#2684 = AXIS2_PLACEMENT_3D('',#2685,#2686,#2687);
#2685 = CARTESIAN_POINT('',(0.912862488738,10.090252554833,1.15813782604
    ));
#2686 = DIRECTION('',(-0.336406449705,-0.711280619132,-0.617179537448));
#2687 = DIRECTION('',(0.,0.655376944081,-0.755301966877));
#2688 = ADVANCED_FACE('',(#2689),#2699,.T.);
#2689 = FACE_BOUND('',#2690,.T.);
#2690 = EDGE_LOOP('',(#2691,#2697,#2698));
#2691 = ORIENTED_EDGE('',*,*,#2692,.F.);
#2692 = EDGE_CURVE('',#2594,#2617,#2693,.T.);
#2693 = LINE('',#2694,#2695);
#2694 = CARTESIAN_POINT('',(0.801374435425,9.499266624451,1.899999976158
    ));
#2695 = VECTOR('',#2696,1.);
#2696 = DIRECTION('',(0.85772627563,-0.514106638834,0.));
#2697 = ORIENTED_EDGE('',*,*,#2593,.F.);
#2698 = ORIENTED_EDGE('',*,*,#2624,.F.);
#2699 = PLANE('',#2700);
#2700 = AXIS2_PLACEMENT_3D('',#2701,#2702,#2703);
#2701 = CARTESIAN_POINT('',(1.122126672346,10.007250438831,
    1.134298092563));
#2702 = DIRECTION('',(-0.404510808041,-0.674878561421,-0.617179012534));
#2703 = DIRECTION('',(0.,0.674856856618,-0.737948658834));
#2704 = ADVANCED_FACE('',(#2705),#2722,.T.);
#2705 = FACE_BOUND('',#2706,.T.);
#2706 = EDGE_LOOP('',(#2707,#2715,#2716));
#2707 = ORIENTED_EDGE('',*,*,#2708,.F.);
#2708 = EDGE_CURVE('',#2617,#2709,#2711,.T.);
#2709 = VERTEX_POINT('',#2710);
#2710 = CARTESIAN_POINT('',(1.078468561172,9.314117431641,1.899999976158
    ));
#2711 = LINE('',#2712,#2713);
#2712 = CARTESIAN_POINT('',(0.9444693923,9.413497924805,1.899999976158)
  );
#2713 = VECTOR('',#2714,1.);
#2714 = DIRECTION('',(0.803207713973,-0.595699058429,0.));
#2715 = ORIENTED_EDGE('',*,*,#2616,.F.);
#2716 = ORIENTED_EDGE('',*,*,#2717,.T.);
#2717 = EDGE_CURVE('',#2397,#2709,#2718,.T.);
#2718 = LINE('',#2719,#2720);
#2719 = CARTESIAN_POINT('',(1.6683614254,10.496879577637,0.24088332057)
  );
#2720 = VECTOR('',#2721,1.);
#2721 = DIRECTION('',(-0.278091512863,-0.55758618977,0.782152639484));
#2722 = PLANE('',#2723);
#2723 = AXIS2_PLACEMENT_3D('',#2724,#2725,#2726);
#2724 = CARTESIAN_POINT('',(1.327543718217,9.908785750397,1.101911945614
    ));
#2725 = DIRECTION('',(-0.468709410183,-0.631981885054,-0.617179378925));
#2726 = DIRECTION('',(-2.775557561563E-17,0.698678543869,-0.715435735993
    ));
#2727 = ADVANCED_FACE('',(#2728),#2738,.T.);
#2728 = FACE_BOUND('',#2729,.T.);
#2729 = EDGE_LOOP('',(#2730,#2736,#2737));
#2730 = ORIENTED_EDGE('',*,*,#2731,.T.);
#2731 = EDGE_CURVE('',#2420,#2709,#2732,.T.);
#2732 = LINE('',#2733,#2734);
#2733 = CARTESIAN_POINT('',(1.946449279785,10.371755599976,
    0.157817572355));
#2734 = VECTOR('',#2735,1.);
#2735 = DIRECTION('',(-0.391826410042,-0.477442134065,0.786461107121));
#2736 = ORIENTED_EDGE('',*,*,#2717,.F.);
#2737 = ORIENTED_EDGE('',*,*,#2427,.F.);
#2738 = PLANE('',#2739);
#2739 = AXIS2_PLACEMENT_3D('',#2740,#2741,#2742);
#2740 = CARTESIAN_POINT('',(1.469100573993,9.911634113761,0.99149155526)
  );
#2741 = DIRECTION('',(-0.46870984615,-0.631981605184,-0.617179334416));
#2742 = DIRECTION('',(0.,0.698678676448,-0.71543560652));
#2743 = ADVANCED_FACE('',(#2744),#2754,.T.);
#2744 = FACE_BOUND('',#2745,.T.);
#2745 = EDGE_LOOP('',(#2746,#2747,#2753));
#2746 = ORIENTED_EDGE('',*,*,#1065,.T.);
#2747 = ORIENTED_EDGE('',*,*,#2748,.T.);
#2748 = EDGE_CURVE('',#1043,#2420,#2749,.T.);
#2749 = LINE('',#2750,#2751);
#2750 = CARTESIAN_POINT('',(1.202081561089,9.202081680298,1.899999976158
    ));
#2751 = VECTOR('',#2752,1.);
#2752 = DIRECTION('',(0.334317936404,0.525335746393,-0.78246653025));
#2753 = ORIENTED_EDGE('',*,*,#2448,.F.);
#2754 = PLANE('',#2755);
#2755 = AXIS2_PLACEMENT_3D('',#2756,#2757,#2758);
#2756 = CARTESIAN_POINT('',(1.611732871108,9.788585412535,0.9952566279)
  );
#2757 = DIRECTION('',(-0.528396865664,-0.582997823556,-0.617179301407));
#2758 = DIRECTION('',(-2.775557561563E-17,-0.726950671282,0.686689683571
    ));
#2759 = ADVANCED_FACE('',(#2760),#2770,.T.);
#2760 = FACE_BOUND('',#2761,.T.);
#2761 = EDGE_LOOP('',(#2762,#2763,#2769));
#2762 = ORIENTED_EDGE('',*,*,#2533,.F.);
#2763 = ORIENTED_EDGE('',*,*,#2764,.F.);
#2764 = EDGE_CURVE('',#845,#2510,#2765,.T.);
#2765 = LINE('',#2766,#2767);
#2766 = CARTESIAN_POINT('',(2.467562675476,10.025075912476,0.));
#2767 = VECTOR('',#2768,1.);
#2768 = DIRECTION('',(-0.67155793357,0.740952050985,0.));
#2769 = ORIENTED_EDGE('',*,*,#1027,.F.);
#2770 = PLANE('',#2771);
#2771 = AXIS2_PLACEMENT_3D('',#2772,#2773,#2774);
#2772 = CARTESIAN_POINT('',(2.346342743669,10.126917764297,
    2.731455373776E-02));
#2773 = DIRECTION('',(-0.582997082335,-0.52839629146,-0.617180493179));
#2774 = DIRECTION('',(-0.726951769023,0.,0.686688521467));
#2775 = ADVANCED_FACE('',(#2776),#2786,.T.);
#2776 = FACE_BOUND('',#2777,.T.);
#2777 = EDGE_LOOP('',(#2778,#2784,#2785));
#2778 = ORIENTED_EDGE('',*,*,#2779,.F.);
#2779 = EDGE_CURVE('',#2709,#1043,#2780,.T.);
#2780 = LINE('',#2781,#2782);
#2781 = CARTESIAN_POINT('',(1.078468561172,9.314117431641,1.899999976158
    ));
#2782 = VECTOR('',#2783,1.);
#2783 = DIRECTION('',(0.74095273951,-0.671557173897,0.));
#2784 = ORIENTED_EDGE('',*,*,#2731,.F.);
#2785 = ORIENTED_EDGE('',*,*,#2748,.F.);
#2786 = PLANE('',#2787);
#2787 = AXIS2_PLACEMENT_3D('',#2788,#2789,#2790);
#2788 = CARTESIAN_POINT('',(1.528846299669,9.794701741053,1.060442168932
    ));
#2789 = DIRECTION('',(-0.528396289356,-0.582998281253,-0.617179362464));
#2790 = DIRECTION('',(2.775557561563E-17,-0.726950436079,0.686689932564)
  );
#2791 = ADVANCED_FACE('',(#2792),#2817,.T.);
#2792 = FACE_BOUND('',#2793,.T.);
#2793 = EDGE_LOOP('',(#2794,#2795,#2803,#2811));
#2794 = ORIENTED_EDGE('',*,*,#866,.T.);
#2795 = ORIENTED_EDGE('',*,*,#2796,.T.);
#2796 = EDGE_CURVE('',#867,#2797,#2799,.T.);
#2797 = VERTEX_POINT('',#2798);
#2798 = CARTESIAN_POINT('',(1.499266147614,8.801374435425,3.));
#2799 = LINE('',#2800,#2801);
#2800 = CARTESIAN_POINT('',(1.499266147614,8.801374435425,1.899999976158
    ));
#2801 = VECTOR('',#2802,1.);
#2802 = DIRECTION('',(0.,0.,1.));
#2803 = ORIENTED_EDGE('',*,*,#2804,.F.);
#2804 = EDGE_CURVE('',#2805,#2797,#2807,.T.);
#2805 = VERTEX_POINT('',#2806);
#2806 = CARTESIAN_POINT('',(1.413498282433,8.944469451904,3.));
#2807 = LINE('',#2808,#2809);
#2808 = CARTESIAN_POINT('',(1.413498282433,8.944469451904,3.));
#2809 = VECTOR('',#2810,1.);
#2810 = DIRECTION('',(0.514102801426,-0.857728575696,0.));
#2811 = ORIENTED_EDGE('',*,*,#2812,.F.);
#2812 = EDGE_CURVE('',#837,#2805,#2813,.T.);
#2813 = LINE('',#2814,#2815);
#2814 = CARTESIAN_POINT('',(1.413498282433,8.944469451904,1.899999976158
    ));
#2815 = VECTOR('',#2816,1.);
#2816 = DIRECTION('',(0.,0.,1.));
#2817 = PLANE('',#2818);
#2818 = AXIS2_PLACEMENT_3D('',#2819,#2820,#2821);
#2819 = CARTESIAN_POINT('',(1.456382215023,8.872921943665,2.449999988079
    ));
#2820 = DIRECTION('',(-0.857728575696,-0.514102801426,-0.));
#2821 = DIRECTION('',(0.514102801426,-0.857728575696,0.));
#2822 = ADVANCED_FACE('',(#2823),#2841,.T.);
#2823 = FACE_BOUND('',#2824,.T.);
#2824 = EDGE_LOOP('',(#2825,#2826,#2827,#2835));
#2825 = ORIENTED_EDGE('',*,*,#2796,.F.);
#2826 = ORIENTED_EDGE('',*,*,#912,.T.);
#2827 = ORIENTED_EDGE('',*,*,#2828,.T.);
#2828 = EDGE_CURVE('',#913,#2829,#2831,.T.);
#2829 = VERTEX_POINT('',#2830);
#2830 = CARTESIAN_POINT('',(1.570595264435,8.650562286377,3.));
#2831 = LINE('',#2832,#2833);
#2832 = CARTESIAN_POINT('',(1.570595264435,8.650562286377,1.899999976158
    ));
#2833 = VECTOR('',#2834,1.);
#2834 = DIRECTION('',(0.,0.,1.));
#2835 = ORIENTED_EDGE('',*,*,#2836,.F.);
#2836 = EDGE_CURVE('',#2797,#2829,#2837,.T.);
#2837 = LINE('',#2838,#2839);
#2838 = CARTESIAN_POINT('',(1.499266147614,8.801374435425,3.));
#2839 = VECTOR('',#2840,1.);
#2840 = DIRECTION('',(0.427556477446,-0.903988638532,0.));
#2841 = PLANE('',#2842);
#2842 = AXIS2_PLACEMENT_3D('',#2843,#2844,#2845);
#2843 = CARTESIAN_POINT('',(1.534930706024,8.725968360901,2.449999988079
    ));
#2844 = DIRECTION('',(-0.903988638532,-0.427556477446,-0.));
#2845 = DIRECTION('',(0.427556477446,-0.903988638532,0.));
#2846 = ADVANCED_FACE('',(#2847),#2865,.T.);
#2847 = FACE_BOUND('',#2848,.T.);
#2848 = EDGE_LOOP('',(#2849,#2850,#2858,#2864));
#2849 = ORIENTED_EDGE('',*,*,#958,.T.);
#2850 = ORIENTED_EDGE('',*,*,#2851,.T.);
#2851 = EDGE_CURVE('',#813,#2852,#2854,.T.);
#2852 = VERTEX_POINT('',#2853);
#2853 = CARTESIAN_POINT('',(1.626798629761,8.493483543396,3.));
#2854 = LINE('',#2855,#2856);
#2855 = CARTESIAN_POINT('',(1.626798629761,8.493483543396,1.899999976158
    ));
#2856 = VECTOR('',#2857,1.);
#2857 = DIRECTION('',(0.,0.,1.));
#2858 = ORIENTED_EDGE('',*,*,#2859,.F.);
#2859 = EDGE_CURVE('',#2829,#2852,#2860,.T.);
#2860 = LINE('',#2861,#2862);
#2861 = CARTESIAN_POINT('',(1.570595264435,8.650562286377,3.));
#2862 = VECTOR('',#2863,1.);
#2863 = DIRECTION('',(0.336888218818,-0.941544650042,0.));
#2864 = ORIENTED_EDGE('',*,*,#2828,.F.);
#2865 = PLANE('',#2866);
#2866 = AXIS2_PLACEMENT_3D('',#2867,#2868,#2869);
#2867 = CARTESIAN_POINT('',(1.598696947098,8.572022914886,2.449999988079
    ));
#2868 = DIRECTION('',(-0.941544650042,-0.336888218818,-0.));
#2869 = DIRECTION('',(0.336888218818,-0.941544650042,0.));
#2870 = ADVANCED_FACE('',(#2871),#2889,.T.);
#2871 = FACE_BOUND('',#2872,.T.);
#2872 = EDGE_LOOP('',(#2873,#2874,#2875,#2883));
#2873 = ORIENTED_EDGE('',*,*,#2851,.F.);
#2874 = ORIENTED_EDGE('',*,*,#812,.T.);
#2875 = ORIENTED_EDGE('',*,*,#2876,.T.);
#2876 = EDGE_CURVE('',#782,#2877,#2879,.T.);
#2877 = VERTEX_POINT('',#2878);
#2878 = CARTESIAN_POINT('',(1.667335033417,8.331653594971,3.));
#2879 = LINE('',#2880,#2881);
#2880 = CARTESIAN_POINT('',(1.667335033417,8.331653594971,1.899999976158
    ));
#2881 = VECTOR('',#2882,1.);
#2882 = DIRECTION('',(0.,0.,1.));
#2883 = ORIENTED_EDGE('',*,*,#2884,.F.);
#2884 = EDGE_CURVE('',#2852,#2877,#2885,.T.);
#2885 = LINE('',#2886,#2887);
#2886 = CARTESIAN_POINT('',(1.626798629761,8.493483543396,3.));
#2887 = VECTOR('',#2888,1.);
#2888 = DIRECTION('',(0.242980810523,-0.970031095232,0.));
#2889 = PLANE('',#2890);
#2890 = AXIS2_PLACEMENT_3D('',#2891,#2892,#2893);
#2891 = CARTESIAN_POINT('',(1.647066831589,8.412568569183,2.449999988079
    ));
#2892 = DIRECTION('',(-0.970031095232,-0.242980810523,-0.));
#2893 = DIRECTION('',(0.242980810523,-0.970031095232,0.));
#2894 = ADVANCED_FACE('',(#2895),#2920,.T.);
#2895 = FACE_BOUND('',#2896,.T.);
#2896 = EDGE_LOOP('',(#2897,#2898,#2906,#2914));
#2897 = ORIENTED_EDGE('',*,*,#2876,.F.);
#2898 = ORIENTED_EDGE('',*,*,#2899,.T.);
#2899 = EDGE_CURVE('',#782,#2900,#2902,.T.);
#2900 = VERTEX_POINT('',#2901);
#2901 = CARTESIAN_POINT('',(1.69181406498,8.166628837585,1.899999976158)
  );
#2902 = LINE('',#2903,#2904);
#2903 = CARTESIAN_POINT('',(1.667335033417,8.331653594971,1.899999976158
    ));
#2904 = VECTOR('',#2905,1.);
#2905 = DIRECTION('',(0.146730012334,-0.989176578514,0.));
#2906 = ORIENTED_EDGE('',*,*,#2907,.T.);
#2907 = EDGE_CURVE('',#2900,#2908,#2910,.T.);
#2908 = VERTEX_POINT('',#2909);
#2909 = CARTESIAN_POINT('',(1.69181406498,8.166628837585,3.));
#2910 = LINE('',#2911,#2912);
#2911 = CARTESIAN_POINT('',(1.69181406498,8.166628837585,1.899999976158)
  );
#2912 = VECTOR('',#2913,1.);
#2913 = DIRECTION('',(0.,0.,1.));
#2914 = ORIENTED_EDGE('',*,*,#2915,.F.);
#2915 = EDGE_CURVE('',#2877,#2908,#2916,.T.);
#2916 = LINE('',#2917,#2918);
#2917 = CARTESIAN_POINT('',(1.667335033417,8.331653594971,3.));
#2918 = VECTOR('',#2919,1.);
#2919 = DIRECTION('',(0.146730012334,-0.989176578514,0.));
#2920 = PLANE('',#2921);
#2921 = AXIS2_PLACEMENT_3D('',#2922,#2923,#2924);
#2922 = CARTESIAN_POINT('',(1.679574549198,8.249141216278,2.449999988079
    ));
#2923 = DIRECTION('',(-0.989176578514,-0.146730012334,-0.));
#2924 = DIRECTION('',(0.146730012334,-0.989176578514,0.));
#2925 = ADVANCED_FACE('',(#2926),#2951,.T.);
#2926 = FACE_BOUND('',#2927,.T.);
#2927 = EDGE_LOOP('',(#2928,#2929,#2937,#2945));
#2928 = ORIENTED_EDGE('',*,*,#1042,.T.);
#2929 = ORIENTED_EDGE('',*,*,#2930,.T.);
#2930 = EDGE_CURVE('',#996,#2931,#2933,.T.);
#2931 = VERTEX_POINT('',#2932);
#2932 = CARTESIAN_POINT('',(1.314117789268,9.078468322754,3.));
#2933 = LINE('',#2934,#2935);
#2934 = CARTESIAN_POINT('',(1.314117789268,9.078468322754,1.899999976158
    ));
#2935 = VECTOR('',#2936,1.);
#2936 = DIRECTION('',(0.,0.,1.));
#2937 = ORIENTED_EDGE('',*,*,#2938,.F.);
#2938 = EDGE_CURVE('',#2939,#2931,#2941,.T.);
#2939 = VERTEX_POINT('',#2940);
#2940 = CARTESIAN_POINT('',(1.202081561089,9.202081680298,3.));
#2941 = LINE('',#2942,#2943);
#2942 = CARTESIAN_POINT('',(1.202081561089,9.202081680298,3.));
#2943 = VECTOR('',#2944,1.);
#2944 = DIRECTION('',(0.671557676419,-0.740952284053,0.));
#2945 = ORIENTED_EDGE('',*,*,#2946,.F.);
#2946 = EDGE_CURVE('',#1043,#2939,#2947,.T.);
#2947 = LINE('',#2948,#2949);
#2948 = CARTESIAN_POINT('',(1.202081561089,9.202081680298,1.899999976158
    ));
#2949 = VECTOR('',#2950,1.);
#2950 = DIRECTION('',(0.,0.,1.));
#2951 = PLANE('',#2952);
#2952 = AXIS2_PLACEMENT_3D('',#2953,#2954,#2955);
#2953 = CARTESIAN_POINT('',(1.258099675179,9.140275001526,2.449999988079
    ));
#2954 = DIRECTION('',(-0.740952284053,-0.671557676419,-0.));
#2955 = DIRECTION('',(0.671557676419,-0.740952284053,0.));
#2956 = ADVANCED_FACE('',(#2957),#2968,.T.);
#2957 = FACE_BOUND('',#2958,.T.);
#2958 = EDGE_LOOP('',(#2959,#2960,#2961,#2962));
#2959 = ORIENTED_EDGE('',*,*,#2930,.F.);
#2960 = ORIENTED_EDGE('',*,*,#995,.T.);
#2961 = ORIENTED_EDGE('',*,*,#2812,.T.);
#2962 = ORIENTED_EDGE('',*,*,#2963,.F.);
#2963 = EDGE_CURVE('',#2931,#2805,#2964,.T.);
#2964 = LINE('',#2965,#2966);
#2965 = CARTESIAN_POINT('',(1.314117789268,9.078468322754,3.));
#2966 = VECTOR('',#2967,1.);
#2967 = DIRECTION('',(0.595699913164,-0.803207080059,0.));
#2968 = PLANE('',#2969);
#2969 = AXIS2_PLACEMENT_3D('',#2970,#2971,#2972);
#2970 = CARTESIAN_POINT('',(1.363808035851,9.011468887329,2.449999988079
    ));
#2971 = DIRECTION('',(-0.803207080059,-0.595699913164,-0.));
#2972 = DIRECTION('',(0.595699913164,-0.803207080059,0.));
#2973 = ADVANCED_FACE('',(#2974),#2999,.T.);
#2974 = FACE_BOUND('',#2975,.T.);
#2975 = EDGE_LOOP('',(#2976,#2977,#2985,#2993));
#2976 = ORIENTED_EDGE('',*,*,#2250,.T.);
#2977 = ORIENTED_EDGE('',*,*,#2978,.T.);
#2978 = EDGE_CURVE('',#2251,#2979,#2981,.T.);
#2979 = VERTEX_POINT('',#2980);
#2980 = CARTESIAN_POINT('',(0.493483960629,9.626798629761,3.));
#2981 = LINE('',#2982,#2983);
#2982 = CARTESIAN_POINT('',(0.493483960629,9.626798629761,1.899999976158
    ));
#2983 = VECTOR('',#2984,1.);
#2984 = DIRECTION('',(0.,0.,1.));
#2985 = ORIENTED_EDGE('',*,*,#2986,.F.);
#2986 = EDGE_CURVE('',#2987,#2979,#2989,.T.);
#2987 = VERTEX_POINT('',#2988);
#2988 = CARTESIAN_POINT('',(0.331653535366,9.66733455658,3.));
#2989 = LINE('',#2990,#2991);
#2990 = CARTESIAN_POINT('',(0.331653535366,9.66733455658,3.));
#2991 = VECTOR('',#2992,1.);
#2992 = DIRECTION('',(0.970031937655,-0.242977447368,0.));
#2993 = ORIENTED_EDGE('',*,*,#2994,.F.);
#2994 = EDGE_CURVE('',#2196,#2987,#2995,.T.);
#2995 = LINE('',#2996,#2997);
#2996 = CARTESIAN_POINT('',(0.331653535366,9.66733455658,1.899999976158)
  );
#2997 = VECTOR('',#2998,1.);
#2998 = DIRECTION('',(0.,0.,1.));
#2999 = PLANE('',#3000);
#3000 = AXIS2_PLACEMENT_3D('',#3001,#3002,#3003);
#3001 = CARTESIAN_POINT('',(0.412568747997,9.64706659317,2.449999988079)
  );
#3002 = DIRECTION('',(-0.242977447368,-0.970031937655,-0.));
#3003 = DIRECTION('',(-0.970031937655,0.242977447368,0.));
#3004 = ADVANCED_FACE('',(#3005),#3023,.T.);
#3005 = FACE_BOUND('',#3006,.T.);
#3006 = EDGE_LOOP('',(#3007,#3008,#3009,#3017));
#3007 = ORIENTED_EDGE('',*,*,#2978,.F.);
#3008 = ORIENTED_EDGE('',*,*,#2296,.T.);
#3009 = ORIENTED_EDGE('',*,*,#3010,.T.);
#3010 = EDGE_CURVE('',#2297,#3011,#3013,.T.);
#3011 = VERTEX_POINT('',#3012);
#3012 = CARTESIAN_POINT('',(0.65056180954,9.570594787598,3.));
#3013 = LINE('',#3014,#3015);
#3014 = CARTESIAN_POINT('',(0.65056180954,9.570594787598,1.899999976158)
  );
#3015 = VECTOR('',#3016,1.);
#3016 = DIRECTION('',(0.,0.,1.));
#3017 = ORIENTED_EDGE('',*,*,#3018,.F.);
#3018 = EDGE_CURVE('',#2979,#3011,#3019,.T.);
#3019 = LINE('',#3020,#3021);
#3020 = CARTESIAN_POINT('',(0.493483960629,9.626798629761,3.));
#3021 = VECTOR('',#3022,1.);
#3022 = DIRECTION('',(0.941543135188,-0.336892452543,0.));
#3023 = PLANE('',#3024);
#3024 = AXIS2_PLACEMENT_3D('',#3025,#3026,#3027);
#3025 = CARTESIAN_POINT('',(0.572022885084,9.598696708679,2.449999988079
    ));
#3026 = DIRECTION('',(-0.336892452543,-0.941543135188,-0.));
#3027 = DIRECTION('',(-0.941543135188,0.336892452543,0.));
#3028 = ADVANCED_FACE('',(#3029),#3054,.T.);
#3029 = FACE_BOUND('',#3030,.T.);
#3030 = EDGE_LOOP('',(#3031,#3032,#3040,#3048));
#3031 = ORIENTED_EDGE('',*,*,#2907,.F.);
#3032 = ORIENTED_EDGE('',*,*,#3033,.T.);
#3033 = EDGE_CURVE('',#2900,#3034,#3036,.T.);
#3034 = VERTEX_POINT('',#3035);
#3035 = CARTESIAN_POINT('',(1.700000047684,8.,1.899999976158));
#3036 = LINE('',#3037,#3038);
#3037 = CARTESIAN_POINT('',(1.69181406498,8.166628837585,1.899999976158)
  );
#3038 = VECTOR('',#3039,1.);
#3039 = DIRECTION('',(4.906787065801E-02,-0.99879544656,0.));
#3040 = ORIENTED_EDGE('',*,*,#3041,.T.);
#3041 = EDGE_CURVE('',#3034,#3042,#3044,.T.);
#3042 = VERTEX_POINT('',#3043);
#3043 = CARTESIAN_POINT('',(1.700000047684,8.,3.));
#3044 = LINE('',#3045,#3046);
#3045 = CARTESIAN_POINT('',(1.700000047684,8.,1.899999976158));
#3046 = VECTOR('',#3047,1.);
#3047 = DIRECTION('',(0.,0.,1.));
#3048 = ORIENTED_EDGE('',*,*,#3049,.F.);
#3049 = EDGE_CURVE('',#2908,#3042,#3050,.T.);
#3050 = LINE('',#3051,#3052);
#3051 = CARTESIAN_POINT('',(1.69181406498,8.166628837585,3.));
#3052 = VECTOR('',#3053,1.);
#3053 = DIRECTION('',(4.906787065801E-02,-0.99879544656,0.));
#3054 = PLANE('',#3055);
#3055 = AXIS2_PLACEMENT_3D('',#3056,#3057,#3058);
#3056 = CARTESIAN_POINT('',(1.695907056332,8.083314418793,2.449999988079
    ));
#3057 = DIRECTION('',(-0.99879544656,-4.906787065801E-02,-0.));
#3058 = DIRECTION('',(4.906787065801E-02,-0.99879544656,0.));
#3059 = ADVANCED_FACE('',(#3060),#3084,.T.);
#3060 = FACE_BOUND('',#3061,.T.);
#3061 = EDGE_LOOP('',(#3062,#3070,#3078));
#3062 = ORIENTED_EDGE('',*,*,#3063,.T.);
#3063 = EDGE_CURVE('',#3064,#3034,#3066,.T.);
#3064 = VERTEX_POINT('',#3065);
#3065 = CARTESIAN_POINT('',(3.192146539688,8.,0.));
#3066 = LINE('',#3067,#3068);
#3067 = CARTESIAN_POINT('',(3.192146539688,8.,0.));
#3068 = VECTOR('',#3069,1.);
#3069 = DIRECTION('',(-0.617639663609,0.,0.786461217058));
#3070 = ORIENTED_EDGE('',*,*,#3071,.T.);
#3071 = EDGE_CURVE('',#3034,#3072,#3074,.T.);
#3072 = VERTEX_POINT('',#3073);
#3073 = CARTESIAN_POINT('',(3.176775455475,8.312885284424,0.));
#3074 = LINE('',#3075,#3076);
#3075 = CARTESIAN_POINT('',(1.700000047684,8.,1.899999976158));
#3076 = VECTOR('',#3077,1.);
#3077 = DIRECTION('',(0.608558627934,0.128935678631,-0.782963592476));
#3078 = ORIENTED_EDGE('',*,*,#3079,.F.);
#3079 = EDGE_CURVE('',#3064,#3072,#3080,.T.);
#3080 = LINE('',#3081,#3082);
#3081 = CARTESIAN_POINT('',(3.192146539688,8.,0.));
#3082 = VECTOR('',#3083,1.);
#3083 = DIRECTION('',(-4.906772480305E-02,0.998795453725,0.));
#3084 = PLANE('',#3085);
#3085 = AXIS2_PLACEMENT_3D('',#3086,#3087,#3088);
#3086 = CARTESIAN_POINT('',(2.487319638517,8.083137700546,0.892278966799
    ));
#3087 = DIRECTION('',(-0.785874869973,-3.860759648597E-02,
    -0.617179181631));
#3088 = DIRECTION('',(0.617639663609,0.,-0.786461217058));
#3089 = ADVANCED_FACE('',(#3090),#3100,.T.);
#3090 = FACE_BOUND('',#3091,.T.);
#3091 = EDGE_LOOP('',(#3092,#3093,#3099));
#3092 = ORIENTED_EDGE('',*,*,#3033,.F.);
#3093 = ORIENTED_EDGE('',*,*,#3094,.T.);
#3094 = EDGE_CURVE('',#2900,#3072,#3095,.T.);
#3095 = LINE('',#3096,#3097);
#3096 = CARTESIAN_POINT('',(1.69181406498,8.166628837585,1.899999976158)
  );
#3097 = VECTOR('',#3098,1.);
#3098 = DIRECTION('',(0.614665549743,6.053948599258E-02,-0.786461208576)
  );
#3099 = ORIENTED_EDGE('',*,*,#3071,.F.);
#3100 = PLANE('',#3101);
#3101 = AXIS2_PLACEMENT_3D('',#3102,#3103,#3104);
#3102 = CARTESIAN_POINT('',(2.411686688731,8.194187361102,0.981638217393
    ));
#3103 = DIRECTION('',(-0.785874857294,-3.860771090205E-02,
    -0.617179190618));
#3104 = DIRECTION('',(0.617639675335,0.,-0.786461207849));
#3105 = ADVANCED_FACE('',(#3106),#3131,.T.);
#3106 = FACE_BOUND('',#3107,.T.);
#3107 = EDGE_LOOP('',(#3108,#3109,#3117,#3125));
#3108 = ORIENTED_EDGE('',*,*,#3041,.F.);
#3109 = ORIENTED_EDGE('',*,*,#3110,.T.);
#3110 = EDGE_CURVE('',#3034,#3111,#3113,.T.);
#3111 = VERTEX_POINT('',#3112);
#3112 = CARTESIAN_POINT('',(1.69181406498,7.833370685577,1.899999976158)
  );
#3113 = LINE('',#3114,#3115);
#3114 = CARTESIAN_POINT('',(1.700000047684,8.,1.899999976158));
#3115 = VECTOR('',#3116,1.);
#3116 = DIRECTION('',(-4.906773058031E-02,-0.998795453442,0.));
#3117 = ORIENTED_EDGE('',*,*,#3118,.T.);
#3118 = EDGE_CURVE('',#3111,#3119,#3121,.T.);
#3119 = VERTEX_POINT('',#3120);
#3120 = CARTESIAN_POINT('',(1.69181406498,7.833370685577,3.));
#3121 = LINE('',#3122,#3123);
#3122 = CARTESIAN_POINT('',(1.69181406498,7.833370685577,1.899999976158)
  );
#3123 = VECTOR('',#3124,1.);
#3124 = DIRECTION('',(0.,0.,1.));
#3125 = ORIENTED_EDGE('',*,*,#3126,.F.);
#3126 = EDGE_CURVE('',#3042,#3119,#3127,.T.);
#3127 = LINE('',#3128,#3129);
#3128 = CARTESIAN_POINT('',(1.700000047684,8.,3.));
#3129 = VECTOR('',#3130,1.);
#3130 = DIRECTION('',(-4.906773058031E-02,-0.998795453442,0.));
#3131 = PLANE('',#3132);
#3132 = AXIS2_PLACEMENT_3D('',#3133,#3134,#3135);
#3133 = CARTESIAN_POINT('',(1.695907056332,7.916685342789,2.449999988079
    ));
#3134 = DIRECTION('',(-0.998795453442,4.906773058031E-02,-0.));
#3135 = DIRECTION('',(-4.906773058031E-02,-0.998795453442,0.));
#3136 = ADVANCED_FACE('',(#3137),#3162,.T.);
#3137 = FACE_BOUND('',#3138,.T.);
#3138 = EDGE_LOOP('',(#3139,#3140,#3148,#3156));
#3139 = ORIENTED_EDGE('',*,*,#3118,.F.);
#3140 = ORIENTED_EDGE('',*,*,#3141,.T.);
#3141 = EDGE_CURVE('',#3111,#3142,#3144,.T.);
#3142 = VERTEX_POINT('',#3143);
#3143 = CARTESIAN_POINT('',(1.667335033417,7.668346405029,1.899999976158
    ));
#3144 = LINE('',#3145,#3146);
#3145 = CARTESIAN_POINT('',(1.69181406498,7.833370685577,1.899999976158)
  );
#3146 = VECTOR('',#3147,1.);
#3147 = DIRECTION('',(-0.146730427182,-0.989176516977,0.));
#3148 = ORIENTED_EDGE('',*,*,#3149,.T.);
#3149 = EDGE_CURVE('',#3142,#3150,#3152,.T.);
#3150 = VERTEX_POINT('',#3151);
#3151 = CARTESIAN_POINT('',(1.667335033417,7.668346405029,3.));
#3152 = LINE('',#3153,#3154);
#3153 = CARTESIAN_POINT('',(1.667335033417,7.668346405029,1.899999976158
    ));
#3154 = VECTOR('',#3155,1.);
#3155 = DIRECTION('',(0.,0.,1.));
#3156 = ORIENTED_EDGE('',*,*,#3157,.F.);
#3157 = EDGE_CURVE('',#3119,#3150,#3158,.T.);
#3158 = LINE('',#3159,#3160);
#3159 = CARTESIAN_POINT('',(1.69181406498,7.833370685577,3.));
#3160 = VECTOR('',#3161,1.);
#3161 = DIRECTION('',(-0.146730427182,-0.989176516977,0.));
#3162 = PLANE('',#3163);
#3163 = AXIS2_PLACEMENT_3D('',#3164,#3165,#3166);
#3164 = CARTESIAN_POINT('',(1.679574549198,7.750858545303,2.449999988079
    ));
#3165 = DIRECTION('',(-0.989176516977,0.146730427182,-0.));
#3166 = DIRECTION('',(-0.146730427182,-0.989176516977,0.));
#3167 = ADVANCED_FACE('',(#3168),#3192,.T.);
#3168 = FACE_BOUND('',#3169,.T.);
#3169 = EDGE_LOOP('',(#3170,#3178,#3186));
#3170 = ORIENTED_EDGE('',*,*,#3171,.T.);
#3171 = EDGE_CURVE('',#3172,#3142,#3174,.T.);
#3172 = VERTEX_POINT('',#3173);
#3173 = CARTESIAN_POINT('',(3.130810499191,7.377243041992,0.));
#3174 = LINE('',#3175,#3176);
#3175 = CARTESIAN_POINT('',(3.130810499191,7.377243041992,0.));
#3176 = VECTOR('',#3177,1.);
#3177 = DIRECTION('',(-0.605771929314,0.120495525877,0.786461186518));
#3178 = ORIENTED_EDGE('',*,*,#3179,.T.);
#3179 = EDGE_CURVE('',#3142,#3180,#3182,.T.);
#3180 = VERTEX_POINT('',#3181);
#3181 = CARTESIAN_POINT('',(3.176775455475,7.687114715576,0.));
#3182 = LINE('',#3183,#3184);
#3183 = CARTESIAN_POINT('',(1.667335033417,7.668346405029,1.899999976158
    ));
#3184 = VECTOR('',#3185,1.);
#3185 = DIRECTION('',(0.622019435409,7.73416012937E-03,-0.782963603714)
  );
#3186 = ORIENTED_EDGE('',*,*,#3187,.F.);
#3187 = EDGE_CURVE('',#3172,#3180,#3188,.T.);
#3188 = LINE('',#3189,#3190);
#3189 = CARTESIAN_POINT('',(3.130810499191,7.377243041992,0.));
#3190 = VECTOR('',#3191,1.);
#3191 = DIRECTION('',(0.146729960868,0.989176586148,0.));
#3192 = PLANE('',#3193);
#3193 = AXIS2_PLACEMENT_3D('',#3194,#3195,#3196);
#3194 = CARTESIAN_POINT('',(2.455745833289,7.596288100905,0.892279033793
    ));
#3195 = DIRECTION('',(-0.778306503833,0.11545045086,-0.617179211808));
#3196 = DIRECTION('',(0.621333922428,0.,-0.783545886876));
#3197 = ADVANCED_FACE('',(#3198),#3208,.T.);
#3198 = FACE_BOUND('',#3199,.T.);
#3199 = EDGE_LOOP('',(#3200,#3201,#3202));
#3200 = ORIENTED_EDGE('',*,*,#3179,.F.);
#3201 = ORIENTED_EDGE('',*,*,#3141,.F.);
#3202 = ORIENTED_EDGE('',*,*,#3203,.F.);
#3203 = EDGE_CURVE('',#3180,#3111,#3204,.T.);
#3204 = LINE('',#3205,#3206);
#3205 = CARTESIAN_POINT('',(3.176775455475,7.687114715576,0.));
#3206 = VECTOR('',#3207,1.);
#3207 = DIRECTION('',(-0.614665557088,6.053928934021E-02,0.786461217973)
  );
#3208 = PLANE('',#3209);
#3209 = AXIS2_PLACEMENT_3D('',#3210,#3211,#3212);
#3210 = CARTESIAN_POINT('',(2.403230853266,7.71995919351,0.981638248745)
  );
#3211 = DIRECTION('',(-0.778306471918,0.115450821105,-0.617179182796));
#3212 = DIRECTION('',(0.621333920139,0.,-0.783545888691));
#3213 = ADVANCED_FACE('',(#3214),#3239,.T.);
#3214 = FACE_BOUND('',#3215,.T.);
#3215 = EDGE_LOOP('',(#3216,#3217,#3225,#3233));
#3216 = ORIENTED_EDGE('',*,*,#3149,.F.);
#3217 = ORIENTED_EDGE('',*,*,#3218,.T.);
#3218 = EDGE_CURVE('',#3142,#3219,#3221,.T.);
#3219 = VERTEX_POINT('',#3220);
#3220 = CARTESIAN_POINT('',(1.626798629761,7.506515979767,1.899999976158
    ));
#3221 = LINE('',#3222,#3223);
#3222 = CARTESIAN_POINT('',(1.667335033417,7.668346405029,1.899999976158
    ));
#3223 = VECTOR('',#3224,1.);
#3224 = DIRECTION('',(-0.242980136843,-0.970031263981,0.));
#3225 = ORIENTED_EDGE('',*,*,#3226,.T.);
#3226 = EDGE_CURVE('',#3219,#3227,#3229,.T.);
#3227 = VERTEX_POINT('',#3228);
#3228 = CARTESIAN_POINT('',(1.626798629761,7.506515979767,3.));
#3229 = LINE('',#3230,#3231);
#3230 = CARTESIAN_POINT('',(1.626798629761,7.506515979767,1.899999976158
    ));
#3231 = VECTOR('',#3232,1.);
#3232 = DIRECTION('',(0.,0.,1.));
#3233 = ORIENTED_EDGE('',*,*,#3234,.F.);
#3234 = EDGE_CURVE('',#3150,#3227,#3235,.T.);
#3235 = LINE('',#3236,#3237);
#3236 = CARTESIAN_POINT('',(1.667335033417,7.668346405029,3.));
#3237 = VECTOR('',#3238,1.);
#3238 = DIRECTION('',(-0.242980136843,-0.970031263981,0.));
#3239 = PLANE('',#3240);
#3240 = AXIS2_PLACEMENT_3D('',#3241,#3242,#3243);
#3241 = CARTESIAN_POINT('',(1.647066831589,7.587431192398,2.449999988079
    ));
#3242 = DIRECTION('',(-0.970031263981,0.242980136843,-0.));
#3243 = DIRECTION('',(-0.242980136843,-0.970031263981,0.));
#3244 = ADVANCED_FACE('',(#3245),#3270,.T.);
#3245 = FACE_BOUND('',#3246,.T.);
#3246 = EDGE_LOOP('',(#3247,#3248,#3256,#3264));
#3247 = ORIENTED_EDGE('',*,*,#3226,.F.);
#3248 = ORIENTED_EDGE('',*,*,#3249,.T.);
#3249 = EDGE_CURVE('',#3219,#3250,#3252,.T.);
#3250 = VERTEX_POINT('',#3251);
#3251 = CARTESIAN_POINT('',(1.570595264435,7.34943819046,1.899999976158)
  );
#3252 = LINE('',#3253,#3254);
#3253 = CARTESIAN_POINT('',(1.626798629761,7.506515979767,1.899999976158
    ));
#3254 = VECTOR('',#3255,1.);
#3255 = DIRECTION('',(-0.336890032046,-0.94154400126,0.));
#3256 = ORIENTED_EDGE('',*,*,#3257,.T.);
#3257 = EDGE_CURVE('',#3250,#3258,#3260,.T.);
#3258 = VERTEX_POINT('',#3259);
#3259 = CARTESIAN_POINT('',(1.570595264435,7.34943819046,3.));
#3260 = LINE('',#3261,#3262);
#3261 = CARTESIAN_POINT('',(1.570595264435,7.34943819046,1.899999976158)
  );
#3262 = VECTOR('',#3263,1.);
#3263 = DIRECTION('',(0.,0.,1.));
#3264 = ORIENTED_EDGE('',*,*,#3265,.F.);
#3265 = EDGE_CURVE('',#3227,#3258,#3266,.T.);
#3266 = LINE('',#3267,#3268);
#3267 = CARTESIAN_POINT('',(1.626798629761,7.506515979767,3.));
#3268 = VECTOR('',#3269,1.);
#3269 = DIRECTION('',(-0.336890032046,-0.94154400126,0.));
#3270 = PLANE('',#3271);
#3271 = AXIS2_PLACEMENT_3D('',#3272,#3273,#3274);
#3272 = CARTESIAN_POINT('',(1.598696947098,7.427977085114,2.449999988079
    ));
#3273 = DIRECTION('',(-0.94154400126,0.336890032046,-0.));
#3274 = DIRECTION('',(-0.336890032046,-0.94154400126,0.));
#3275 = ADVANCED_FACE('',(#3276),#3302,.T.);
#3276 = FACE_BOUND('',#3277,.T.);
#3277 = EDGE_LOOP('',(#3278,#3288,#3296));
#3278 = ORIENTED_EDGE('',*,*,#3279,.T.);
#3279 = EDGE_CURVE('',#3280,#3282,#3284,.T.);
#3280 = VERTEX_POINT('',#3281);
#3281 = CARTESIAN_POINT('',(2.467562675476,5.974923610687,0.));
#3282 = VERTEX_POINT('',#3283);
#3283 = CARTESIAN_POINT('',(1.314117789268,6.921531200409,1.899999976158
    ));
#3284 = LINE('',#3285,#3286);
#3285 = CARTESIAN_POINT('',(2.467562675476,5.974923610687,0.));
#3286 = VECTOR('',#3287,1.);
#3287 = DIRECTION('',(-0.477441941926,0.391826407385,0.786461225087));
#3288 = ORIENTED_EDGE('',*,*,#3289,.T.);
#3289 = EDGE_CURVE('',#3282,#3290,#3292,.T.);
#3290 = VERTEX_POINT('',#3291);
#3291 = CARTESIAN_POINT('',(2.654172897339,6.226538181305,0.));
#3292 = LINE('',#3293,#3294);
#3293 = CARTESIAN_POINT('',(1.314117789268,6.921531200409,1.899999976158
    ));
#3294 = VECTOR('',#3295,1.);
#3295 = DIRECTION('',(0.552218083365,-0.286396962819,-0.78296358031));
#3296 = ORIENTED_EDGE('',*,*,#3297,.F.);
#3297 = EDGE_CURVE('',#3280,#3290,#3298,.T.);
#3298 = LINE('',#3299,#3300);
#3299 = CARTESIAN_POINT('',(2.467562675476,5.974923610687,0.));
#3300 = VECTOR('',#3301,1.);
#3301 = DIRECTION('',(0.595699588929,0.803207320528,0.));
#3302 = PLANE('',#3303);
#3303 = AXIS2_PLACEMENT_3D('',#3304,#3305,#3306);
#3304 = CARTESIAN_POINT('',(1.97546602734,6.486327252274,0.892279023402)
  );
#3305 = DIRECTION('',(-0.63198170043,0.46870992026,-0.617179180604));
#3306 = DIRECTION('',(0.698678533427,0.,-0.715435746191));
#3307 = ADVANCED_FACE('',(#3308),#3325,.T.);
#3308 = FACE_BOUND('',#3309,.T.);
#3309 = EDGE_LOOP('',(#3310,#3311,#3319));
#3310 = ORIENTED_EDGE('',*,*,#3289,.F.);
#3311 = ORIENTED_EDGE('',*,*,#3312,.F.);
#3312 = EDGE_CURVE('',#3313,#3282,#3315,.T.);
#3313 = VERTEX_POINT('',#3314);
#3314 = CARTESIAN_POINT('',(1.413498282433,7.055530548096,1.899999976158
    ));
#3315 = LINE('',#3316,#3317);
#3316 = CARTESIAN_POINT('',(1.413498282433,7.055530548096,1.899999976158
    ));
#3317 = VECTOR('',#3318,1.);
#3318 = DIRECTION('',(-0.59569854559,-0.803208094321,0.));
#3319 = ORIENTED_EDGE('',*,*,#3320,.F.);
#3320 = EDGE_CURVE('',#3290,#3313,#3321,.T.);
#3321 = LINE('',#3322,#3323);
#3322 = CARTESIAN_POINT('',(2.654172897339,6.226538181305,0.));
#3323 = VECTOR('',#3324,1.);
#3324 = DIRECTION('',(-0.513548643223,0.343142271223,0.786461170525));
#3325 = PLANE('',#3326);
#3326 = AXIS2_PLACEMENT_3D('',#3327,#3328,#3329);
#3327 = CARTESIAN_POINT('',(1.987450125833,6.620150858392,0.981638286622
    ));
#3328 = DIRECTION('',(-0.631982258902,0.468709061983,-0.617179260545));
#3329 = DIRECTION('',(0.698678263727,-2.775557561563E-17,-0.715436009574
    ));
#3330 = ADVANCED_FACE('',(#3331),#3348,.T.);
#3331 = FACE_BOUND('',#3332,.T.);
#3332 = EDGE_LOOP('',(#3333,#3334,#3342));
#3333 = ORIENTED_EDGE('',*,*,#3320,.T.);
#3334 = ORIENTED_EDGE('',*,*,#3335,.T.);
#3335 = EDGE_CURVE('',#3313,#3336,#3338,.T.);
#3336 = VERTEX_POINT('',#3337);
#3337 = CARTESIAN_POINT('',(2.815222024918,6.495232582092,0.));
#3338 = LINE('',#3339,#3340);
#3339 = CARTESIAN_POINT('',(1.413498282433,7.055530548096,1.899999976158
    ));
#3340 = VECTOR('',#3341,1.);
#3341 = DIRECTION('',(0.577630857093,-0.230890998362,-0.782963562249));
#3342 = ORIENTED_EDGE('',*,*,#3343,.F.);
#3343 = EDGE_CURVE('',#3290,#3336,#3344,.T.);
#3344 = LINE('',#3345,#3346);
#3345 = CARTESIAN_POINT('',(2.654172897339,6.226538181305,0.));
#3346 = VECTOR('',#3347,1.);
#3347 = DIRECTION('',(0.514102512953,0.8577287486,0.));
#3348 = PLANE('',#3349);
#3349 = AXIS2_PLACEMENT_3D('',#3350,#3351,#3352);
#3350 = CARTESIAN_POINT('',(2.114319503315,6.68724560694,0.892278960866)
  );
#3351 = DIRECTION('',(-0.674880356987,0.404507471664,-0.617179235814));
#3352 = DIRECTION('',(0.674856011797,0.,-0.737949431425));
#3353 = ADVANCED_FACE('',(#3354),#3371,.T.);
#3354 = FACE_BOUND('',#3355,.T.);
#3355 = EDGE_LOOP('',(#3356,#3357,#3365));
#3356 = ORIENTED_EDGE('',*,*,#3335,.F.);
#3357 = ORIENTED_EDGE('',*,*,#3358,.F.);
#3358 = EDGE_CURVE('',#3359,#3313,#3361,.T.);
#3359 = VERTEX_POINT('',#3360);
#3360 = CARTESIAN_POINT('',(1.499266147614,7.198625564575,1.899999976158
    ));
#3361 = LINE('',#3362,#3363);
#3362 = CARTESIAN_POINT('',(1.499266147614,7.198625564575,1.899999976158
    ));
#3363 = VECTOR('',#3364,1.);
#3364 = DIRECTION('',(-0.514102801426,-0.857728575696,0.));
#3365 = ORIENTED_EDGE('',*,*,#3366,.F.);
#3366 = EDGE_CURVE('',#3336,#3359,#3367,.T.);
#3367 = LINE('',#3368,#3369);
#3368 = CARTESIAN_POINT('',(2.815222024918,6.495232582092,0.));
#3369 = VECTOR('',#3370,1.);
#3370 = DIRECTION('',(-0.544709598905,0.291153309901,0.786461189757));
#3371 = PLANE('',#3372);
#3372 = AXIS2_PLACEMENT_3D('',#3373,#3374,#3375);
#3373 = CARTESIAN_POINT('',(2.113128882435,6.821599573527,0.9816382882)
  );
#3374 = DIRECTION('',(-0.674880234868,0.404507706988,-0.617179215116));
#3375 = DIRECTION('',(0.674856065972,2.775557561563E-17,-0.737949381882)
  );
#3376 = ADVANCED_FACE('',(#3377),#3394,.T.);
#3377 = FACE_BOUND('',#3378,.T.);
#3378 = EDGE_LOOP('',(#3379,#3380,#3388));
#3379 = ORIENTED_EDGE('',*,*,#3366,.T.);
#3380 = ORIENTED_EDGE('',*,*,#3381,.T.);
#3381 = EDGE_CURVE('',#3359,#3382,#3384,.T.);
#3382 = VERTEX_POINT('',#3383);
#3383 = CARTESIAN_POINT('',(2.949158906937,6.778418540955,0.));
#3384 = LINE('',#3385,#3386);
#3385 = CARTESIAN_POINT('',(1.499266147614,7.198625564575,1.899999976158
    ));
#3386 = VECTOR('',#3387,1.);
#3387 = DIRECTION('',(0.597480654387,-0.173161474072,-0.782963582506));
#3388 = ORIENTED_EDGE('',*,*,#3389,.F.);
#3389 = EDGE_CURVE('',#3336,#3382,#3390,.T.);
#3390 = LINE('',#3391,#3392);
#3391 = CARTESIAN_POINT('',(2.815222024918,6.495232582092,0.));
#3392 = VECTOR('',#3393,1.);
#3393 = DIRECTION('',(0.427554828521,0.903989418416,0.));
#3394 = PLANE('',#3395);
#3395 = AXIS2_PLACEMENT_3D('',#3396,#3397,#3398);
#3396 = CARTESIAN_POINT('',(2.232810904198,6.900806566485,0.89227899454)
  );
#3397 = DIRECTION('',(-0.711279313407,0.336409805998,-0.617179212829));
#3398 = DIRECTION('',(0.655377433777,-2.775557561563E-17,-0.755301541966
    ));
#3399 = ADVANCED_FACE('',(#3400),#3415,.T.);
#3400 = FACE_BOUND('',#3401,.T.);
#3401 = EDGE_LOOP('',(#3402,#3403,#3409));
#3402 = ORIENTED_EDGE('',*,*,#3381,.F.);
#3403 = ORIENTED_EDGE('',*,*,#3404,.F.);
#3404 = EDGE_CURVE('',#3250,#3359,#3405,.T.);
#3405 = LINE('',#3406,#3407);
#3406 = CARTESIAN_POINT('',(1.570595264435,7.34943819046,1.899999976158)
  );
#3407 = VECTOR('',#3408,1.);
#3408 = DIRECTION('',(-0.427555372726,-0.903989161026,0.));
#3409 = ORIENTED_EDGE('',*,*,#3410,.F.);
#3410 = EDGE_CURVE('',#3382,#3250,#3411,.T.);
#3411 = LINE('',#3412,#3413);
#3412 = CARTESIAN_POINT('',(2.949158906937,6.778418540955,0.));
#3413 = VECTOR('',#3414,1.);
#3414 = DIRECTION('',(-0.570624659687,0.23636042844,0.78646121686));
#3415 = PLANE('',#3416);
#3416 = AXIS2_PLACEMENT_3D('',#3417,#3418,#3419);
#3417 = CARTESIAN_POINT('',(2.218457039848,7.034396802433,0.98163827846)
  );
#3418 = DIRECTION('',(-0.711279137157,0.336410246616,-0.61717917578));
#3419 = DIRECTION('',(0.655377503978,-2.775557561563E-17,-0.755301481052
    ));
#3420 = ADVANCED_FACE('',(#3421),#3438,.T.);
#3421 = FACE_BOUND('',#3422,.T.);
#3422 = EDGE_LOOP('',(#3423,#3424,#3432));
#3423 = ORIENTED_EDGE('',*,*,#3410,.T.);
#3424 = ORIENTED_EDGE('',*,*,#3425,.T.);
#3425 = EDGE_CURVE('',#3250,#3426,#3428,.T.);
#3426 = VERTEX_POINT('',#3427);
#3427 = CARTESIAN_POINT('',(3.054693937302,7.073368549347,0.));
#3428 = LINE('',#3429,#3430);
#3429 = CARTESIAN_POINT('',(1.570595264435,7.34943819046,1.899999976158)
  );
#3430 = VECTOR('',#3431,1.);
#3431 = DIRECTION('',(0.611576417176,-0.113764458583,-0.782963558486));
#3432 = ORIENTED_EDGE('',*,*,#3433,.F.);
#3433 = EDGE_CURVE('',#3382,#3426,#3434,.T.);
#3434 = LINE('',#3435,#3436);
#3435 = CARTESIAN_POINT('',(2.949158906937,6.778418540955,0.));
#3436 = VECTOR('',#3437,1.);
#3437 = DIRECTION('',(0.336890503878,0.941543832435,0.));
#3438 = PLANE('',#3439);
#3439 = AXIS2_PLACEMENT_3D('',#3440,#3441,#3442);
#3440 = CARTESIAN_POINT('',(2.329799106224,7.124953168043,0.892279056751
    ));
#3441 = DIRECTION('',(-0.740827987104,0.265073069638,-0.617179197054));
#3442 = DIRECTION('',(0.640075778097,0.,-0.76831178456));
#3443 = ADVANCED_FACE('',(#3444),#3454,.T.);
#3444 = FACE_BOUND('',#3445,.T.);
#3445 = EDGE_LOOP('',(#3446,#3447,#3448));
#3446 = ORIENTED_EDGE('',*,*,#3425,.F.);
#3447 = ORIENTED_EDGE('',*,*,#3249,.F.);
#3448 = ORIENTED_EDGE('',*,*,#3449,.F.);
#3449 = EDGE_CURVE('',#3426,#3219,#3450,.T.);
#3450 = LINE('',#3451,#3452);
#3451 = CARTESIAN_POINT('',(3.054693937302,7.073368549347,0.));
#3452 = VECTOR('',#3453,1.);
#3453 = DIRECTION('',(-0.59104433809,0.179291391292,0.786461179856));
#3454 = PLANE('',#3455);
#3455 = AXIS2_PLACEMENT_3D('',#3456,#3457,#3458);
#3456 = CARTESIAN_POINT('',(2.302420317797,7.256493057772,0.981638254819
    ));
#3457 = DIRECTION('',(-0.740828097162,0.26507269024,-0.617179227894));
#3458 = DIRECTION('',(0.640075740846,0.,-0.768311815594));
#3459 = ADVANCED_FACE('',(#3460),#3478,.T.);
#3460 = FACE_BOUND('',#3461,.T.);
#3461 = EDGE_LOOP('',(#3462,#3463,#3464,#3472));
#3462 = ORIENTED_EDGE('',*,*,#3257,.F.);
#3463 = ORIENTED_EDGE('',*,*,#3404,.T.);
#3464 = ORIENTED_EDGE('',*,*,#3465,.T.);
#3465 = EDGE_CURVE('',#3359,#3466,#3468,.T.);
#3466 = VERTEX_POINT('',#3467);
#3467 = CARTESIAN_POINT('',(1.499266147614,7.198625564575,3.));
#3468 = LINE('',#3469,#3470);
#3469 = CARTESIAN_POINT('',(1.499266147614,7.198625564575,1.899999976158
    ));
#3470 = VECTOR('',#3471,1.);
#3471 = DIRECTION('',(0.,0.,1.));
#3472 = ORIENTED_EDGE('',*,*,#3473,.F.);
#3473 = EDGE_CURVE('',#3258,#3466,#3474,.T.);
#3474 = LINE('',#3475,#3476);
#3475 = CARTESIAN_POINT('',(1.570595264435,7.34943819046,3.));
#3476 = VECTOR('',#3477,1.);
#3477 = DIRECTION('',(-0.427555372726,-0.903989161026,0.));
#3478 = PLANE('',#3479);
#3479 = AXIS2_PLACEMENT_3D('',#3480,#3481,#3482);
#3480 = CARTESIAN_POINT('',(1.534930706024,7.274031877518,2.449999988079
    ));
#3481 = DIRECTION('',(-0.903989161026,0.427555372726,-0.));
#3482 = DIRECTION('',(-0.427555372726,-0.903989161026,0.));
#3483 = ADVANCED_FACE('',(#3484),#3502,.T.);
#3484 = FACE_BOUND('',#3485,.T.);
#3485 = EDGE_LOOP('',(#3486,#3487,#3488,#3496));
#3486 = ORIENTED_EDGE('',*,*,#3465,.F.);
#3487 = ORIENTED_EDGE('',*,*,#3358,.T.);
#3488 = ORIENTED_EDGE('',*,*,#3489,.T.);
#3489 = EDGE_CURVE('',#3313,#3490,#3492,.T.);
#3490 = VERTEX_POINT('',#3491);
#3491 = CARTESIAN_POINT('',(1.413498282433,7.055530548096,3.));
#3492 = LINE('',#3493,#3494);
#3493 = CARTESIAN_POINT('',(1.413498282433,7.055530548096,1.899999976158
    ));
#3494 = VECTOR('',#3495,1.);
#3495 = DIRECTION('',(0.,0.,1.));
#3496 = ORIENTED_EDGE('',*,*,#3497,.F.);
#3497 = EDGE_CURVE('',#3466,#3490,#3498,.T.);
#3498 = LINE('',#3499,#3500);
#3499 = CARTESIAN_POINT('',(1.499266147614,7.198625564575,3.));
#3500 = VECTOR('',#3501,1.);
#3501 = DIRECTION('',(-0.514102801426,-0.857728575696,0.));
#3502 = PLANE('',#3503);
#3503 = AXIS2_PLACEMENT_3D('',#3504,#3505,#3506);
#3504 = CARTESIAN_POINT('',(1.456382215023,7.127078056335,2.449999988079
    ));
#3505 = DIRECTION('',(-0.857728575696,0.514102801426,-0.));
#3506 = DIRECTION('',(-0.514102801426,-0.857728575696,0.));
#3507 = ADVANCED_FACE('',(#3508),#3526,.T.);
#3508 = FACE_BOUND('',#3509,.T.);
#3509 = EDGE_LOOP('',(#3510,#3511,#3512,#3520));
#3510 = ORIENTED_EDGE('',*,*,#3489,.F.);
#3511 = ORIENTED_EDGE('',*,*,#3312,.T.);
#3512 = ORIENTED_EDGE('',*,*,#3513,.T.);
#3513 = EDGE_CURVE('',#3282,#3514,#3516,.T.);
#3514 = VERTEX_POINT('',#3515);
#3515 = CARTESIAN_POINT('',(1.314117789268,6.921531200409,3.));
#3516 = LINE('',#3517,#3518);
#3517 = CARTESIAN_POINT('',(1.314117789268,6.921531200409,1.899999976158
    ));
#3518 = VECTOR('',#3519,1.);
#3519 = DIRECTION('',(0.,0.,1.));
#3520 = ORIENTED_EDGE('',*,*,#3521,.F.);
#3521 = EDGE_CURVE('',#3490,#3514,#3522,.T.);
#3522 = LINE('',#3523,#3524);
#3523 = CARTESIAN_POINT('',(1.413498282433,7.055530548096,3.));
#3524 = VECTOR('',#3525,1.);
#3525 = DIRECTION('',(-0.59569854559,-0.803208094321,0.));
#3526 = PLANE('',#3527);
#3527 = AXIS2_PLACEMENT_3D('',#3528,#3529,#3530);
#3528 = CARTESIAN_POINT('',(1.363808035851,6.988530874252,2.449999988079
    ));
#3529 = DIRECTION('',(-0.803208094321,0.59569854559,-0.));
#3530 = DIRECTION('',(-0.59569854559,-0.803208094321,0.));
#3531 = ADVANCED_FACE('',(#3532),#3557,.T.);
#3532 = FACE_BOUND('',#3533,.T.);
#3533 = EDGE_LOOP('',(#3534,#3535,#3543,#3551));
#3534 = ORIENTED_EDGE('',*,*,#3513,.F.);
#3535 = ORIENTED_EDGE('',*,*,#3536,.T.);
#3536 = EDGE_CURVE('',#3282,#3537,#3539,.T.);
#3537 = VERTEX_POINT('',#3538);
#3538 = CARTESIAN_POINT('',(1.202081561089,6.797918319702,1.899999976158
    ));
#3539 = LINE('',#3540,#3541);
#3540 = CARTESIAN_POINT('',(1.314117789268,6.921531200409,1.899999976158
    ));
#3541 = VECTOR('',#3542,1.);
#3542 = DIRECTION('',(-0.671559098646,-0.740950995023,0.));
#3543 = ORIENTED_EDGE('',*,*,#3544,.T.);
#3544 = EDGE_CURVE('',#3537,#3545,#3547,.T.);
#3545 = VERTEX_POINT('',#3546);
#3546 = CARTESIAN_POINT('',(1.202081561089,6.797918319702,3.));
#3547 = LINE('',#3548,#3549);
#3548 = CARTESIAN_POINT('',(1.202081561089,6.797918319702,1.899999976158
    ));
#3549 = VECTOR('',#3550,1.);
#3550 = DIRECTION('',(0.,0.,1.));
#3551 = ORIENTED_EDGE('',*,*,#3552,.F.);
#3552 = EDGE_CURVE('',#3514,#3545,#3553,.T.);
#3553 = LINE('',#3554,#3555);
#3554 = CARTESIAN_POINT('',(1.314117789268,6.921531200409,3.));
#3555 = VECTOR('',#3556,1.);
#3556 = DIRECTION('',(-0.671559098646,-0.740950995023,0.));
#3557 = PLANE('',#3558);
#3558 = AXIS2_PLACEMENT_3D('',#3559,#3560,#3561);
#3559 = CARTESIAN_POINT('',(1.258099675179,6.859724760056,2.449999988079
    ));
#3560 = DIRECTION('',(-0.740950995023,0.671559098646,-0.));
#3561 = DIRECTION('',(-0.671559098646,-0.740950995023,0.));
#3562 = ADVANCED_FACE('',(#3563),#3588,.T.);
#3563 = FACE_BOUND('',#3564,.T.);
#3564 = EDGE_LOOP('',(#3565,#3566,#3574,#3582));
#3565 = ORIENTED_EDGE('',*,*,#3544,.F.);
#3566 = ORIENTED_EDGE('',*,*,#3567,.T.);
#3567 = EDGE_CURVE('',#3537,#3568,#3570,.T.);
#3568 = VERTEX_POINT('',#3569);
#3569 = CARTESIAN_POINT('',(1.078468561172,6.685882091522,1.899999976158
    ));
#3570 = LINE('',#3571,#3572);
#3571 = CARTESIAN_POINT('',(1.202081561089,6.797918319702,1.899999976158
    ));
#3572 = VECTOR('',#3573,1.);
#3573 = DIRECTION('',(-0.740951317281,-0.671558743089,0.));
#3574 = ORIENTED_EDGE('',*,*,#3575,.T.);
#3575 = EDGE_CURVE('',#3568,#3576,#3578,.T.);
#3576 = VERTEX_POINT('',#3577);
#3577 = CARTESIAN_POINT('',(1.078468561172,6.685882091522,3.));
#3578 = LINE('',#3579,#3580);
#3579 = CARTESIAN_POINT('',(1.078468561172,6.685882091522,1.899999976158
    ));
#3580 = VECTOR('',#3581,1.);
#3581 = DIRECTION('',(0.,0.,1.));
#3582 = ORIENTED_EDGE('',*,*,#3583,.F.);
#3583 = EDGE_CURVE('',#3545,#3576,#3584,.T.);
#3584 = LINE('',#3585,#3586);
#3585 = CARTESIAN_POINT('',(1.202081561089,6.797918319702,3.));
#3586 = VECTOR('',#3587,1.);
#3587 = DIRECTION('',(-0.740951317281,-0.671558743089,0.));
#3588 = PLANE('',#3589);
#3589 = AXIS2_PLACEMENT_3D('',#3590,#3591,#3592);
#3590 = CARTESIAN_POINT('',(1.140275061131,6.741900205612,2.449999988079
    ));
#3591 = DIRECTION('',(-0.671558743089,0.740951317281,0.));
#3592 = DIRECTION('',(0.740951317281,0.671558743089,0.));
#3593 = ADVANCED_FACE('',(#3594),#3618,.T.);
#3594 = FACE_BOUND('',#3595,.T.);
#3595 = EDGE_LOOP('',(#3596,#3606,#3612));
#3596 = ORIENTED_EDGE('',*,*,#3597,.T.);
#3597 = EDGE_CURVE('',#3598,#3600,#3602,.T.);
#3598 = VERTEX_POINT('',#3599);
#3599 = CARTESIAN_POINT('',(2.025076389313,5.532437324524,0.));
#3600 = VERTEX_POINT('',#3601);
#3601 = CARTESIAN_POINT('',(0.9444693923,6.586501598358,1.899999976158)
  );
#3602 = LINE('',#3603,#3604);
#3603 = CARTESIAN_POINT('',(2.025076389313,5.532437324524,0.));
#3604 = VECTOR('',#3605,1.);
#3605 = DIRECTION('',(-0.445303123634,0.434365236341,0.782963581235));
#3606 = ORIENTED_EDGE('',*,*,#3607,.F.);
#3607 = EDGE_CURVE('',#3568,#3600,#3608,.T.);
#3608 = LINE('',#3609,#3610);
#3609 = CARTESIAN_POINT('',(1.078468561172,6.685882091522,1.899999976158
    ));
#3610 = VECTOR('',#3611,1.);
#3611 = DIRECTION('',(-0.803207713973,-0.595699058429,0.));
#3612 = ORIENTED_EDGE('',*,*,#3613,.T.);
#3613 = EDGE_CURVE('',#3568,#3598,#3614,.T.);
#3614 = LINE('',#3615,#3616);
#3615 = CARTESIAN_POINT('',(1.078468561172,6.685882091522,1.899999976158
    ));
#3616 = VECTOR('',#3617,1.);
#3617 = DIRECTION('',(0.391826500152,-0.477441885369,-0.786461213204));
#3618 = PLANE('',#3619);
#3619 = AXIS2_PLACEMENT_3D('',#3620,#3621,#3622);
#3620 = CARTESIAN_POINT('',(1.501322201765,6.102640473107,0.981638261138
    ));
#3621 = DIRECTION('',(-0.4687095031,0.631982010338,-0.617179180071));
#3622 = DIRECTION('',(-2.775557561563E-17,0.698678357751,0.715435917752)
  );
#3623 = ADVANCED_FACE('',(#3624),#3641,.T.);
#3624 = FACE_BOUND('',#3625,.T.);
#3625 = EDGE_LOOP('',(#3626,#3634,#3635));
#3626 = ORIENTED_EDGE('',*,*,#3627,.F.);
#3627 = EDGE_CURVE('',#3600,#3628,#3630,.T.);
#3628 = VERTEX_POINT('',#3629);
#3629 = CARTESIAN_POINT('',(1.773461580276,5.345827102661,0.));
#3630 = LINE('',#3631,#3632);
#3631 = CARTESIAN_POINT('',(0.9444693923,6.586501598358,1.899999976158)
  );
#3632 = VECTOR('',#3633,1.);
#3633 = DIRECTION('',(0.343142214618,-0.513548619936,-0.786461210429));
#3634 = ORIENTED_EDGE('',*,*,#3597,.F.);
#3635 = ORIENTED_EDGE('',*,*,#3636,.F.);
#3636 = EDGE_CURVE('',#3628,#3598,#3637,.T.);
#3637 = LINE('',#3638,#3639);
#3638 = CARTESIAN_POINT('',(1.773461580276,5.345827102661,0.));
#3639 = VECTOR('',#3640,1.);
#3640 = DIRECTION('',(0.803207590604,0.595699224774,0.));
#3641 = PLANE('',#3642);
#3642 = AXIS2_PLACEMENT_3D('',#3643,#3644,#3645);
#3643 = CARTESIAN_POINT('',(1.451007166579,5.978058082149,0.892278990733
    ));
#3644 = DIRECTION('',(-0.468709628028,0.631981905238,-0.617179192816));
#3645 = DIRECTION('',(0.,0.698678424609,0.71543585246));
#3646 = ADVANCED_FACE('',(#3647),#3664,.T.);
#3647 = FACE_BOUND('',#3648,.T.);
#3648 = EDGE_LOOP('',(#3649,#3650,#3658));
#3649 = ORIENTED_EDGE('',*,*,#3613,.F.);
#3650 = ORIENTED_EDGE('',*,*,#3651,.T.);
#3651 = EDGE_CURVE('',#3568,#3652,#3654,.T.);
#3652 = VERTEX_POINT('',#3653);
#3653 = CARTESIAN_POINT('',(2.257188558578,5.74281167984,0.));
#3654 = LINE('',#3655,#3656);
#3655 = CARTESIAN_POINT('',(1.078468561172,6.685882091522,1.899999976158
    ));
#3656 = VECTOR('',#3657,1.);
#3657 = DIRECTION('',(0.485734141473,-0.388626219776,-0.78296360395));
#3658 = ORIENTED_EDGE('',*,*,#3659,.F.);
#3659 = EDGE_CURVE('',#3598,#3652,#3660,.T.);
#3660 = LINE('',#3661,#3662);
#3661 = CARTESIAN_POINT('',(2.025076389313,5.532437324524,0.));
#3662 = VECTOR('',#3663,1.);
#3663 = DIRECTION('',(0.740950890575,0.671559213887,0.));
#3664 = PLANE('',#3665);
#3665 = AXIS2_PLACEMENT_3D('',#3666,#3667,#3668);
#3666 = CARTESIAN_POINT('',(1.642205157243,6.130017865427,0.892278978395
    ));
#3667 = DIRECTION('',(-0.528397989215,0.582996931009,-0.617179182594));
#3668 = DIRECTION('',(2.775557561563E-17,-0.726951130087,-0.686689197865
    ));
#3669 = ADVANCED_FACE('',(#3670),#3680,.T.);
#3670 = FACE_BOUND('',#3671,.T.);
#3671 = EDGE_LOOP('',(#3672,#3673,#3674));
#3672 = ORIENTED_EDGE('',*,*,#3651,.F.);
#3673 = ORIENTED_EDGE('',*,*,#3567,.F.);
#3674 = ORIENTED_EDGE('',*,*,#3675,.F.);
#3675 = EDGE_CURVE('',#3652,#3537,#3676,.T.);
#3676 = LINE('',#3677,#3678);
#3677 = CARTESIAN_POINT('',(2.257188558578,5.74281167984,0.));
#3678 = VECTOR('',#3679,1.);
#3679 = DIRECTION('',(-0.43673724689,0.436737098858,0.786461241042));
#3680 = PLANE('',#3681);
#3681 = AXIS2_PLACEMENT_3D('',#3682,#3683,#3684);
#3682 = CARTESIAN_POINT('',(1.680066687734,6.258932154868,0.981638278876
    ));
#3683 = DIRECTION('',(-0.528397639379,0.582997289478,-0.61717914349));
#3684 = DIRECTION('',(0.,-0.726950897598,-0.686689443986));
#3685 = ADVANCED_FACE('',(#3686),#3704,.T.);
#3686 = FACE_BOUND('',#3687,.T.);
#3687 = EDGE_LOOP('',(#3688,#3689,#3690,#3698));
#3688 = ORIENTED_EDGE('',*,*,#3575,.F.);
#3689 = ORIENTED_EDGE('',*,*,#3607,.T.);
#3690 = ORIENTED_EDGE('',*,*,#3691,.T.);
#3691 = EDGE_CURVE('',#3600,#3692,#3694,.T.);
#3692 = VERTEX_POINT('',#3693);
#3693 = CARTESIAN_POINT('',(0.9444693923,6.586501598358,3.));
#3694 = LINE('',#3695,#3696);
#3695 = CARTESIAN_POINT('',(0.9444693923,6.586501598358,1.899999976158)
  );
#3696 = VECTOR('',#3697,1.);
#3697 = DIRECTION('',(0.,0.,1.));
#3698 = ORIENTED_EDGE('',*,*,#3699,.F.);
#3699 = EDGE_CURVE('',#3576,#3692,#3700,.T.);
#3700 = LINE('',#3701,#3702);
#3701 = CARTESIAN_POINT('',(1.078468561172,6.685882091522,3.));
#3702 = VECTOR('',#3703,1.);
#3703 = DIRECTION('',(-0.803207713973,-0.595699058429,0.));
#3704 = PLANE('',#3705);
#3705 = AXIS2_PLACEMENT_3D('',#3706,#3707,#3708);
#3706 = CARTESIAN_POINT('',(1.011468976736,6.63619184494,2.449999988079)
  );
#3707 = DIRECTION('',(-0.595699058429,0.803207713973,0.));
#3708 = DIRECTION('',(0.803207713973,0.595699058429,0.));
#3709 = ADVANCED_FACE('',(#3710),#3735,.T.);
#3710 = FACE_BOUND('',#3711,.T.);
#3711 = EDGE_LOOP('',(#3712,#3713,#3721,#3729));
#3712 = ORIENTED_EDGE('',*,*,#3691,.F.);
#3713 = ORIENTED_EDGE('',*,*,#3714,.T.);
#3714 = EDGE_CURVE('',#3600,#3715,#3717,.T.);
#3715 = VERTEX_POINT('',#3716);
#3716 = CARTESIAN_POINT('',(0.801374435425,6.500733852386,1.899999976158
    ));
#3717 = LINE('',#3718,#3719);
#3718 = CARTESIAN_POINT('',(0.9444693923,6.586501598358,1.899999976158)
  );
#3719 = VECTOR('',#3720,1.);
#3720 = DIRECTION('',(-0.857728796358,-0.514102433274,0.));
#3721 = ORIENTED_EDGE('',*,*,#3722,.T.);
#3722 = EDGE_CURVE('',#3715,#3723,#3725,.T.);
#3723 = VERTEX_POINT('',#3724);
#3724 = CARTESIAN_POINT('',(0.801374435425,6.500733852386,3.));
#3725 = LINE('',#3726,#3727);
#3726 = CARTESIAN_POINT('',(0.801374435425,6.500733852386,1.899999976158
    ));
#3727 = VECTOR('',#3728,1.);
#3728 = DIRECTION('',(0.,0.,1.));
#3729 = ORIENTED_EDGE('',*,*,#3730,.F.);
#3730 = EDGE_CURVE('',#3692,#3723,#3731,.T.);
#3731 = LINE('',#3732,#3733);
#3732 = CARTESIAN_POINT('',(0.9444693923,6.586501598358,3.));
#3733 = VECTOR('',#3734,1.);
#3734 = DIRECTION('',(-0.857728796358,-0.514102433274,0.));
#3735 = PLANE('',#3736);
#3736 = AXIS2_PLACEMENT_3D('',#3737,#3738,#3739);
#3737 = CARTESIAN_POINT('',(0.872921913862,6.543617725372,2.449999988079
    ));
#3738 = DIRECTION('',(-0.514102433274,0.857728796358,0.));
#3739 = DIRECTION('',(0.857728796358,0.514102433274,0.));
#3740 = ADVANCED_FACE('',(#3741),#3766,.T.);
#3741 = FACE_BOUND('',#3742,.T.);
#3742 = EDGE_LOOP('',(#3743,#3744,#3752,#3760));
#3743 = ORIENTED_EDGE('',*,*,#3722,.F.);
#3744 = ORIENTED_EDGE('',*,*,#3745,.T.);
#3745 = EDGE_CURVE('',#3715,#3746,#3748,.T.);
#3746 = VERTEX_POINT('',#3747);
#3747 = CARTESIAN_POINT('',(0.65056180954,6.429404735565,1.899999976158)
  );
#3748 = LINE('',#3749,#3750);
#3749 = CARTESIAN_POINT('',(0.801374435425,6.500733852386,1.899999976158
    ));
#3750 = VECTOR('',#3751,1.);
#3751 = DIRECTION('',(-0.903989161026,-0.427555372726,0.));
#3752 = ORIENTED_EDGE('',*,*,#3753,.T.);
#3753 = EDGE_CURVE('',#3746,#3754,#3756,.T.);
#3754 = VERTEX_POINT('',#3755);
#3755 = CARTESIAN_POINT('',(0.65056180954,6.429404735565,3.));
#3756 = LINE('',#3757,#3758);
#3757 = CARTESIAN_POINT('',(0.65056180954,6.429404735565,1.899999976158)
  );
#3758 = VECTOR('',#3759,1.);
#3759 = DIRECTION('',(0.,0.,1.));
#3760 = ORIENTED_EDGE('',*,*,#3761,.F.);
#3761 = EDGE_CURVE('',#3723,#3754,#3762,.T.);
#3762 = LINE('',#3763,#3764);
#3763 = CARTESIAN_POINT('',(0.801374435425,6.500733852386,3.));
#3764 = VECTOR('',#3765,1.);
#3765 = DIRECTION('',(-0.903989161026,-0.427555372726,0.));
#3766 = PLANE('',#3767);
#3767 = AXIS2_PLACEMENT_3D('',#3768,#3769,#3770);
#3768 = CARTESIAN_POINT('',(0.725968122482,6.465069293976,2.449999988079
    ));
#3769 = DIRECTION('',(-0.427555372726,0.903989161026,0.));
#3770 = DIRECTION('',(0.903989161026,0.427555372726,0.));
#3771 = ADVANCED_FACE('',(#3772),#3798,.T.);
#3772 = FACE_BOUND('',#3773,.T.);
#3773 = EDGE_LOOP('',(#3774,#3784,#3792));
#3774 = ORIENTED_EDGE('',*,*,#3775,.T.);
#3775 = EDGE_CURVE('',#3776,#3778,#3780,.T.);
#3776 = VERTEX_POINT('',#3777);
#3777 = CARTESIAN_POINT('',(0.926631271839,4.945306301117,0.));
#3778 = VERTEX_POINT('',#3779);
#3779 = CARTESIAN_POINT('',(0.493483960629,6.373201370239,1.899999976158
    ));
#3780 = LINE('',#3781,#3782);
#3781 = CARTESIAN_POINT('',(0.926631271839,4.945306301117,0.));
#3782 = VECTOR('',#3783,1.);
#3783 = DIRECTION('',(-0.179291353992,0.591044279106,0.786461232687));
#3784 = ORIENTED_EDGE('',*,*,#3785,.T.);
#3785 = EDGE_CURVE('',#3778,#3786,#3788,.T.);
#3786 = VERTEX_POINT('',#3787);
#3787 = CARTESIAN_POINT('',(1.221581578255,5.050841331482,0.));
#3788 = LINE('',#3789,#3790);
#3789 = CARTESIAN_POINT('',(0.493483960629,6.373201370239,1.899999976158
    ));
#3790 = VECTOR('',#3791,1.);
#3791 = DIRECTION('',(0.300038927497,-0.544926227183,-0.782963631923));
#3792 = ORIENTED_EDGE('',*,*,#3793,.F.);
#3793 = EDGE_CURVE('',#3776,#3786,#3794,.T.);
#3794 = LINE('',#3795,#3796);
#3795 = CARTESIAN_POINT('',(0.926631271839,4.945306301117,0.));
#3796 = VECTOR('',#3797,1.);
#3797 = DIRECTION('',(0.941543940409,0.336890202111,0.));
#3798 = PLANE('',#3799);
#3799 = AXIS2_PLACEMENT_3D('',#3800,#3801,#3802);
#3800 = CARTESIAN_POINT('',(0.80158853883,5.643917179704,0.892279005097)
  );
#3801 = DIRECTION('',(-0.265072842876,0.740828101896,-0.617179156656));
#3802 = DIRECTION('',(0.,0.640075694819,0.768311853938));
#3803 = ADVANCED_FACE('',(#3804),#3819,.T.);
#3804 = FACE_BOUND('',#3805,.T.);
#3805 = EDGE_LOOP('',(#3806,#3807,#3813));
#3806 = ORIENTED_EDGE('',*,*,#3785,.F.);
#3807 = ORIENTED_EDGE('',*,*,#3808,.F.);
#3808 = EDGE_CURVE('',#3746,#3778,#3809,.T.);
#3809 = LINE('',#3810,#3811);
#3810 = CARTESIAN_POINT('',(0.65056180954,6.429404735565,1.899999976158)
  );
#3811 = VECTOR('',#3812,1.);
#3812 = DIRECTION('',(-0.941544041809,-0.336889918719,0.));
#3813 = ORIENTED_EDGE('',*,*,#3814,.F.);
#3814 = EDGE_CURVE('',#3786,#3746,#3815,.T.);
#3815 = LINE('',#3816,#3817);
#3816 = CARTESIAN_POINT('',(1.221581578255,5.050841331482,0.));
#3817 = VECTOR('',#3818,1.);
#3818 = DIRECTION('',(-0.236360488338,0.570624586478,0.786461251976));
#3819 = PLANE('',#3820);
#3820 = AXIS2_PLACEMENT_3D('',#3821,#3822,#3823);
#3821 = CARTESIAN_POINT('',(0.88590135666,5.748529440515,0.981638267944)
  );
#3822 = DIRECTION('',(-0.265072624792,0.74082819536,-0.617179138133));
#3823 = DIRECTION('',(-2.775557561563E-17,0.64007563581,0.768311903098)
  );
#3824 = ADVANCED_FACE('',(#3825),#3842,.T.);
#3825 = FACE_BOUND('',#3826,.T.);
#3826 = EDGE_LOOP('',(#3827,#3828,#3836));
#3827 = ORIENTED_EDGE('',*,*,#3814,.T.);
#3828 = ORIENTED_EDGE('',*,*,#3829,.T.);
#3829 = EDGE_CURVE('',#3746,#3830,#3832,.T.);
#3830 = VERTEX_POINT('',#3831);
#3831 = CARTESIAN_POINT('',(1.504767537117,5.184778213501,0.));
#3832 = LINE('',#3833,#3834);
#3833 = CARTESIAN_POINT('',(0.65056180954,6.429404735565,1.899999976158)
  );
#3834 = VECTOR('',#3835,1.);
#3835 = DIRECTION('',(0.352006318437,-0.512893306281,-0.782963605893));
#3836 = ORIENTED_EDGE('',*,*,#3837,.F.);
#3837 = EDGE_CURVE('',#3786,#3830,#3838,.T.);
#3838 = LINE('',#3839,#3840);
#3839 = CARTESIAN_POINT('',(1.221581578255,5.050841331482,0.));
#3840 = VECTOR('',#3841,1.);
#3841 = DIRECTION('',(0.903989418416,0.427554828521,0.));
#3842 = PLANE('',#3843);
#3843 = AXIS2_PLACEMENT_3D('',#3844,#3845,#3846);
#3844 = CARTESIAN_POINT('',(1.028665174582,5.733831780727,0.892278991588
    ));
#3845 = DIRECTION('',(-0.336409828783,0.71127936158,-0.617179144891));
#3846 = DIRECTION('',(0.,0.655377367299,0.755301599649));
#3847 = ADVANCED_FACE('',(#3848),#3858,.T.);
#3848 = FACE_BOUND('',#3849,.T.);
#3849 = EDGE_LOOP('',(#3850,#3851,#3852));
#3850 = ORIENTED_EDGE('',*,*,#3829,.F.);
#3851 = ORIENTED_EDGE('',*,*,#3745,.F.);
#3852 = ORIENTED_EDGE('',*,*,#3853,.F.);
#3853 = EDGE_CURVE('',#3830,#3715,#3854,.T.);
#3854 = LINE('',#3855,#3856);
#3855 = CARTESIAN_POINT('',(1.504767537117,5.184778213501,0.));
#3856 = VECTOR('',#3857,1.);
#3857 = DIRECTION('',(-0.291153370713,0.544709521673,0.786461220736));
#3858 = PLANE('',#3859);
#3859 = AXIS2_PLACEMENT_3D('',#3860,#3861,#3862);
#3860 = CARTESIAN_POINT('',(1.102318243657,5.846204400591,0.981638278993
    ));
#3861 = DIRECTION('',(-0.33641024455,0.711279132789,-0.61717918194));
#3862 = DIRECTION('',(2.775557561563E-17,0.655377510005,0.755301475822)
  );
#3863 = ADVANCED_FACE('',(#3864),#3882,.T.);
#3864 = FACE_BOUND('',#3865,.T.);
#3865 = EDGE_LOOP('',(#3866,#3867,#3868,#3876));
#3866 = ORIENTED_EDGE('',*,*,#3753,.F.);
#3867 = ORIENTED_EDGE('',*,*,#3808,.T.);
#3868 = ORIENTED_EDGE('',*,*,#3869,.T.);
#3869 = EDGE_CURVE('',#3778,#3870,#3872,.T.);
#3870 = VERTEX_POINT('',#3871);
#3871 = CARTESIAN_POINT('',(0.493483960629,6.373201370239,3.));
#3872 = LINE('',#3873,#3874);
#3873 = CARTESIAN_POINT('',(0.493483960629,6.373201370239,1.899999976158
    ));
#3874 = VECTOR('',#3875,1.);
#3875 = DIRECTION('',(0.,0.,1.));
#3876 = ORIENTED_EDGE('',*,*,#3877,.F.);
#3877 = EDGE_CURVE('',#3754,#3870,#3878,.T.);
#3878 = LINE('',#3879,#3880);
#3879 = CARTESIAN_POINT('',(0.65056180954,6.429404735565,3.));
#3880 = VECTOR('',#3881,1.);
#3881 = DIRECTION('',(-0.941544041809,-0.336889918719,0.));
#3882 = PLANE('',#3883);
#3883 = AXIS2_PLACEMENT_3D('',#3884,#3885,#3886);
#3884 = CARTESIAN_POINT('',(0.572022885084,6.401303052902,2.449999988079
    ));
#3885 = DIRECTION('',(-0.336889918719,0.941544041809,0.));
#3886 = DIRECTION('',(0.941544041809,0.336889918719,0.));
#3887 = ADVANCED_FACE('',(#3888),#3913,.T.);
#3888 = FACE_BOUND('',#3889,.T.);
#3889 = EDGE_LOOP('',(#3890,#3891,#3899,#3907));
#3890 = ORIENTED_EDGE('',*,*,#3869,.F.);
#3891 = ORIENTED_EDGE('',*,*,#3892,.T.);
#3892 = EDGE_CURVE('',#3778,#3893,#3895,.T.);
#3893 = VERTEX_POINT('',#3894);
#3894 = CARTESIAN_POINT('',(0.331653535366,6.332664966583,1.899999976158
    ));
#3895 = LINE('',#3896,#3897);
#3896 = CARTESIAN_POINT('',(0.493483960629,6.373201370239,1.899999976158
    ));
#3897 = VECTOR('',#3898,1.);
#3898 = DIRECTION('',(-0.970031263981,-0.242980136843,0.));
#3899 = ORIENTED_EDGE('',*,*,#3900,.T.);
#3900 = EDGE_CURVE('',#3893,#3901,#3903,.T.);
#3901 = VERTEX_POINT('',#3902);
#3902 = CARTESIAN_POINT('',(0.331653535366,6.332664966583,3.));
#3903 = LINE('',#3904,#3905);
#3904 = CARTESIAN_POINT('',(0.331653535366,6.332664966583,1.899999976158
    ));
#3905 = VECTOR('',#3906,1.);
#3906 = DIRECTION('',(0.,0.,1.));
#3907 = ORIENTED_EDGE('',*,*,#3908,.F.);
#3908 = EDGE_CURVE('',#3870,#3901,#3909,.T.);
#3909 = LINE('',#3910,#3911);
#3910 = CARTESIAN_POINT('',(0.493483960629,6.373201370239,3.));
#3911 = VECTOR('',#3912,1.);
#3912 = DIRECTION('',(-0.970031263981,-0.242980136843,0.));
#3913 = PLANE('',#3914);
#3914 = AXIS2_PLACEMENT_3D('',#3915,#3916,#3917);
#3915 = CARTESIAN_POINT('',(0.412568747997,6.352933168411,2.449999988079
    ));
#3916 = DIRECTION('',(-0.242980136843,0.970031263981,0.));
#3917 = DIRECTION('',(0.970031263981,0.242980136843,0.));
#3918 = ADVANCED_FACE('',(#3919),#3944,.T.);
#3919 = FACE_BOUND('',#3920,.T.);
#3920 = EDGE_LOOP('',(#3921,#3922,#3930,#3938));
#3921 = ORIENTED_EDGE('',*,*,#3900,.F.);
#3922 = ORIENTED_EDGE('',*,*,#3923,.T.);
#3923 = EDGE_CURVE('',#3893,#3924,#3926,.T.);
#3924 = VERTEX_POINT('',#3925);
#3925 = CARTESIAN_POINT('',(0.166629135609,6.30818605423,1.899999976158)
  );
#3926 = LINE('',#3927,#3928);
#3927 = CARTESIAN_POINT('',(0.331653535366,6.332664966583,1.899999976158
    ));
#3928 = VECTOR('',#3929,1.);
#3929 = DIRECTION('',(-0.989176636073,-0.146729624299,0.));
#3930 = ORIENTED_EDGE('',*,*,#3931,.T.);
#3931 = EDGE_CURVE('',#3924,#3932,#3934,.T.);
#3932 = VERTEX_POINT('',#3933);
#3933 = CARTESIAN_POINT('',(0.166629135609,6.30818605423,3.));
#3934 = LINE('',#3935,#3936);
#3935 = CARTESIAN_POINT('',(0.166629135609,6.30818605423,1.899999976158)
  );
#3936 = VECTOR('',#3937,1.);
#3937 = DIRECTION('',(0.,0.,1.));
#3938 = ORIENTED_EDGE('',*,*,#3939,.F.);
#3939 = EDGE_CURVE('',#3901,#3932,#3940,.T.);
#3940 = LINE('',#3941,#3942);
#3941 = CARTESIAN_POINT('',(0.331653535366,6.332664966583,3.));
#3942 = VECTOR('',#3943,1.);
#3943 = DIRECTION('',(-0.989176636073,-0.146729624299,0.));
#3944 = PLANE('',#3945);
#3945 = AXIS2_PLACEMENT_3D('',#3946,#3947,#3948);
#3946 = CARTESIAN_POINT('',(0.249141335487,6.320425510406,2.449999988079
    ));
#3947 = DIRECTION('',(-0.146729624299,0.989176636073,0.));
#3948 = DIRECTION('',(0.989176636073,0.146729624299,0.));
#3949 = ADVANCED_FACE('',(#3950),#3976,.T.);
#3950 = FACE_BOUND('',#3951,.T.);
#3951 = EDGE_LOOP('',(#3952,#3962,#3970));
#3952 = ORIENTED_EDGE('',*,*,#3953,.T.);
#3953 = EDGE_CURVE('',#3954,#3956,#3958,.T.);
#3954 = VERTEX_POINT('',#3955);
#3955 = CARTESIAN_POINT('',(-0.622756898403,4.869189739227,0.));
#3956 = VERTEX_POINT('',#3957);
#3957 = CARTESIAN_POINT('',(-0.331653535366,6.332664966583,
    1.899999976158));
#3958 = LINE('',#3959,#3960);
#3959 = CARTESIAN_POINT('',(-0.622756898403,4.869189739227,0.));
#3960 = VECTOR('',#3961,1.);
#3961 = DIRECTION('',(0.120495533081,0.60577186684,0.786461233535));
#3962 = ORIENTED_EDGE('',*,*,#3963,.T.);
#3963 = EDGE_CURVE('',#3956,#3964,#3966,.T.);
#3964 = VERTEX_POINT('',#3965);
#3965 = CARTESIAN_POINT('',(-0.312885075808,4.823224544525,0.));
#3966 = LINE('',#3967,#3968);
#3967 = CARTESIAN_POINT('',(-0.331653535366,6.332664966583,
    1.899999976158));
#3968 = VECTOR('',#3969,1.);
#3969 = DIRECTION('',(7.734221531313E-03,-0.622019435113,-0.782963603342
    ));
#3970 = ORIENTED_EDGE('',*,*,#3971,.F.);
#3971 = EDGE_CURVE('',#3954,#3964,#3972,.T.);
#3972 = LINE('',#3973,#3974);
#3973 = CARTESIAN_POINT('',(-0.622756898403,4.869189739227,0.));
#3974 = VECTOR('',#3975,1.);
#3975 = DIRECTION('',(0.989176485924,-0.146730636524,0.));
#3976 = PLANE('',#3977);
#3977 = AXIS2_PLACEMENT_3D('',#3978,#3979,#3980);
#3978 = CARTESIAN_POINT('',(-0.403711800087,5.54425420354,0.892279000625
    ));
#3979 = DIRECTION('',(0.115450987964,0.778306461939,-0.617179164167));
#3980 = DIRECTION('',(-6.938893903907E-18,0.621333913515,0.783545893944)
  );
#3981 = ADVANCED_FACE('',(#3982),#3999,.T.);
#3982 = FACE_BOUND('',#3983,.T.);
#3983 = EDGE_LOOP('',(#3984,#3985,#3993));
#3984 = ORIENTED_EDGE('',*,*,#3963,.F.);
#3985 = ORIENTED_EDGE('',*,*,#3986,.F.);
#3986 = EDGE_CURVE('',#3987,#3956,#3989,.T.);
#3987 = VERTEX_POINT('',#3988);
#3988 = CARTESIAN_POINT('',(-0.166629135609,6.30818605423,1.899999976158
    ));
#3989 = LINE('',#3990,#3991);
#3990 = CARTESIAN_POINT('',(-0.166629135609,6.30818605423,1.899999976158
    ));
#3991 = VECTOR('',#3992,1.);
#3992 = DIRECTION('',(-0.989176636073,0.146729624299,0.));
#3993 = ORIENTED_EDGE('',*,*,#3994,.F.);
#3994 = EDGE_CURVE('',#3964,#3987,#3995,.T.);
#3995 = LINE('',#3996,#3997);
#3996 = CARTESIAN_POINT('',(-0.312885075808,4.823224544525,0.));
#3997 = VECTOR('',#3998,1.);
#3998 = DIRECTION('',(6.053927521328E-02,0.614665588248,0.786461194707)
  );
#3999 = PLANE('',#4000);
#4000 = AXIS2_PLACEMENT_3D('',#4001,#4002,#4003);
#4001 = CARTESIAN_POINT('',(-0.280040642946,5.596769191525,
    0.981638266698));
#4002 = DIRECTION('',(0.115450184275,0.778306531217,-0.617179227142));
#4003 = DIRECTION('',(-6.938893903907E-18,0.621333918484,0.783545890003)
  );
#4004 = ADVANCED_FACE('',(#4005),#4022,.T.);
#4005 = FACE_BOUND('',#4006,.T.);
#4006 = EDGE_LOOP('',(#4007,#4008,#4016));
#4007 = ORIENTED_EDGE('',*,*,#3994,.T.);
#4008 = ORIENTED_EDGE('',*,*,#4009,.T.);
#4009 = EDGE_CURVE('',#3987,#4010,#4012,.T.);
#4010 = VERTEX_POINT('',#4011);
#4011 = CARTESIAN_POINT('',(0.,4.807853221893,0.));
#4012 = LINE('',#4013,#4014);
#4013 = CARTESIAN_POINT('',(-0.166629135609,6.30818605423,1.899999976158
    ));
#4014 = VECTOR('',#4015,1.);
#4015 = DIRECTION('',(6.866554547776E-02,-0.618266259104,-0.78296352132)
  );
#4016 = ORIENTED_EDGE('',*,*,#4017,.F.);
#4017 = EDGE_CURVE('',#3964,#4010,#4018,.T.);
#4018 = LINE('',#4019,#4020);
#4019 = CARTESIAN_POINT('',(-0.312885075808,4.823224544525,0.));
#4020 = VECTOR('',#4021,1.);
#4021 = DIRECTION('',(0.998795414822,-4.906851669037E-02,0.));
#4022 = PLANE('',#4023);
#4023 = AXIS2_PLACEMENT_3D('',#4024,#4025,#4026);
#4024 = CARTESIAN_POINT('',(-0.161062638673,5.516508601355,
    0.892279004072));
#4025 = DIRECTION('',(3.860821781804E-02,0.785874803888,-0.617179226911)
  );
#4026 = DIRECTION('',(0.,0.617639723761,0.786461169818));
#4027 = ADVANCED_FACE('',(#4028),#4045,.T.);
#4028 = FACE_BOUND('',#4029,.T.);
#4029 = EDGE_LOOP('',(#4030,#4031,#4039));
#4030 = ORIENTED_EDGE('',*,*,#4009,.F.);
#4031 = ORIENTED_EDGE('',*,*,#4032,.F.);
#4032 = EDGE_CURVE('',#4033,#3987,#4035,.T.);
#4033 = VERTEX_POINT('',#4034);
#4034 = CARTESIAN_POINT('',(0.,6.300000190735,1.899999976158));
#4035 = LINE('',#4036,#4037);
#4036 = CARTESIAN_POINT('',(0.,6.300000190735,1.899999976158));
#4037 = VECTOR('',#4038,1.);
#4038 = DIRECTION('',(-0.99879548588,4.906707027462E-02,0.));
#4039 = ORIENTED_EDGE('',*,*,#4040,.T.);
#4040 = EDGE_CURVE('',#4033,#4010,#4041,.T.);
#4041 = LINE('',#4042,#4043);
#4042 = CARTESIAN_POINT('',(0.,6.300000190735,1.899999976158));
#4043 = VECTOR('',#4044,1.);
#4044 = DIRECTION('',(0.,-0.61763978569,-0.786461121183));
#4045 = PLANE('',#4046);
#4046 = AXIS2_PLACEMENT_3D('',#4047,#4048,#4049);
#4047 = CARTESIAN_POINT('',(-4.313436039435E-02,5.58089255845,
    0.981638267803));
#4048 = DIRECTION('',(3.86070763153E-02,0.785874789975,-0.617179316034)
  );
#4049 = DIRECTION('',(3.469446951954E-18,0.61763978569,0.786461121183));
#4050 = ADVANCED_FACE('',(#4051),#4068,.T.);
#4051 = FACE_BOUND('',#4052,.T.);
#4052 = EDGE_LOOP('',(#4053,#4054,#4062));
#4053 = ORIENTED_EDGE('',*,*,#4040,.F.);
#4054 = ORIENTED_EDGE('',*,*,#4055,.T.);
#4055 = EDGE_CURVE('',#4033,#4056,#4058,.T.);
#4056 = VERTEX_POINT('',#4057);
#4057 = CARTESIAN_POINT('',(0.312885075808,4.823224544525,0.));
#4058 = LINE('',#4059,#4060);
#4059 = CARTESIAN_POINT('',(0.,6.300000190735,1.899999976158));
#4060 = VECTOR('',#4061,1.);
#4061 = DIRECTION('',(0.128935586384,-0.608558696542,-0.782963554341));
#4062 = ORIENTED_EDGE('',*,*,#4063,.F.);
#4063 = EDGE_CURVE('',#4010,#4056,#4064,.T.);
#4064 = LINE('',#4065,#4066);
#4065 = CARTESIAN_POINT('',(0.,4.807853221893,0.));
#4066 = VECTOR('',#4067,1.);
#4067 = DIRECTION('',(0.998795414822,4.906851669037E-02,0.));
#4068 = PLANE('',#4069);
#4069 = AXIS2_PLACEMENT_3D('',#4070,#4071,#4072);
#4070 = CARTESIAN_POINT('',(8.313763924878E-02,5.512680440417,
    0.892279005455));
#4071 = DIRECTION('',(-3.860821543405E-02,0.785874755362,-0.617179288851
    ));
#4072 = DIRECTION('',(0.,0.61763978569,0.786461121183));
#4073 = ADVANCED_FACE('',(#4074),#4089,.T.);
#4074 = FACE_BOUND('',#4075,.T.);
#4075 = EDGE_LOOP('',(#4076,#4077,#4083));
#4076 = ORIENTED_EDGE('',*,*,#4055,.F.);
#4077 = ORIENTED_EDGE('',*,*,#4078,.F.);
#4078 = EDGE_CURVE('',#3924,#4033,#4079,.T.);
#4079 = LINE('',#4080,#4081);
#4080 = CARTESIAN_POINT('',(0.166629135609,6.30818605423,1.899999976158)
  );
#4081 = VECTOR('',#4082,1.);
#4082 = DIRECTION('',(-0.99879548588,-4.906707027462E-02,0.));
#4083 = ORIENTED_EDGE('',*,*,#4084,.F.);
#4084 = EDGE_CURVE('',#4056,#3924,#4085,.T.);
#4085 = LINE('',#4086,#4087);
#4086 = CARTESIAN_POINT('',(0.312885075808,4.823224544525,0.));
#4087 = VECTOR('',#4088,1.);
#4088 = DIRECTION('',(-6.053927521328E-02,0.614665588248,0.786461194707)
  );
#4089 = PLANE('',#4090);
#4090 = AXIS2_PLACEMENT_3D('',#4091,#4092,#4093);
#4091 = CARTESIAN_POINT('',(0.194187330133,5.588313444593,0.981638269876
    ));
#4092 = DIRECTION('',(-3.860708079167E-02,0.785874881095,-0.617179199728
    ));
#4093 = DIRECTION('',(3.469446951954E-18,0.617639669404,0.786461212507)
  );
#4094 = ADVANCED_FACE('',(#4095),#4112,.T.);
#4095 = FACE_BOUND('',#4096,.T.);
#4096 = EDGE_LOOP('',(#4097,#4098,#4106));
#4097 = ORIENTED_EDGE('',*,*,#4084,.T.);
#4098 = ORIENTED_EDGE('',*,*,#4099,.T.);
#4099 = EDGE_CURVE('',#3924,#4100,#4102,.T.);
#4100 = VERTEX_POINT('',#4101);
#4101 = CARTESIAN_POINT('',(0.622756898403,4.869189739227,0.));
#4102 = LINE('',#4103,#4104);
#4103 = CARTESIAN_POINT('',(0.166629135609,6.30818605423,1.899999976158)
  );
#4104 = VECTOR('',#4105,1.);
#4105 = DIRECTION('',(0.187963911841,-0.592990382421,-0.782963584212));
#4106 = ORIENTED_EDGE('',*,*,#4107,.F.);
#4107 = EDGE_CURVE('',#4056,#4100,#4108,.T.);
#4108 = LINE('',#4109,#4110);
#4109 = CARTESIAN_POINT('',(0.312885075808,4.823224544525,0.));
#4110 = VECTOR('',#4111,1.);
#4111 = DIRECTION('',(0.989176485924,0.146730636524,0.));
#4112 = PLANE('',#4113);
#4113 = AXIS2_PLACEMENT_3D('',#4114,#4115,#4116);
#4114 = CARTESIAN_POINT('',(0.326537264004,5.532806512229,0.892279002624
    ));
#4115 = DIRECTION('',(-0.115450982927,0.77830642798,-0.617179207934));
#4116 = DIRECTION('',(-6.938893903907E-18,0.621333957211,0.783545859294)
  );
#4117 = ADVANCED_FACE('',(#4118),#4128,.T.);
#4118 = FACE_BOUND('',#4119,.T.);
#4119 = EDGE_LOOP('',(#4120,#4121,#4122));
#4120 = ORIENTED_EDGE('',*,*,#4099,.F.);
#4121 = ORIENTED_EDGE('',*,*,#3923,.F.);
#4122 = ORIENTED_EDGE('',*,*,#4123,.F.);
#4123 = EDGE_CURVE('',#4100,#3893,#4124,.T.);
#4124 = LINE('',#4125,#4126);
#4125 = CARTESIAN_POINT('',(0.622756898403,4.869189739227,0.));
#4126 = VECTOR('',#4127,1.);
#4127 = DIRECTION('',(-0.120495533081,0.60577186684,0.786461233535));
#4128 = PLANE('',#4129);
#4129 = AXIS2_PLACEMENT_3D('',#4130,#4131,#4132);
#4130 = CARTESIAN_POINT('',(0.429638890908,5.618960020906,0.981638267077
    ));
#4131 = DIRECTION('',(-0.115450193734,0.778306594984,-0.617179144958));
#4132 = DIRECTION('',(6.938893903907E-18,0.621333836434,0.783545955067)
  );
#4133 = ADVANCED_FACE('',(#4134),#4152,.T.);
#4134 = FACE_BOUND('',#4135,.T.);
#4135 = EDGE_LOOP('',(#4136,#4137,#4138,#4146));
#4136 = ORIENTED_EDGE('',*,*,#3931,.F.);
#4137 = ORIENTED_EDGE('',*,*,#4078,.T.);
#4138 = ORIENTED_EDGE('',*,*,#4139,.F.);
#4139 = EDGE_CURVE('',#4140,#4033,#4142,.T.);
#4140 = VERTEX_POINT('',#4141);
#4141 = CARTESIAN_POINT('',(0.,6.300000190735,3.));
#4142 = LINE('',#4143,#4144);
#4143 = CARTESIAN_POINT('',(0.,6.300000190735,3.));
#4144 = VECTOR('',#4145,1.);
#4145 = DIRECTION('',(0.,0.,-1.));
#4146 = ORIENTED_EDGE('',*,*,#4147,.F.);
#4147 = EDGE_CURVE('',#3932,#4140,#4148,.T.);
#4148 = LINE('',#4149,#4150);
#4149 = CARTESIAN_POINT('',(0.166629135609,6.30818605423,3.));
#4150 = VECTOR('',#4151,1.);
#4151 = DIRECTION('',(-0.99879548588,-4.906707027462E-02,0.));
#4152 = PLANE('',#4153);
#4153 = AXIS2_PLACEMENT_3D('',#4154,#4155,#4156);
#4154 = CARTESIAN_POINT('',(8.331456780434E-02,6.304093122482,
    2.449999988079));
#4155 = DIRECTION('',(-4.906707027462E-02,0.99879548588,0.));
#4156 = DIRECTION('',(0.99879548588,4.906707027462E-02,0.));
#4157 = ADVANCED_FACE('',(#4158),#4176,.T.);
#4158 = FACE_BOUND('',#4159,.T.);
#4159 = EDGE_LOOP('',(#4160,#4161,#4169,#4175));
#4160 = ORIENTED_EDGE('',*,*,#4032,.T.);
#4161 = ORIENTED_EDGE('',*,*,#4162,.T.);
#4162 = EDGE_CURVE('',#3987,#4163,#4165,.T.);
#4163 = VERTEX_POINT('',#4164);
#4164 = CARTESIAN_POINT('',(-0.166629135609,6.30818605423,3.));
#4165 = LINE('',#4166,#4167);
#4166 = CARTESIAN_POINT('',(-0.166629135609,6.30818605423,1.899999976158
    ));
#4167 = VECTOR('',#4168,1.);
#4168 = DIRECTION('',(0.,0.,1.));
#4169 = ORIENTED_EDGE('',*,*,#4170,.F.);
#4170 = EDGE_CURVE('',#4140,#4163,#4171,.T.);
#4171 = LINE('',#4172,#4173);
#4172 = CARTESIAN_POINT('',(0.,6.300000190735,3.));
#4173 = VECTOR('',#4174,1.);
#4174 = DIRECTION('',(-0.99879548588,4.906707027462E-02,0.));
#4175 = ORIENTED_EDGE('',*,*,#4139,.T.);
#4176 = PLANE('',#4177);
#4177 = AXIS2_PLACEMENT_3D('',#4178,#4179,#4180);
#4178 = CARTESIAN_POINT('',(-8.331456780434E-02,6.304093122482,
    2.449999988079));
#4179 = DIRECTION('',(4.906707027462E-02,0.99879548588,0.));
#4180 = DIRECTION('',(0.99879548588,-4.906707027462E-02,0.));
#4181 = ADVANCED_FACE('',(#4182),#4200,.T.);
#4182 = FACE_BOUND('',#4183,.T.);
#4183 = EDGE_LOOP('',(#4184,#4185,#4186,#4194));
#4184 = ORIENTED_EDGE('',*,*,#4162,.F.);
#4185 = ORIENTED_EDGE('',*,*,#3986,.T.);
#4186 = ORIENTED_EDGE('',*,*,#4187,.T.);
#4187 = EDGE_CURVE('',#3956,#4188,#4190,.T.);
#4188 = VERTEX_POINT('',#4189);
#4189 = CARTESIAN_POINT('',(-0.331653535366,6.332664966583,3.));
#4190 = LINE('',#4191,#4192);
#4191 = CARTESIAN_POINT('',(-0.331653535366,6.332664966583,
    1.899999976158));
#4192 = VECTOR('',#4193,1.);
#4193 = DIRECTION('',(0.,0.,1.));
#4194 = ORIENTED_EDGE('',*,*,#4195,.F.);
#4195 = EDGE_CURVE('',#4163,#4188,#4196,.T.);
#4196 = LINE('',#4197,#4198);
#4197 = CARTESIAN_POINT('',(-0.166629135609,6.30818605423,3.));
#4198 = VECTOR('',#4199,1.);
#4199 = DIRECTION('',(-0.989176636073,0.146729624299,0.));
#4200 = PLANE('',#4201);
#4201 = AXIS2_PLACEMENT_3D('',#4202,#4203,#4204);
#4202 = CARTESIAN_POINT('',(-0.249141335487,6.320425510406,
    2.449999988079));
#4203 = DIRECTION('',(0.146729624299,0.989176636073,0.));
#4204 = DIRECTION('',(0.989176636073,-0.146729624299,0.));
#4205 = ADVANCED_FACE('',(#4206),#4231,.T.);
#4206 = FACE_BOUND('',#4207,.T.);
#4207 = EDGE_LOOP('',(#4208,#4209,#4217,#4225));
#4208 = ORIENTED_EDGE('',*,*,#4187,.F.);
#4209 = ORIENTED_EDGE('',*,*,#4210,.T.);
#4210 = EDGE_CURVE('',#3956,#4211,#4213,.T.);
#4211 = VERTEX_POINT('',#4212);
#4212 = CARTESIAN_POINT('',(-0.493483960629,6.373201370239,
    1.899999976158));
#4213 = LINE('',#4214,#4215);
#4214 = CARTESIAN_POINT('',(-0.331653535366,6.332664966583,
    1.899999976158));
#4215 = VECTOR('',#4216,1.);
#4216 = DIRECTION('',(-0.970031263981,0.242980136843,0.));
#4217 = ORIENTED_EDGE('',*,*,#4218,.T.);
#4218 = EDGE_CURVE('',#4211,#4219,#4221,.T.);
#4219 = VERTEX_POINT('',#4220);
#4220 = CARTESIAN_POINT('',(-0.493483960629,6.373201370239,3.));
#4221 = LINE('',#4222,#4223);
#4222 = CARTESIAN_POINT('',(-0.493483960629,6.373201370239,
    1.899999976158));
#4223 = VECTOR('',#4224,1.);
#4224 = DIRECTION('',(0.,0.,1.));
#4225 = ORIENTED_EDGE('',*,*,#4226,.F.);
#4226 = EDGE_CURVE('',#4188,#4219,#4227,.T.);
#4227 = LINE('',#4228,#4229);
#4228 = CARTESIAN_POINT('',(-0.331653535366,6.332664966583,3.));
#4229 = VECTOR('',#4230,1.);
#4230 = DIRECTION('',(-0.970031263981,0.242980136843,0.));
#4231 = PLANE('',#4232);
#4232 = AXIS2_PLACEMENT_3D('',#4233,#4234,#4235);
#4233 = CARTESIAN_POINT('',(-0.412568747997,6.352933168411,
    2.449999988079));
#4234 = DIRECTION('',(0.242980136843,0.970031263981,0.));
#4235 = DIRECTION('',(0.970031263981,-0.242980136843,0.));
#4236 = ADVANCED_FACE('',(#4237),#4262,.T.);
#4237 = FACE_BOUND('',#4238,.T.);
#4238 = EDGE_LOOP('',(#4239,#4240,#4248,#4256));
#4239 = ORIENTED_EDGE('',*,*,#4218,.F.);
#4240 = ORIENTED_EDGE('',*,*,#4241,.T.);
#4241 = EDGE_CURVE('',#4211,#4242,#4244,.T.);
#4242 = VERTEX_POINT('',#4243);
#4243 = CARTESIAN_POINT('',(-0.65056180954,6.429404735565,1.899999976158
    ));
#4244 = LINE('',#4245,#4246);
#4245 = CARTESIAN_POINT('',(-0.493483960629,6.373201370239,
    1.899999976158));
#4246 = VECTOR('',#4247,1.);
#4247 = DIRECTION('',(-0.941544041809,0.336889918719,0.));
#4248 = ORIENTED_EDGE('',*,*,#4249,.T.);
#4249 = EDGE_CURVE('',#4242,#4250,#4252,.T.);
#4250 = VERTEX_POINT('',#4251);
#4251 = CARTESIAN_POINT('',(-0.65056180954,6.429404735565,3.));
#4252 = LINE('',#4253,#4254);
#4253 = CARTESIAN_POINT('',(-0.65056180954,6.429404735565,1.899999976158
    ));
#4254 = VECTOR('',#4255,1.);
#4255 = DIRECTION('',(0.,0.,1.));
#4256 = ORIENTED_EDGE('',*,*,#4257,.F.);
#4257 = EDGE_CURVE('',#4219,#4250,#4258,.T.);
#4258 = LINE('',#4259,#4260);
#4259 = CARTESIAN_POINT('',(-0.493483960629,6.373201370239,3.));
#4260 = VECTOR('',#4261,1.);
#4261 = DIRECTION('',(-0.941544041809,0.336889918719,0.));
#4262 = PLANE('',#4263);
#4263 = AXIS2_PLACEMENT_3D('',#4264,#4265,#4266);
#4264 = CARTESIAN_POINT('',(-0.572022885084,6.401303052902,
    2.449999988079));
#4265 = DIRECTION('',(0.336889918719,0.941544041809,0.));
#4266 = DIRECTION('',(0.941544041809,-0.336889918719,0.));
#4267 = ADVANCED_FACE('',(#4268),#4294,.T.);
#4268 = FACE_BOUND('',#4269,.T.);
#4269 = EDGE_LOOP('',(#4270,#4280,#4288));
#4270 = ORIENTED_EDGE('',*,*,#4271,.T.);
#4271 = EDGE_CURVE('',#4272,#4274,#4276,.T.);
#4272 = VERTEX_POINT('',#4273);
#4273 = CARTESIAN_POINT('',(-1.504767537117,5.184778213501,0.));
#4274 = VERTEX_POINT('',#4275);
#4275 = CARTESIAN_POINT('',(-0.801374435425,6.500733852386,
    1.899999976158));
#4276 = LINE('',#4277,#4278);
#4277 = CARTESIAN_POINT('',(-1.504767537117,5.184778213501,0.));
#4278 = VECTOR('',#4279,1.);
#4279 = DIRECTION('',(0.291153370713,0.544709521673,0.786461220736));
#4280 = ORIENTED_EDGE('',*,*,#4281,.T.);
#4281 = EDGE_CURVE('',#4274,#4282,#4284,.T.);
#4282 = VERTEX_POINT('',#4283);
#4283 = CARTESIAN_POINT('',(-1.221581578255,5.050841331482,0.));
#4284 = LINE('',#4285,#4286);
#4285 = CARTESIAN_POINT('',(-0.801374435425,6.500733852386,
    1.899999976158));
#4286 = VECTOR('',#4287,1.);
#4287 = DIRECTION('',(-0.173161531888,-0.597480586128,-0.782963621807));
#4288 = ORIENTED_EDGE('',*,*,#4289,.F.);
#4289 = EDGE_CURVE('',#4272,#4282,#4290,.T.);
#4290 = LINE('',#4291,#4292);
#4291 = CARTESIAN_POINT('',(-1.504767537117,5.184778213501,0.));
#4292 = VECTOR('',#4293,1.);
#4293 = DIRECTION('',(0.903989418416,-0.427554828521,0.));
#4294 = PLANE('',#4295);
#4295 = AXIS2_PLACEMENT_3D('',#4296,#4297,#4298);
#4296 = CARTESIAN_POINT('',(-1.099193497819,5.767189220657,
    0.892278992111));
#4297 = DIRECTION('',(0.336409820147,0.711279343322,-0.61717917064));
#4298 = DIRECTION('',(2.775557561563E-17,0.655377392494,0.755301577787)
  );
#4299 = ADVANCED_FACE('',(#4300),#4315,.T.);
#4300 = FACE_BOUND('',#4301,.T.);
#4301 = EDGE_LOOP('',(#4302,#4303,#4309));
#4302 = ORIENTED_EDGE('',*,*,#4281,.F.);
#4303 = ORIENTED_EDGE('',*,*,#4304,.F.);
#4304 = EDGE_CURVE('',#4242,#4274,#4305,.T.);
#4305 = LINE('',#4306,#4307);
#4306 = CARTESIAN_POINT('',(-0.65056180954,6.429404735565,1.899999976158
    ));
#4307 = VECTOR('',#4308,1.);
#4308 = DIRECTION('',(-0.903989161026,0.427555372726,0.));
#4309 = ORIENTED_EDGE('',*,*,#4310,.F.);
#4310 = EDGE_CURVE('',#4282,#4242,#4311,.T.);
#4311 = LINE('',#4312,#4313);
#4312 = CARTESIAN_POINT('',(-1.221581578255,5.050841331482,0.));
#4313 = VECTOR('',#4314,1.);
#4314 = DIRECTION('',(0.236360488338,0.570624586478,0.786461251976));
#4315 = PLANE('',#4316);
#4316 = AXIS2_PLACEMENT_3D('',#4317,#4318,#4319);
#4317 = CARTESIAN_POINT('',(-0.965603254707,5.781543076423,
    0.981638279911));
#4318 = DIRECTION('',(0.336410260765,0.711279167073,-0.617179133591));
#4319 = DIRECTION('',(-5.551115123126E-17,0.655377462695,0.755301516873)
  );
#4320 = ADVANCED_FACE('',(#4321),#4338,.T.);
#4321 = FACE_BOUND('',#4322,.T.);
#4322 = EDGE_LOOP('',(#4323,#4324,#4332));
#4323 = ORIENTED_EDGE('',*,*,#4310,.T.);
#4324 = ORIENTED_EDGE('',*,*,#4325,.T.);
#4325 = EDGE_CURVE('',#4242,#4326,#4328,.T.);
#4326 = VERTEX_POINT('',#4327);
#4327 = CARTESIAN_POINT('',(-0.926631271839,4.945306301117,0.));
#4328 = LINE('',#4329,#4330);
#4329 = CARTESIAN_POINT('',(-0.65056180954,6.429404735565,1.899999976158
    ));
#4330 = VECTOR('',#4331,1.);
#4331 = DIRECTION('',(-0.113764392686,-0.611576360801,-0.782963612096));
#4332 = ORIENTED_EDGE('',*,*,#4333,.F.);
#4333 = EDGE_CURVE('',#4282,#4326,#4334,.T.);
#4334 = LINE('',#4335,#4336);
#4335 = CARTESIAN_POINT('',(-1.221581578255,5.050841331482,0.));
#4336 = VECTOR('',#4337,1.);
#4337 = DIRECTION('',(0.941543940409,-0.336890202111,0.));
#4338 = PLANE('',#4339);
#4339 = AXIS2_PLACEMENT_3D('',#4340,#4341,#4342);
#4340 = CARTESIAN_POINT('',(-0.875046828337,5.670200981633,
    0.892279005122));
#4341 = DIRECTION('',(0.265072846278,0.740828111404,-0.617179143782));
#4342 = DIRECTION('',(0.,0.640075682088,0.768311864544));
#4343 = ADVANCED_FACE('',(#4344),#4354,.T.);
#4344 = FACE_BOUND('',#4345,.T.);
#4345 = EDGE_LOOP('',(#4346,#4347,#4348));
#4346 = ORIENTED_EDGE('',*,*,#4325,.F.);
#4347 = ORIENTED_EDGE('',*,*,#4241,.F.);
#4348 = ORIENTED_EDGE('',*,*,#4349,.F.);
#4349 = EDGE_CURVE('',#4326,#4211,#4350,.T.);
#4350 = LINE('',#4351,#4352);
#4351 = CARTESIAN_POINT('',(-0.926631271839,4.945306301117,0.));
#4352 = VECTOR('',#4353,1.);
#4353 = DIRECTION('',(0.179291353992,0.591044279106,0.786461232687));
#4354 = PLANE('',#4355);
#4355 = AXIS2_PLACEMENT_3D('',#4356,#4357,#4358);
#4356 = CARTESIAN_POINT('',(-0.7435068381,5.697579806907,0.981638267181)
  );
#4357 = DIRECTION('',(0.265072618404,0.740828177507,-0.617179162306));
#4358 = DIRECTION('',(0.,0.640075659714,0.768311883184));
#4359 = ADVANCED_FACE('',(#4360),#4378,.T.);
#4360 = FACE_BOUND('',#4361,.T.);
#4361 = EDGE_LOOP('',(#4362,#4363,#4364,#4372));
#4362 = ORIENTED_EDGE('',*,*,#4249,.F.);
#4363 = ORIENTED_EDGE('',*,*,#4304,.T.);
#4364 = ORIENTED_EDGE('',*,*,#4365,.T.);
#4365 = EDGE_CURVE('',#4274,#4366,#4368,.T.);
#4366 = VERTEX_POINT('',#4367);
#4367 = CARTESIAN_POINT('',(-0.801374435425,6.500733852386,3.));
#4368 = LINE('',#4369,#4370);
#4369 = CARTESIAN_POINT('',(-0.801374435425,6.500733852386,
    1.899999976158));
#4370 = VECTOR('',#4371,1.);
#4371 = DIRECTION('',(0.,0.,1.));
#4372 = ORIENTED_EDGE('',*,*,#4373,.F.);
#4373 = EDGE_CURVE('',#4250,#4366,#4374,.T.);
#4374 = LINE('',#4375,#4376);
#4375 = CARTESIAN_POINT('',(-0.65056180954,6.429404735565,3.));
#4376 = VECTOR('',#4377,1.);
#4377 = DIRECTION('',(-0.903989161026,0.427555372726,0.));
#4378 = PLANE('',#4379);
#4379 = AXIS2_PLACEMENT_3D('',#4380,#4381,#4382);
#4380 = CARTESIAN_POINT('',(-0.725968122482,6.465069293976,
    2.449999988079));
#4381 = DIRECTION('',(0.427555372726,0.903989161026,0.));
#4382 = DIRECTION('',(0.903989161026,-0.427555372726,0.));
#4383 = ADVANCED_FACE('',(#4384),#4400,.T.);
#4384 = FACE_BOUND('',#4385,.T.);
#4385 = EDGE_LOOP('',(#4386,#4387,#4393,#4394));
#4386 = ORIENTED_EDGE('',*,*,#4365,.F.);
#4387 = ORIENTED_EDGE('',*,*,#4388,.T.);
#4388 = EDGE_CURVE('',#4274,#727,#4389,.T.);
#4389 = LINE('',#4390,#4391);
#4390 = CARTESIAN_POINT('',(-0.801374435425,6.500733852386,
    1.899999976158));
#4391 = VECTOR('',#4392,1.);
#4392 = DIRECTION('',(-0.857728796358,0.514102433274,0.));
#4393 = ORIENTED_EDGE('',*,*,#765,.T.);
#4394 = ORIENTED_EDGE('',*,*,#4395,.F.);
#4395 = EDGE_CURVE('',#4366,#758,#4396,.T.);
#4396 = LINE('',#4397,#4398);
#4397 = CARTESIAN_POINT('',(-0.801374435425,6.500733852386,3.));
#4398 = VECTOR('',#4399,1.);
#4399 = DIRECTION('',(-0.857728796358,0.514102433274,0.));
#4400 = PLANE('',#4401);
#4401 = AXIS2_PLACEMENT_3D('',#4402,#4403,#4404);
#4402 = CARTESIAN_POINT('',(-0.872921913862,6.543617725372,
    2.449999988079));
#4403 = DIRECTION('',(0.514102433274,0.857728796358,0.));
#4404 = DIRECTION('',(0.857728796358,-0.514102433274,0.));
#4405 = ADVANCED_FACE('',(#4406),#4424,.T.);
#4406 = FACE_BOUND('',#4407,.T.);
#4407 = EDGE_LOOP('',(#4408,#4409,#4410,#4418));
#4408 = ORIENTED_EDGE('',*,*,#749,.F.);
#4409 = ORIENTED_EDGE('',*,*,#680,.T.);
#4410 = ORIENTED_EDGE('',*,*,#4411,.T.);
#4411 = EDGE_CURVE('',#650,#4412,#4414,.T.);
#4412 = VERTEX_POINT('',#4413);
#4413 = CARTESIAN_POINT('',(-1.202081561089,6.797918319702,3.));
#4414 = LINE('',#4415,#4416);
#4415 = CARTESIAN_POINT('',(-1.202081561089,6.797918319702,
    1.899999976158));
#4416 = VECTOR('',#4417,1.);
#4417 = DIRECTION('',(0.,0.,1.));
#4418 = ORIENTED_EDGE('',*,*,#4419,.F.);
#4419 = EDGE_CURVE('',#750,#4412,#4420,.T.);
#4420 = LINE('',#4421,#4422);
#4421 = CARTESIAN_POINT('',(-1.078468561172,6.685882091522,3.));
#4422 = VECTOR('',#4423,1.);
#4423 = DIRECTION('',(-0.740951317281,0.671558743089,0.));
#4424 = PLANE('',#4425);
#4425 = AXIS2_PLACEMENT_3D('',#4426,#4427,#4428);
#4426 = CARTESIAN_POINT('',(-1.140275061131,6.741900205612,
    2.449999988079));
#4427 = DIRECTION('',(0.671558743089,0.740951317281,0.));
#4428 = DIRECTION('',(0.740951317281,-0.671558743089,0.));
#4429 = ADVANCED_FACE('',(#4430),#4446,.T.);
#4430 = FACE_BOUND('',#4431,.T.);
#4431 = EDGE_LOOP('',(#4432,#4433,#4439,#4440));
#4432 = ORIENTED_EDGE('',*,*,#4411,.F.);
#4433 = ORIENTED_EDGE('',*,*,#4434,.T.);
#4434 = EDGE_CURVE('',#650,#508,#4435,.T.);
#4435 = LINE('',#4436,#4437);
#4436 = CARTESIAN_POINT('',(-1.202081561089,6.797918319702,
    1.899999976158));
#4437 = VECTOR('',#4438,1.);
#4438 = DIRECTION('',(-0.671559098646,0.740950995023,0.));
#4439 = ORIENTED_EDGE('',*,*,#633,.T.);
#4440 = ORIENTED_EDGE('',*,*,#4441,.F.);
#4441 = EDGE_CURVE('',#4412,#626,#4442,.T.);
#4442 = LINE('',#4443,#4444);
#4443 = CARTESIAN_POINT('',(-1.202081561089,6.797918319702,3.));
#4444 = VECTOR('',#4445,1.);
#4445 = DIRECTION('',(-0.671559098646,0.740950995023,0.));
#4446 = PLANE('',#4447);
#4447 = AXIS2_PLACEMENT_3D('',#4448,#4449,#4450);
#4448 = CARTESIAN_POINT('',(-1.258099675179,6.859724760056,
    2.449999988079));
#4449 = DIRECTION('',(0.740950995023,0.671559098646,0.));
#4450 = DIRECTION('',(-0.671559098646,0.740950995023,0.));
#4451 = ADVANCED_FACE('',(#4452),#4463,.T.);
#4452 = FACE_BOUND('',#4453,.T.);
#4453 = EDGE_LOOP('',(#4454,#4455,#4456,#4457));
#4454 = ORIENTED_EDGE('',*,*,#617,.F.);
#4455 = ORIENTED_EDGE('',*,*,#462,.T.);
#4456 = ORIENTED_EDGE('',*,*,#547,.T.);
#4457 = ORIENTED_EDGE('',*,*,#4458,.F.);
#4458 = EDGE_CURVE('',#618,#540,#4459,.T.);
#4459 = LINE('',#4460,#4461);
#4460 = CARTESIAN_POINT('',(-1.413498282433,7.055530548096,3.));
#4461 = VECTOR('',#4462,1.);
#4462 = DIRECTION('',(-0.514102801426,0.857728575696,0.));
#4463 = PLANE('',#4464);
#4464 = AXIS2_PLACEMENT_3D('',#4465,#4466,#4467);
#4465 = CARTESIAN_POINT('',(-1.456382215023,7.127078056335,
    2.449999988079));
#4466 = DIRECTION('',(0.857728575696,0.514102801426,0.));
#4467 = DIRECTION('',(-0.514102801426,0.857728575696,0.));
#4468 = ADVANCED_FACE('',(#4469,#4974,#5488,#5718),#6232,.T.);
#4469 = FACE_BOUND('',#4470,.T.);
#4470 = EDGE_LOOP('',(#4471,#4481,#4489,#4497,#4505,#4513,#4521,#4527,
    #4528,#4536,#4544,#4552,#4560,#4568,#4576,#4584,#4592,#4600,#4608,
    #4616,#4624,#4632,#4640,#4648,#4656,#4664,#4672,#4680,#4688,#4696,
    #4704,#4712,#4720,#4728,#4736,#4744,#4752,#4760,#4768,#4776,#4784,
    #4792,#4800,#4808,#4816,#4824,#4832,#4840,#4848,#4856,#4864,#4872,
    #4880,#4888,#4896,#4904,#4912,#4920,#4928,#4936,#4944,#4952,#4960,
    #4968));
#4471 = ORIENTED_EDGE('',*,*,#4472,.T.);
#4472 = EDGE_CURVE('',#4473,#4475,#4477,.T.);
#4473 = VERTEX_POINT('',#4474);
#4474 = CARTESIAN_POINT('',(10.526343345642,3.193131446838,3.));
#4475 = VERTEX_POINT('',#4476);
#4476 = CARTESIAN_POINT('',(10.16267490387,4.20951795578,3.));
#4477 = LINE('',#4478,#4479);
#4478 = CARTESIAN_POINT('',(10.526343345642,3.193131446838,3.));
#4479 = VECTOR('',#4480,1.);
#4480 = DIRECTION('',(-0.336889470541,0.941544202169,0.));
#4481 = ORIENTED_EDGE('',*,*,#4482,.T.);
#4482 = EDGE_CURVE('',#4475,#4483,#4485,.T.);
#4483 = VERTEX_POINT('',#4484);
#4484 = CARTESIAN_POINT('',(9.701133728027,5.185364246368,3.));
#4485 = LINE('',#4486,#4487);
#4486 = CARTESIAN_POINT('',(10.16267490387,4.20951795578,3.));
#4487 = VECTOR('',#4488,1.);
#4488 = DIRECTION('',(-0.427555285494,0.903989202284,0.));
#4489 = ORIENTED_EDGE('',*,*,#4490,.T.);
#4490 = EDGE_CURVE('',#4483,#4491,#4493,.T.);
#4491 = VERTEX_POINT('',#4492);
#4492 = CARTESIAN_POINT('',(9.146165847778,6.111272335052,3.));
#4493 = LINE('',#4494,#4495);
#4494 = CARTESIAN_POINT('',(9.701133728027,5.185364246368,3.));
#4495 = VECTOR('',#4496,1.);
#4496 = DIRECTION('',(-0.514102695929,0.857728638929,0.));
#4497 = ORIENTED_EDGE('',*,*,#4498,.T.);
#4498 = EDGE_CURVE('',#4491,#4499,#4501,.T.);
#4499 = VERTEX_POINT('',#4500);
#4500 = CARTESIAN_POINT('',(8.503114700317,6.978326320648,3.));
#4501 = LINE('',#4502,#4503);
#4502 = CARTESIAN_POINT('',(9.146165847778,6.111272335052,3.));
#4503 = VECTOR('',#4504,1.);
#4504 = DIRECTION('',(-0.595699355529,0.80320749363,0.));
#4505 = ORIENTED_EDGE('',*,*,#4506,.T.);
#4506 = EDGE_CURVE('',#4499,#4507,#4509,.T.);
#4507 = VERTEX_POINT('',#4508);
#4508 = CARTESIAN_POINT('',(7.77817440033,7.77817440033,3.));
#4509 = LINE('',#4510,#4511);
#4510 = CARTESIAN_POINT('',(8.503114700317,6.978326320648,3.));
#4511 = VECTOR('',#4512,1.);
#4512 = DIRECTION('',(-0.671559085717,0.740951006741,0.));
#4513 = ORIENTED_EDGE('',*,*,#4514,.T.);
#4514 = EDGE_CURVE('',#4507,#4515,#4517,.T.);
#4515 = VERTEX_POINT('',#4516);
#4516 = CARTESIAN_POINT('',(6.978326320648,8.503114700317,3.));
#4517 = LINE('',#4518,#4519);
#4518 = CARTESIAN_POINT('',(7.77817440033,7.77817440033,3.));
#4519 = VECTOR('',#4520,1.);
#4520 = DIRECTION('',(-0.740951006741,0.671559085717,0.));
#4521 = ORIENTED_EDGE('',*,*,#4522,.T.);
#4522 = EDGE_CURVE('',#4515,#316,#4523,.T.);
#4523 = LINE('',#4524,#4525);
#4524 = CARTESIAN_POINT('',(6.978326320648,8.503114700317,3.));
#4525 = VECTOR('',#4526,1.);
#4526 = DIRECTION('',(-0.80320749363,0.595699355529,0.));
#4527 = ORIENTED_EDGE('',*,*,#315,.T.);
#4528 = ORIENTED_EDGE('',*,*,#4529,.F.);
#4529 = EDGE_CURVE('',#4530,#308,#4532,.T.);
#4530 = VERTEX_POINT('',#4531);
#4531 = CARTESIAN_POINT('',(4.20951795578,10.16267490387,3.));
#4532 = LINE('',#4533,#4534);
#4533 = CARTESIAN_POINT('',(4.20951795578,10.16267490387,3.));
#4534 = VECTOR('',#4535,1.);
#4535 = DIRECTION('',(0.903989202284,-0.427555285494,0.));
#4536 = ORIENTED_EDGE('',*,*,#4537,.F.);
#4537 = EDGE_CURVE('',#4538,#4530,#4540,.T.);
#4538 = VERTEX_POINT('',#4539);
#4539 = CARTESIAN_POINT('',(3.193131446838,10.526343345642,3.));
#4540 = LINE('',#4541,#4542);
#4541 = CARTESIAN_POINT('',(3.193131446838,10.526343345642,3.));
#4542 = VECTOR('',#4543,1.);
#4543 = DIRECTION('',(0.941544202169,-0.336889470541,0.));
#4544 = ORIENTED_EDGE('',*,*,#4545,.T.);
#4545 = EDGE_CURVE('',#4538,#4546,#4548,.T.);
#4546 = VERTEX_POINT('',#4547);
#4547 = CARTESIAN_POINT('',(2.145993471146,10.788638114929,3.));
#4548 = LINE('',#4549,#4550);
#4549 = CARTESIAN_POINT('',(3.193131446838,10.526343345642,3.));
#4550 = VECTOR('',#4551,1.);
#4551 = DIRECTION('',(-0.970031174405,0.242980494451,0.));
#4552 = ORIENTED_EDGE('',*,*,#4553,.F.);
#4553 = EDGE_CURVE('',#4554,#4546,#4556,.T.);
#4554 = VERTEX_POINT('',#4555);
#4555 = CARTESIAN_POINT('',(1.078188538551,10.947031974792,3.));
#4556 = LINE('',#4557,#4558);
#4557 = CARTESIAN_POINT('',(1.078188538551,10.947031974792,3.));
#4558 = VECTOR('',#4559,1.);
#4559 = DIRECTION('',(0.98917651525,-0.146730438823,0.));
#4560 = ORIENTED_EDGE('',*,*,#4561,.F.);
#4561 = EDGE_CURVE('',#4562,#4554,#4564,.T.);
#4562 = VERTEX_POINT('',#4563);
#4563 = CARTESIAN_POINT('',(0.,11.,3.));
#4564 = LINE('',#4565,#4566);
#4565 = CARTESIAN_POINT('',(0.,11.,3.));
#4566 = VECTOR('',#4567,1.);
#4567 = DIRECTION('',(0.998795455349,-4.906769174822E-02,0.));
#4568 = ORIENTED_EDGE('',*,*,#4569,.F.);
#4569 = EDGE_CURVE('',#4570,#4562,#4572,.T.);
#4570 = VERTEX_POINT('',#4571);
#4571 = CARTESIAN_POINT('',(-1.078188538551,10.947031974792,3.));
#4572 = LINE('',#4573,#4574);
#4573 = CARTESIAN_POINT('',(-1.078188538551,10.947031974792,3.));
#4574 = VECTOR('',#4575,1.);
#4575 = DIRECTION('',(0.998795455349,4.906769174822E-02,0.));
#4576 = ORIENTED_EDGE('',*,*,#4577,.F.);
#4577 = EDGE_CURVE('',#4578,#4570,#4580,.T.);
#4578 = VERTEX_POINT('',#4579);
#4579 = CARTESIAN_POINT('',(-2.145993471146,10.788638114929,3.));
#4580 = LINE('',#4581,#4582);
#4581 = CARTESIAN_POINT('',(-2.145993471146,10.788638114929,3.));
#4582 = VECTOR('',#4583,1.);
#4583 = DIRECTION('',(0.98917651525,0.146730438823,0.));
#4584 = ORIENTED_EDGE('',*,*,#4585,.F.);
#4585 = EDGE_CURVE('',#4586,#4578,#4588,.T.);
#4586 = VERTEX_POINT('',#4587);
#4587 = CARTESIAN_POINT('',(-3.193131446838,10.526343345642,3.));
#4588 = LINE('',#4589,#4590);
#4589 = CARTESIAN_POINT('',(-3.193131446838,10.526343345642,3.));
#4590 = VECTOR('',#4591,1.);
#4591 = DIRECTION('',(0.970031174405,0.242980494451,0.));
#4592 = ORIENTED_EDGE('',*,*,#4593,.F.);
#4593 = EDGE_CURVE('',#4594,#4586,#4596,.T.);
#4594 = VERTEX_POINT('',#4595);
#4595 = CARTESIAN_POINT('',(-4.20951795578,10.16267490387,3.));
#4596 = LINE('',#4597,#4598);
#4597 = CARTESIAN_POINT('',(-4.20951795578,10.16267490387,3.));
#4598 = VECTOR('',#4599,1.);
#4599 = DIRECTION('',(0.941544202169,0.336889470541,0.));
#4600 = ORIENTED_EDGE('',*,*,#4601,.F.);
#4601 = EDGE_CURVE('',#4602,#4594,#4604,.T.);
#4602 = VERTEX_POINT('',#4603);
#4603 = CARTESIAN_POINT('',(-5.185364246368,9.701133728027,3.));
#4604 = LINE('',#4605,#4606);
#4605 = CARTESIAN_POINT('',(-5.185364246368,9.701133728027,3.));
#4606 = VECTOR('',#4607,1.);
#4607 = DIRECTION('',(0.903989202284,0.427555285494,0.));
#4608 = ORIENTED_EDGE('',*,*,#4609,.T.);
#4609 = EDGE_CURVE('',#4602,#4610,#4612,.T.);
#4610 = VERTEX_POINT('',#4611);
#4611 = CARTESIAN_POINT('',(-6.111272335052,9.146165847778,3.));
#4612 = LINE('',#4613,#4614);
#4613 = CARTESIAN_POINT('',(-5.185364246368,9.701133728027,3.));
#4614 = VECTOR('',#4615,1.);
#4615 = DIRECTION('',(-0.857728638929,-0.514102695929,0.));
#4616 = ORIENTED_EDGE('',*,*,#4617,.F.);
#4617 = EDGE_CURVE('',#4618,#4610,#4620,.T.);
#4618 = VERTEX_POINT('',#4619);
#4619 = CARTESIAN_POINT('',(-6.978326320648,8.503114700317,3.));
#4620 = LINE('',#4621,#4622);
#4621 = CARTESIAN_POINT('',(-6.978326320648,8.503114700317,3.));
#4622 = VECTOR('',#4623,1.);
#4623 = DIRECTION('',(0.80320749363,0.595699355529,0.));
#4624 = ORIENTED_EDGE('',*,*,#4625,.F.);
#4625 = EDGE_CURVE('',#4626,#4618,#4628,.T.);
#4626 = VERTEX_POINT('',#4627);
#4627 = CARTESIAN_POINT('',(-7.77817440033,7.77817440033,3.));
#4628 = LINE('',#4629,#4630);
#4629 = CARTESIAN_POINT('',(-7.77817440033,7.77817440033,3.));
#4630 = VECTOR('',#4631,1.);
#4631 = DIRECTION('',(0.740951006741,0.671559085717,0.));
#4632 = ORIENTED_EDGE('',*,*,#4633,.F.);
#4633 = EDGE_CURVE('',#4634,#4626,#4636,.T.);
#4634 = VERTEX_POINT('',#4635);
#4635 = CARTESIAN_POINT('',(-8.503114700317,6.978326320648,3.));
#4636 = LINE('',#4637,#4638);
#4637 = CARTESIAN_POINT('',(-8.503114700317,6.978326320648,3.));
#4638 = VECTOR('',#4639,1.);
#4639 = DIRECTION('',(0.671559085717,0.740951006741,0.));
#4640 = ORIENTED_EDGE('',*,*,#4641,.F.);
#4641 = EDGE_CURVE('',#4642,#4634,#4644,.T.);
#4642 = VERTEX_POINT('',#4643);
#4643 = CARTESIAN_POINT('',(-9.146165847778,6.111272335052,3.));
#4644 = LINE('',#4645,#4646);
#4645 = CARTESIAN_POINT('',(-9.146165847778,6.111272335052,3.));
#4646 = VECTOR('',#4647,1.);
#4647 = DIRECTION('',(0.595699355529,0.80320749363,0.));
#4648 = ORIENTED_EDGE('',*,*,#4649,.F.);
#4649 = EDGE_CURVE('',#4650,#4642,#4652,.T.);
#4650 = VERTEX_POINT('',#4651);
#4651 = CARTESIAN_POINT('',(-9.701133728027,5.185364246368,3.));
#4652 = LINE('',#4653,#4654);
#4653 = CARTESIAN_POINT('',(-9.701133728027,5.185364246368,3.));
#4654 = VECTOR('',#4655,1.);
#4655 = DIRECTION('',(0.514102695929,0.857728638929,0.));
#4656 = ORIENTED_EDGE('',*,*,#4657,.F.);
#4657 = EDGE_CURVE('',#4658,#4650,#4660,.T.);
#4658 = VERTEX_POINT('',#4659);
#4659 = CARTESIAN_POINT('',(-10.16267490387,4.20951795578,3.));
#4660 = LINE('',#4661,#4662);
#4661 = CARTESIAN_POINT('',(-10.16267490387,4.20951795578,3.));
#4662 = VECTOR('',#4663,1.);
#4663 = DIRECTION('',(0.427555285494,0.903989202284,0.));
#4664 = ORIENTED_EDGE('',*,*,#4665,.F.);
#4665 = EDGE_CURVE('',#4666,#4658,#4668,.T.);
#4666 = VERTEX_POINT('',#4667);
#4667 = CARTESIAN_POINT('',(-10.52634334564,3.193131446838,3.));
#4668 = LINE('',#4669,#4670);
#4669 = CARTESIAN_POINT('',(-10.52634334564,3.193131446838,3.));
#4670 = VECTOR('',#4671,1.);
#4671 = DIRECTION('',(0.336889470541,0.941544202169,0.));
#4672 = ORIENTED_EDGE('',*,*,#4673,.T.);
#4673 = EDGE_CURVE('',#4666,#4674,#4676,.T.);
#4674 = VERTEX_POINT('',#4675);
#4675 = CARTESIAN_POINT('',(-10.78863811492,2.145993471146,3.));
#4676 = LINE('',#4677,#4678);
#4677 = CARTESIAN_POINT('',(-10.52634334564,3.193131446838,3.));
#4678 = VECTOR('',#4679,1.);
#4679 = DIRECTION('',(-0.242980494451,-0.970031174405,0.));
#4680 = ORIENTED_EDGE('',*,*,#4681,.F.);
#4681 = EDGE_CURVE('',#4682,#4674,#4684,.T.);
#4682 = VERTEX_POINT('',#4683);
#4683 = CARTESIAN_POINT('',(-10.94703197479,1.078188538551,3.));
#4684 = LINE('',#4685,#4686);
#4685 = CARTESIAN_POINT('',(-10.94703197479,1.078188538551,3.));
#4686 = VECTOR('',#4687,1.);
#4687 = DIRECTION('',(0.146730438823,0.98917651525,0.));
#4688 = ORIENTED_EDGE('',*,*,#4689,.F.);
#4689 = EDGE_CURVE('',#4690,#4682,#4692,.T.);
#4690 = VERTEX_POINT('',#4691);
#4691 = CARTESIAN_POINT('',(-11.,0.,3.));
#4692 = LINE('',#4693,#4694);
#4693 = CARTESIAN_POINT('',(-11.,0.,3.));
#4694 = VECTOR('',#4695,1.);
#4695 = DIRECTION('',(4.906769174822E-02,0.998795455349,0.));
#4696 = ORIENTED_EDGE('',*,*,#4697,.F.);
#4697 = EDGE_CURVE('',#4698,#4690,#4700,.T.);
#4698 = VERTEX_POINT('',#4699);
#4699 = CARTESIAN_POINT('',(-10.94703197479,-1.078188538551,3.));
#4700 = LINE('',#4701,#4702);
#4701 = CARTESIAN_POINT('',(-10.94703197479,-1.078188538551,3.));
#4702 = VECTOR('',#4703,1.);
#4703 = DIRECTION('',(-4.906769174822E-02,0.998795455349,0.));
#4704 = ORIENTED_EDGE('',*,*,#4705,.F.);
#4705 = EDGE_CURVE('',#4706,#4698,#4708,.T.);
#4706 = VERTEX_POINT('',#4707);
#4707 = CARTESIAN_POINT('',(-10.78863811492,-2.145993471146,3.));
#4708 = LINE('',#4709,#4710);
#4709 = CARTESIAN_POINT('',(-10.78863811492,-2.145993471146,3.));
#4710 = VECTOR('',#4711,1.);
#4711 = DIRECTION('',(-0.146730438823,0.98917651525,0.));
#4712 = ORIENTED_EDGE('',*,*,#4713,.F.);
#4713 = EDGE_CURVE('',#4714,#4706,#4716,.T.);
#4714 = VERTEX_POINT('',#4715);
#4715 = CARTESIAN_POINT('',(-10.52634334564,-3.193131446838,3.));
#4716 = LINE('',#4717,#4718);
#4717 = CARTESIAN_POINT('',(-10.52634334564,-3.193131446838,3.));
#4718 = VECTOR('',#4719,1.);
#4719 = DIRECTION('',(-0.242980494451,0.970031174405,0.));
#4720 = ORIENTED_EDGE('',*,*,#4721,.F.);
#4721 = EDGE_CURVE('',#4722,#4714,#4724,.T.);
#4722 = VERTEX_POINT('',#4723);
#4723 = CARTESIAN_POINT('',(-10.16267490387,-4.20951795578,3.));
#4724 = LINE('',#4725,#4726);
#4725 = CARTESIAN_POINT('',(-10.16267490387,-4.20951795578,3.));
#4726 = VECTOR('',#4727,1.);
#4727 = DIRECTION('',(-0.336889470541,0.941544202169,0.));
#4728 = ORIENTED_EDGE('',*,*,#4729,.F.);
#4729 = EDGE_CURVE('',#4730,#4722,#4732,.T.);
#4730 = VERTEX_POINT('',#4731);
#4731 = CARTESIAN_POINT('',(-9.701133728027,-5.185364246368,3.));
#4732 = LINE('',#4733,#4734);
#4733 = CARTESIAN_POINT('',(-9.701133728027,-5.185364246368,3.));
#4734 = VECTOR('',#4735,1.);
#4735 = DIRECTION('',(-0.427555285494,0.903989202284,0.));
#4736 = ORIENTED_EDGE('',*,*,#4737,.F.);
#4737 = EDGE_CURVE('',#4738,#4730,#4740,.T.);
#4738 = VERTEX_POINT('',#4739);
#4739 = CARTESIAN_POINT('',(-9.146165847778,-6.111272335052,3.));
#4740 = LINE('',#4741,#4742);
#4741 = CARTESIAN_POINT('',(-9.146165847778,-6.111272335052,3.));
#4742 = VECTOR('',#4743,1.);
#4743 = DIRECTION('',(-0.514102695929,0.857728638929,0.));
#4744 = ORIENTED_EDGE('',*,*,#4745,.F.);
#4745 = EDGE_CURVE('',#4746,#4738,#4748,.T.);
#4746 = VERTEX_POINT('',#4747);
#4747 = CARTESIAN_POINT('',(-8.503114700317,-6.978326320648,3.));
#4748 = LINE('',#4749,#4750);
#4749 = CARTESIAN_POINT('',(-8.503114700317,-6.978326320648,3.));
#4750 = VECTOR('',#4751,1.);
#4751 = DIRECTION('',(-0.595699355529,0.80320749363,0.));
#4752 = ORIENTED_EDGE('',*,*,#4753,.F.);
#4753 = EDGE_CURVE('',#4754,#4746,#4756,.T.);
#4754 = VERTEX_POINT('',#4755);
#4755 = CARTESIAN_POINT('',(-7.77817440033,-7.77817440033,3.));
#4756 = LINE('',#4757,#4758);
#4757 = CARTESIAN_POINT('',(-7.77817440033,-7.77817440033,3.));
#4758 = VECTOR('',#4759,1.);
#4759 = DIRECTION('',(-0.671559085717,0.740951006741,0.));
#4760 = ORIENTED_EDGE('',*,*,#4761,.F.);
#4761 = EDGE_CURVE('',#4762,#4754,#4764,.T.);
#4762 = VERTEX_POINT('',#4763);
#4763 = CARTESIAN_POINT('',(-6.978326320648,-8.503114700317,3.));
#4764 = LINE('',#4765,#4766);
#4765 = CARTESIAN_POINT('',(-6.978326320648,-8.503114700317,3.));
#4766 = VECTOR('',#4767,1.);
#4767 = DIRECTION('',(-0.740951006741,0.671559085717,0.));
#4768 = ORIENTED_EDGE('',*,*,#4769,.F.);
#4769 = EDGE_CURVE('',#4770,#4762,#4772,.T.);
#4770 = VERTEX_POINT('',#4771);
#4771 = CARTESIAN_POINT('',(-6.111272335052,-9.146165847778,3.));
#4772 = LINE('',#4773,#4774);
#4773 = CARTESIAN_POINT('',(-6.111272335052,-9.146165847778,3.));
#4774 = VECTOR('',#4775,1.);
#4775 = DIRECTION('',(-0.80320749363,0.595699355529,0.));
#4776 = ORIENTED_EDGE('',*,*,#4777,.F.);
#4777 = EDGE_CURVE('',#4778,#4770,#4780,.T.);
#4778 = VERTEX_POINT('',#4779);
#4779 = CARTESIAN_POINT('',(-5.185364246368,-9.701133728027,3.));
#4780 = LINE('',#4781,#4782);
#4781 = CARTESIAN_POINT('',(-5.185364246368,-9.701133728027,3.));
#4782 = VECTOR('',#4783,1.);
#4783 = DIRECTION('',(-0.857728638929,0.514102695929,0.));
#4784 = ORIENTED_EDGE('',*,*,#4785,.F.);
#4785 = EDGE_CURVE('',#4786,#4778,#4788,.T.);
#4786 = VERTEX_POINT('',#4787);
#4787 = CARTESIAN_POINT('',(-4.20951795578,-10.16267490387,3.));
#4788 = LINE('',#4789,#4790);
#4789 = CARTESIAN_POINT('',(-4.20951795578,-10.16267490387,3.));
#4790 = VECTOR('',#4791,1.);
#4791 = DIRECTION('',(-0.903989202284,0.427555285494,0.));
#4792 = ORIENTED_EDGE('',*,*,#4793,.F.);
#4793 = EDGE_CURVE('',#4794,#4786,#4796,.T.);
#4794 = VERTEX_POINT('',#4795);
#4795 = CARTESIAN_POINT('',(-3.193131446838,-10.52634334564,3.));
#4796 = LINE('',#4797,#4798);
#4797 = CARTESIAN_POINT('',(-3.193131446838,-10.52634334564,3.));
#4798 = VECTOR('',#4799,1.);
#4799 = DIRECTION('',(-0.941544202169,0.336889470541,0.));
#4800 = ORIENTED_EDGE('',*,*,#4801,.F.);
#4801 = EDGE_CURVE('',#4802,#4794,#4804,.T.);
#4802 = VERTEX_POINT('',#4803);
#4803 = CARTESIAN_POINT('',(-2.145993471146,-10.78863811492,3.));
#4804 = LINE('',#4805,#4806);
#4805 = CARTESIAN_POINT('',(-2.145993471146,-10.78863811492,3.));
#4806 = VECTOR('',#4807,1.);
#4807 = DIRECTION('',(-0.970031174405,0.242980494451,0.));
#4808 = ORIENTED_EDGE('',*,*,#4809,.F.);
#4809 = EDGE_CURVE('',#4810,#4802,#4812,.T.);
#4810 = VERTEX_POINT('',#4811);
#4811 = CARTESIAN_POINT('',(-1.078188538551,-10.94703197479,3.));
#4812 = LINE('',#4813,#4814);
#4813 = CARTESIAN_POINT('',(-1.078188538551,-10.94703197479,3.));
#4814 = VECTOR('',#4815,1.);
#4815 = DIRECTION('',(-0.98917651525,0.146730438823,0.));
#4816 = ORIENTED_EDGE('',*,*,#4817,.F.);
#4817 = EDGE_CURVE('',#4818,#4810,#4820,.T.);
#4818 = VERTEX_POINT('',#4819);
#4819 = CARTESIAN_POINT('',(0.,-11.,3.));
#4820 = LINE('',#4821,#4822);
#4821 = CARTESIAN_POINT('',(0.,-11.,3.));
#4822 = VECTOR('',#4823,1.);
#4823 = DIRECTION('',(-0.998795455349,4.906769174822E-02,0.));
#4824 = ORIENTED_EDGE('',*,*,#4825,.F.);
#4825 = EDGE_CURVE('',#4826,#4818,#4828,.T.);
#4826 = VERTEX_POINT('',#4827);
#4827 = CARTESIAN_POINT('',(1.078188538551,-10.94703197479,3.));
#4828 = LINE('',#4829,#4830);
#4829 = CARTESIAN_POINT('',(1.078188538551,-10.94703197479,3.));
#4830 = VECTOR('',#4831,1.);
#4831 = DIRECTION('',(-0.998795455349,-4.906769174822E-02,0.));
#4832 = ORIENTED_EDGE('',*,*,#4833,.F.);
#4833 = EDGE_CURVE('',#4834,#4826,#4836,.T.);
#4834 = VERTEX_POINT('',#4835);
#4835 = CARTESIAN_POINT('',(2.145993471146,-10.78863811492,3.));
#4836 = LINE('',#4837,#4838);
#4837 = CARTESIAN_POINT('',(2.145993471146,-10.78863811492,3.));
#4838 = VECTOR('',#4839,1.);
#4839 = DIRECTION('',(-0.98917651525,-0.146730438823,0.));
#4840 = ORIENTED_EDGE('',*,*,#4841,.F.);
#4841 = EDGE_CURVE('',#4842,#4834,#4844,.T.);
#4842 = VERTEX_POINT('',#4843);
#4843 = CARTESIAN_POINT('',(3.193131446838,-10.52634334564,3.));
#4844 = LINE('',#4845,#4846);
#4845 = CARTESIAN_POINT('',(3.193131446838,-10.52634334564,3.));
#4846 = VECTOR('',#4847,1.);
#4847 = DIRECTION('',(-0.970031174405,-0.242980494451,0.));
#4848 = ORIENTED_EDGE('',*,*,#4849,.F.);
#4849 = EDGE_CURVE('',#4850,#4842,#4852,.T.);
#4850 = VERTEX_POINT('',#4851);
#4851 = CARTESIAN_POINT('',(4.20951795578,-10.16267490387,3.));
#4852 = LINE('',#4853,#4854);
#4853 = CARTESIAN_POINT('',(4.20951795578,-10.16267490387,3.));
#4854 = VECTOR('',#4855,1.);
#4855 = DIRECTION('',(-0.941544202169,-0.336889470541,0.));
#4856 = ORIENTED_EDGE('',*,*,#4857,.F.);
#4857 = EDGE_CURVE('',#4858,#4850,#4860,.T.);
#4858 = VERTEX_POINT('',#4859);
#4859 = CARTESIAN_POINT('',(5.185364246368,-9.701133728027,3.));
#4860 = LINE('',#4861,#4862);
#4861 = CARTESIAN_POINT('',(5.185364246368,-9.701133728027,3.));
#4862 = VECTOR('',#4863,1.);
#4863 = DIRECTION('',(-0.903989202284,-0.427555285494,0.));
#4864 = ORIENTED_EDGE('',*,*,#4865,.F.);
#4865 = EDGE_CURVE('',#4866,#4858,#4868,.T.);
#4866 = VERTEX_POINT('',#4867);
#4867 = CARTESIAN_POINT('',(6.111272335052,-9.146165847778,3.));
#4868 = LINE('',#4869,#4870);
#4869 = CARTESIAN_POINT('',(6.111272335052,-9.146165847778,3.));
#4870 = VECTOR('',#4871,1.);
#4871 = DIRECTION('',(-0.857728638929,-0.514102695929,0.));
#4872 = ORIENTED_EDGE('',*,*,#4873,.F.);
#4873 = EDGE_CURVE('',#4874,#4866,#4876,.T.);
#4874 = VERTEX_POINT('',#4875);
#4875 = CARTESIAN_POINT('',(6.978326320648,-8.503114700317,3.));
#4876 = LINE('',#4877,#4878);
#4877 = CARTESIAN_POINT('',(6.978326320648,-8.503114700317,3.));
#4878 = VECTOR('',#4879,1.);
#4879 = DIRECTION('',(-0.80320749363,-0.595699355529,0.));
#4880 = ORIENTED_EDGE('',*,*,#4881,.F.);
#4881 = EDGE_CURVE('',#4882,#4874,#4884,.T.);
#4882 = VERTEX_POINT('',#4883);
#4883 = CARTESIAN_POINT('',(7.77817440033,-7.77817440033,3.));
#4884 = LINE('',#4885,#4886);
#4885 = CARTESIAN_POINT('',(7.77817440033,-7.77817440033,3.));
#4886 = VECTOR('',#4887,1.);
#4887 = DIRECTION('',(-0.740951006741,-0.671559085717,0.));
#4888 = ORIENTED_EDGE('',*,*,#4889,.F.);
#4889 = EDGE_CURVE('',#4890,#4882,#4892,.T.);
#4890 = VERTEX_POINT('',#4891);
#4891 = CARTESIAN_POINT('',(8.503114700317,-6.978326320648,3.));
#4892 = LINE('',#4893,#4894);
#4893 = CARTESIAN_POINT('',(8.503114700317,-6.978326320648,3.));
#4894 = VECTOR('',#4895,1.);
#4895 = DIRECTION('',(-0.671559085717,-0.740951006741,0.));
#4896 = ORIENTED_EDGE('',*,*,#4897,.F.);
#4897 = EDGE_CURVE('',#4898,#4890,#4900,.T.);
#4898 = VERTEX_POINT('',#4899);
#4899 = CARTESIAN_POINT('',(9.146165847778,-6.111272335052,3.));
#4900 = LINE('',#4901,#4902);
#4901 = CARTESIAN_POINT('',(9.146165847778,-6.111272335052,3.));
#4902 = VECTOR('',#4903,1.);
#4903 = DIRECTION('',(-0.595699355529,-0.80320749363,0.));
#4904 = ORIENTED_EDGE('',*,*,#4905,.F.);
#4905 = EDGE_CURVE('',#4906,#4898,#4908,.T.);
#4906 = VERTEX_POINT('',#4907);
#4907 = CARTESIAN_POINT('',(9.701133728027,-5.185364246368,3.));
#4908 = LINE('',#4909,#4910);
#4909 = CARTESIAN_POINT('',(9.701133728027,-5.185364246368,3.));
#4910 = VECTOR('',#4911,1.);
#4911 = DIRECTION('',(-0.514102695929,-0.857728638929,0.));
#4912 = ORIENTED_EDGE('',*,*,#4913,.F.);
#4913 = EDGE_CURVE('',#4914,#4906,#4916,.T.);
#4914 = VERTEX_POINT('',#4915);
#4915 = CARTESIAN_POINT('',(10.16267490387,-4.20951795578,3.));
#4916 = LINE('',#4917,#4918);
#4917 = CARTESIAN_POINT('',(10.16267490387,-4.20951795578,3.));
#4918 = VECTOR('',#4919,1.);
#4919 = DIRECTION('',(-0.427555285494,-0.903989202284,0.));
#4920 = ORIENTED_EDGE('',*,*,#4921,.F.);
#4921 = EDGE_CURVE('',#4922,#4914,#4924,.T.);
#4922 = VERTEX_POINT('',#4923);
#4923 = CARTESIAN_POINT('',(10.526343345642,-3.193131446838,3.));
#4924 = LINE('',#4925,#4926);
#4925 = CARTESIAN_POINT('',(10.526343345642,-3.193131446838,3.));
#4926 = VECTOR('',#4927,1.);
#4927 = DIRECTION('',(-0.336889470541,-0.941544202169,0.));
#4928 = ORIENTED_EDGE('',*,*,#4929,.F.);
#4929 = EDGE_CURVE('',#4930,#4922,#4932,.T.);
#4930 = VERTEX_POINT('',#4931);
#4931 = CARTESIAN_POINT('',(10.788638114929,-2.145993471146,3.));
#4932 = LINE('',#4933,#4934);
#4933 = CARTESIAN_POINT('',(10.788638114929,-2.145993471146,3.));
#4934 = VECTOR('',#4935,1.);
#4935 = DIRECTION('',(-0.242980494451,-0.970031174405,0.));
#4936 = ORIENTED_EDGE('',*,*,#4937,.F.);
#4937 = EDGE_CURVE('',#4938,#4930,#4940,.T.);
#4938 = VERTEX_POINT('',#4939);
#4939 = CARTESIAN_POINT('',(10.947031974792,-1.078188538551,3.));
#4940 = LINE('',#4941,#4942);
#4941 = CARTESIAN_POINT('',(10.947031974792,-1.078188538551,3.));
#4942 = VECTOR('',#4943,1.);
#4943 = DIRECTION('',(-0.146730438823,-0.98917651525,0.));
#4944 = ORIENTED_EDGE('',*,*,#4945,.F.);
#4945 = EDGE_CURVE('',#4946,#4938,#4948,.T.);
#4946 = VERTEX_POINT('',#4947);
#4947 = CARTESIAN_POINT('',(11.,0.,3.));
#4948 = LINE('',#4949,#4950);
#4949 = CARTESIAN_POINT('',(11.,0.,3.));
#4950 = VECTOR('',#4951,1.);
#4951 = DIRECTION('',(-4.906769174822E-02,-0.998795455349,0.));
#4952 = ORIENTED_EDGE('',*,*,#4953,.T.);
#4953 = EDGE_CURVE('',#4946,#4954,#4956,.T.);
#4954 = VERTEX_POINT('',#4955);
#4955 = CARTESIAN_POINT('',(10.947031974792,1.078188538551,3.));
#4956 = LINE('',#4957,#4958);
#4957 = CARTESIAN_POINT('',(11.,0.,3.));
#4958 = VECTOR('',#4959,1.);
#4959 = DIRECTION('',(-4.906769174822E-02,0.998795455349,0.));
#4960 = ORIENTED_EDGE('',*,*,#4961,.T.);
#4961 = EDGE_CURVE('',#4954,#4962,#4964,.T.);
#4962 = VERTEX_POINT('',#4963);
#4963 = CARTESIAN_POINT('',(10.788638114929,2.145993471146,3.));
#4964 = LINE('',#4965,#4966);
#4965 = CARTESIAN_POINT('',(10.947031974792,1.078188538551,3.));
#4966 = VECTOR('',#4967,1.);
#4967 = DIRECTION('',(-0.146730438823,0.98917651525,0.));
#4968 = ORIENTED_EDGE('',*,*,#4969,.T.);
#4969 = EDGE_CURVE('',#4962,#4473,#4970,.T.);
#4970 = LINE('',#4971,#4972);
#4971 = CARTESIAN_POINT('',(10.788638114929,2.145993471146,3.));
#4972 = VECTOR('',#4973,1.);
#4973 = DIRECTION('',(-0.242980494451,0.970031174405,0.));
#4974 = FACE_BOUND('',#4975,.T.);
#4975 = EDGE_LOOP('',(#4976,#4986,#4994,#5002,#5010,#5018,#5026,#5034,
    #5042,#5050,#5058,#5066,#5074,#5082,#5090,#5098,#5106,#5114,#5122,
    #5130,#5138,#5146,#5154,#5162,#5170,#5178,#5186,#5194,#5202,#5210,
    #5218,#5226,#5234,#5242,#5250,#5258,#5266,#5274,#5282,#5290,#5298,
    #5306,#5314,#5322,#5330,#5338,#5346,#5354,#5362,#5370,#5378,#5386,
    #5394,#5402,#5410,#5418,#5426,#5434,#5442,#5450,#5458,#5466,#5474,
    #5482));
#4976 = ORIENTED_EDGE('',*,*,#4977,.F.);
#4977 = EDGE_CURVE('',#4978,#4980,#4982,.T.);
#4978 = VERTEX_POINT('',#4979);
#4979 = CARTESIAN_POINT('',(4.178134918213,2.79174041748,3.));
#4980 = VERTEX_POINT('',#4981);
#4981 = CARTESIAN_POINT('',(3.884377479553,3.187826156616,3.));
#4982 = LINE('',#4983,#4984);
#4983 = CARTESIAN_POINT('',(4.178134918213,2.79174041748,3.));
#4984 = VECTOR('',#4985,1.);
#4985 = DIRECTION('',(-0.595699610441,0.803207304574,0.));
#4986 = ORIENTED_EDGE('',*,*,#4987,.F.);
#4987 = EDGE_CURVE('',#4988,#4978,#4990,.T.);
#4988 = VERTEX_POINT('',#4989);
#4989 = CARTESIAN_POINT('',(4.431654453278,2.368768692017,3.));
#4990 = LINE('',#4991,#4992);
#4991 = CARTESIAN_POINT('',(4.431654453278,2.368768692017,3.));
#4992 = VECTOR('',#4993,1.);
#4993 = DIRECTION('',(-0.514102802708,0.857728574928,0.));
#4994 = ORIENTED_EDGE('',*,*,#4995,.F.);
#4995 = EDGE_CURVE('',#4996,#4988,#4998,.T.);
#4996 = VERTEX_POINT('',#4997);
#4997 = CARTESIAN_POINT('',(4.642494678497,1.922984242439,3.));
#4998 = LINE('',#4999,#5000);
#4999 = CARTESIAN_POINT('',(4.642494678497,1.922984242439,3.));
#5000 = VECTOR('',#5001,1.);
#5001 = DIRECTION('',(-0.427554899426,0.903989384881,0.));
#5002 = ORIENTED_EDGE('',*,*,#5003,.F.);
#5003 = EDGE_CURVE('',#5004,#4996,#5006,.T.);
#5004 = VERTEX_POINT('',#5005);
#5005 = CARTESIAN_POINT('',(4.808625221252,1.458680510521,3.));
#5006 = LINE('',#5007,#5008);
#5007 = CARTESIAN_POINT('',(4.808625221252,1.458680510521,3.));
#5008 = VECTOR('',#5009,1.);
#5009 = DIRECTION('',(-0.336889873252,0.941544058077,0.));
#5010 = ORIENTED_EDGE('',*,*,#5011,.F.);
#5011 = EDGE_CURVE('',#5012,#5004,#5014,.T.);
#5012 = VERTEX_POINT('',#5013);
#5013 = CARTESIAN_POINT('',(4.92844581604,0.980328857899,3.));
#5014 = LINE('',#5015,#5016);
#5015 = CARTESIAN_POINT('',(4.92844581604,0.980328857899,3.));
#5016 = VECTOR('',#5017,1.);
#5017 = DIRECTION('',(-0.242979690313,0.970031375831,0.));
#5018 = ORIENTED_EDGE('',*,*,#5019,.F.);
#5019 = EDGE_CURVE('',#5020,#5012,#5022,.T.);
#5020 = VERTEX_POINT('',#5021);
#5021 = CARTESIAN_POINT('',(5.000803470612,0.492536127567,3.));
#5022 = LINE('',#5023,#5024);
#5023 = CARTESIAN_POINT('',(5.000803470612,0.492536127567,3.));
#5024 = VECTOR('',#5025,1.);
#5025 = DIRECTION('',(-0.14673134394,0.989176380988,0.));
#5026 = ORIENTED_EDGE('',*,*,#5027,.F.);
#5027 = EDGE_CURVE('',#5028,#5020,#5030,.T.);
#5028 = VERTEX_POINT('',#5029);
#5029 = CARTESIAN_POINT('',(5.025000095367,0.,3.));
#5030 = LINE('',#5031,#5032);
#5031 = CARTESIAN_POINT('',(5.025000095367,0.,3.));
#5032 = VECTOR('',#5033,1.);
#5033 = DIRECTION('',(-4.906742430899E-02,0.998795468488,0.));
#5034 = ORIENTED_EDGE('',*,*,#5035,.F.);
#5035 = EDGE_CURVE('',#5036,#5028,#5038,.T.);
#5036 = VERTEX_POINT('',#5037);
#5037 = CARTESIAN_POINT('',(5.000803470612,-0.492536127567,3.));
#5038 = LINE('',#5039,#5040);
#5039 = CARTESIAN_POINT('',(5.000803470612,-0.492536127567,3.));
#5040 = VECTOR('',#5041,1.);
#5041 = DIRECTION('',(4.906742430899E-02,0.998795468488,0.));
#5042 = ORIENTED_EDGE('',*,*,#5043,.F.);
#5043 = EDGE_CURVE('',#5044,#5036,#5046,.T.);
#5044 = VERTEX_POINT('',#5045);
#5045 = CARTESIAN_POINT('',(4.92844581604,-0.980328857899,3.));
#5046 = LINE('',#5047,#5048);
#5047 = CARTESIAN_POINT('',(4.92844581604,-0.980328857899,3.));
#5048 = VECTOR('',#5049,1.);
#5049 = DIRECTION('',(0.14673134394,0.989176380988,0.));
#5050 = ORIENTED_EDGE('',*,*,#5051,.F.);
#5051 = EDGE_CURVE('',#5052,#5044,#5054,.T.);
#5052 = VERTEX_POINT('',#5053);
#5053 = CARTESIAN_POINT('',(4.808625221252,-1.458680510521,3.));
#5054 = LINE('',#5055,#5056);
#5055 = CARTESIAN_POINT('',(4.808625221252,-1.458680510521,3.));
#5056 = VECTOR('',#5057,1.);
#5057 = DIRECTION('',(0.242979690313,0.970031375831,0.));
#5058 = ORIENTED_EDGE('',*,*,#5059,.F.);
#5059 = EDGE_CURVE('',#5060,#5052,#5062,.T.);
#5060 = VERTEX_POINT('',#5061);
#5061 = CARTESIAN_POINT('',(4.642494678497,-1.922984242439,3.));
#5062 = LINE('',#5063,#5064);
#5063 = CARTESIAN_POINT('',(4.642494678497,-1.922984242439,3.));
#5064 = VECTOR('',#5065,1.);
#5065 = DIRECTION('',(0.336889873252,0.941544058077,0.));
#5066 = ORIENTED_EDGE('',*,*,#5067,.F.);
#5067 = EDGE_CURVE('',#5068,#5060,#5070,.T.);
#5068 = VERTEX_POINT('',#5069);
#5069 = CARTESIAN_POINT('',(4.431654453278,-2.368768692017,3.));
#5070 = LINE('',#5071,#5072);
#5071 = CARTESIAN_POINT('',(4.431654453278,-2.368768692017,3.));
#5072 = VECTOR('',#5073,1.);
#5073 = DIRECTION('',(0.427554899426,0.903989384881,0.));
#5074 = ORIENTED_EDGE('',*,*,#5075,.F.);
#5075 = EDGE_CURVE('',#5076,#5068,#5078,.T.);
#5076 = VERTEX_POINT('',#5077);
#5077 = CARTESIAN_POINT('',(4.178134918213,-2.79174041748,3.));
#5078 = LINE('',#5079,#5080);
#5079 = CARTESIAN_POINT('',(4.178134918213,-2.79174041748,3.));
#5080 = VECTOR('',#5081,1.);
#5081 = DIRECTION('',(0.514102802708,0.857728574928,0.));
#5082 = ORIENTED_EDGE('',*,*,#5083,.F.);
#5083 = EDGE_CURVE('',#5084,#5076,#5086,.T.);
#5084 = VERTEX_POINT('',#5085);
#5085 = CARTESIAN_POINT('',(3.884377479553,-3.187826156616,3.));
#5086 = LINE('',#5087,#5088);
#5087 = CARTESIAN_POINT('',(3.884377479553,-3.187826156616,3.));
#5088 = VECTOR('',#5089,1.);
#5089 = DIRECTION('',(0.595699610441,0.803207304574,0.));
#5090 = ORIENTED_EDGE('',*,*,#5091,.F.);
#5091 = EDGE_CURVE('',#5092,#5084,#5094,.T.);
#5092 = VERTEX_POINT('',#5093);
#5093 = CARTESIAN_POINT('',(3.553211688995,-3.553211688995,3.));
#5094 = LINE('',#5095,#5096);
#5095 = CARTESIAN_POINT('',(3.553211688995,-3.553211688995,3.));
#5096 = VECTOR('',#5097,1.);
#5097 = DIRECTION('',(0.67155856261,0.740951480857,0.));
#5098 = ORIENTED_EDGE('',*,*,#5099,.F.);
#5099 = EDGE_CURVE('',#5100,#5092,#5102,.T.);
#5100 = VERTEX_POINT('',#5101);
#5101 = CARTESIAN_POINT('',(3.187826156616,-3.884377479553,3.));
#5102 = LINE('',#5103,#5104);
#5103 = CARTESIAN_POINT('',(3.187826156616,-3.884377479553,3.));
#5104 = VECTOR('',#5105,1.);
#5105 = DIRECTION('',(0.740951480857,0.67155856261,0.));
#5106 = ORIENTED_EDGE('',*,*,#5107,.F.);
#5107 = EDGE_CURVE('',#5108,#5100,#5110,.T.);
#5108 = VERTEX_POINT('',#5109);
#5109 = CARTESIAN_POINT('',(2.79174041748,-4.178134918213,3.));
#5110 = LINE('',#5111,#5112);
#5111 = CARTESIAN_POINT('',(2.79174041748,-4.178134918213,3.));
#5112 = VECTOR('',#5113,1.);
#5113 = DIRECTION('',(0.803207304574,0.595699610441,0.));
#5114 = ORIENTED_EDGE('',*,*,#5115,.F.);
#5115 = EDGE_CURVE('',#5116,#5108,#5118,.T.);
#5116 = VERTEX_POINT('',#5117);
#5117 = CARTESIAN_POINT('',(2.368768692017,-4.431654453278,3.));
#5118 = LINE('',#5119,#5120);
#5119 = CARTESIAN_POINT('',(2.368768692017,-4.431654453278,3.));
#5120 = VECTOR('',#5121,1.);
#5121 = DIRECTION('',(0.857728574928,0.514102802708,0.));
#5122 = ORIENTED_EDGE('',*,*,#5123,.F.);
#5123 = EDGE_CURVE('',#5124,#5116,#5126,.T.);
#5124 = VERTEX_POINT('',#5125);
#5125 = CARTESIAN_POINT('',(1.922984242439,-4.642494678497,3.));
#5126 = LINE('',#5127,#5128);
#5127 = CARTESIAN_POINT('',(1.922984242439,-4.642494678497,3.));
#5128 = VECTOR('',#5129,1.);
#5129 = DIRECTION('',(0.903989384881,0.427554899426,0.));
#5130 = ORIENTED_EDGE('',*,*,#5131,.F.);
#5131 = EDGE_CURVE('',#5132,#5124,#5134,.T.);
#5132 = VERTEX_POINT('',#5133);
#5133 = CARTESIAN_POINT('',(1.458680510521,-4.808625221252,3.));
#5134 = LINE('',#5135,#5136);
#5135 = CARTESIAN_POINT('',(1.458680510521,-4.808625221252,3.));
#5136 = VECTOR('',#5137,1.);
#5137 = DIRECTION('',(0.941544058077,0.336889873252,0.));
#5138 = ORIENTED_EDGE('',*,*,#5139,.F.);
#5139 = EDGE_CURVE('',#5140,#5132,#5142,.T.);
#5140 = VERTEX_POINT('',#5141);
#5141 = CARTESIAN_POINT('',(0.980328857899,-4.92844581604,3.));
#5142 = LINE('',#5143,#5144);
#5143 = CARTESIAN_POINT('',(0.980328857899,-4.92844581604,3.));
#5144 = VECTOR('',#5145,1.);
#5145 = DIRECTION('',(0.970031375831,0.242979690313,0.));
#5146 = ORIENTED_EDGE('',*,*,#5147,.F.);
#5147 = EDGE_CURVE('',#5148,#5140,#5150,.T.);
#5148 = VERTEX_POINT('',#5149);
#5149 = CARTESIAN_POINT('',(0.492536127567,-5.000803470612,3.));
#5150 = LINE('',#5151,#5152);
#5151 = CARTESIAN_POINT('',(0.492536127567,-5.000803470612,3.));
#5152 = VECTOR('',#5153,1.);
#5153 = DIRECTION('',(0.989176380988,0.14673134394,0.));
#5154 = ORIENTED_EDGE('',*,*,#5155,.F.);
#5155 = EDGE_CURVE('',#5156,#5148,#5158,.T.);
#5156 = VERTEX_POINT('',#5157);
#5157 = CARTESIAN_POINT('',(0.,-5.025000095367,3.));
#5158 = LINE('',#5159,#5160);
#5159 = CARTESIAN_POINT('',(0.,-5.025000095367,3.));
#5160 = VECTOR('',#5161,1.);
#5161 = DIRECTION('',(0.998795468488,4.906742430899E-02,0.));
#5162 = ORIENTED_EDGE('',*,*,#5163,.F.);
#5163 = EDGE_CURVE('',#5164,#5156,#5166,.T.);
#5164 = VERTEX_POINT('',#5165);
#5165 = CARTESIAN_POINT('',(-0.492536127567,-5.000803470612,3.));
#5166 = LINE('',#5167,#5168);
#5167 = CARTESIAN_POINT('',(-0.492536127567,-5.000803470612,3.));
#5168 = VECTOR('',#5169,1.);
#5169 = DIRECTION('',(0.998795468488,-4.906742430899E-02,0.));
#5170 = ORIENTED_EDGE('',*,*,#5171,.F.);
#5171 = EDGE_CURVE('',#5172,#5164,#5174,.T.);
#5172 = VERTEX_POINT('',#5173);
#5173 = CARTESIAN_POINT('',(-0.980328857899,-4.92844581604,3.));
#5174 = LINE('',#5175,#5176);
#5175 = CARTESIAN_POINT('',(-0.980328857899,-4.92844581604,3.));
#5176 = VECTOR('',#5177,1.);
#5177 = DIRECTION('',(0.989176380988,-0.14673134394,0.));
#5178 = ORIENTED_EDGE('',*,*,#5179,.F.);
#5179 = EDGE_CURVE('',#5180,#5172,#5182,.T.);
#5180 = VERTEX_POINT('',#5181);
#5181 = CARTESIAN_POINT('',(-1.458680510521,-4.808625221252,3.));
#5182 = LINE('',#5183,#5184);
#5183 = CARTESIAN_POINT('',(-1.458680510521,-4.808625221252,3.));
#5184 = VECTOR('',#5185,1.);
#5185 = DIRECTION('',(0.970031375831,-0.242979690313,0.));
#5186 = ORIENTED_EDGE('',*,*,#5187,.F.);
#5187 = EDGE_CURVE('',#5188,#5180,#5190,.T.);
#5188 = VERTEX_POINT('',#5189);
#5189 = CARTESIAN_POINT('',(-1.922984242439,-4.642494678497,3.));
#5190 = LINE('',#5191,#5192);
#5191 = CARTESIAN_POINT('',(-1.922984242439,-4.642494678497,3.));
#5192 = VECTOR('',#5193,1.);
#5193 = DIRECTION('',(0.941544058077,-0.336889873252,0.));
#5194 = ORIENTED_EDGE('',*,*,#5195,.F.);
#5195 = EDGE_CURVE('',#5196,#5188,#5198,.T.);
#5196 = VERTEX_POINT('',#5197);
#5197 = CARTESIAN_POINT('',(-2.368768692017,-4.431654453278,3.));
#5198 = LINE('',#5199,#5200);
#5199 = CARTESIAN_POINT('',(-2.368768692017,-4.431654453278,3.));
#5200 = VECTOR('',#5201,1.);
#5201 = DIRECTION('',(0.903989384881,-0.427554899426,0.));
#5202 = ORIENTED_EDGE('',*,*,#5203,.F.);
#5203 = EDGE_CURVE('',#5204,#5196,#5206,.T.);
#5204 = VERTEX_POINT('',#5205);
#5205 = CARTESIAN_POINT('',(-2.79174041748,-4.178134918213,3.));
#5206 = LINE('',#5207,#5208);
#5207 = CARTESIAN_POINT('',(-2.79174041748,-4.178134918213,3.));
#5208 = VECTOR('',#5209,1.);
#5209 = DIRECTION('',(0.857728574928,-0.514102802708,0.));
#5210 = ORIENTED_EDGE('',*,*,#5211,.F.);
#5211 = EDGE_CURVE('',#5212,#5204,#5214,.T.);
#5212 = VERTEX_POINT('',#5213);
#5213 = CARTESIAN_POINT('',(-3.187826156616,-3.884377479553,3.));
#5214 = LINE('',#5215,#5216);
#5215 = CARTESIAN_POINT('',(-3.187826156616,-3.884377479553,3.));
#5216 = VECTOR('',#5217,1.);
#5217 = DIRECTION('',(0.803207304574,-0.595699610441,0.));
#5218 = ORIENTED_EDGE('',*,*,#5219,.F.);
#5219 = EDGE_CURVE('',#5220,#5212,#5222,.T.);
#5220 = VERTEX_POINT('',#5221);
#5221 = CARTESIAN_POINT('',(-3.553211688995,-3.553211688995,3.));
#5222 = LINE('',#5223,#5224);
#5223 = CARTESIAN_POINT('',(-3.553211688995,-3.553211688995,3.));
#5224 = VECTOR('',#5225,1.);
#5225 = DIRECTION('',(0.740951480857,-0.67155856261,0.));
#5226 = ORIENTED_EDGE('',*,*,#5227,.F.);
#5227 = EDGE_CURVE('',#5228,#5220,#5230,.T.);
#5228 = VERTEX_POINT('',#5229);
#5229 = CARTESIAN_POINT('',(-3.884377479553,-3.187826156616,3.));
#5230 = LINE('',#5231,#5232);
#5231 = CARTESIAN_POINT('',(-3.884377479553,-3.187826156616,3.));
#5232 = VECTOR('',#5233,1.);
#5233 = DIRECTION('',(0.67155856261,-0.740951480857,0.));
#5234 = ORIENTED_EDGE('',*,*,#5235,.F.);
#5235 = EDGE_CURVE('',#5236,#5228,#5238,.T.);
#5236 = VERTEX_POINT('',#5237);
#5237 = CARTESIAN_POINT('',(-4.178134918213,-2.79174041748,3.));
#5238 = LINE('',#5239,#5240);
#5239 = CARTESIAN_POINT('',(-4.178134918213,-2.79174041748,3.));
#5240 = VECTOR('',#5241,1.);
#5241 = DIRECTION('',(0.595699610441,-0.803207304574,0.));
#5242 = ORIENTED_EDGE('',*,*,#5243,.F.);
#5243 = EDGE_CURVE('',#5244,#5236,#5246,.T.);
#5244 = VERTEX_POINT('',#5245);
#5245 = CARTESIAN_POINT('',(-4.431654453278,-2.368768692017,3.));
#5246 = LINE('',#5247,#5248);
#5247 = CARTESIAN_POINT('',(-4.431654453278,-2.368768692017,3.));
#5248 = VECTOR('',#5249,1.);
#5249 = DIRECTION('',(0.514102802708,-0.857728574928,0.));
#5250 = ORIENTED_EDGE('',*,*,#5251,.F.);
#5251 = EDGE_CURVE('',#5252,#5244,#5254,.T.);
#5252 = VERTEX_POINT('',#5253);
#5253 = CARTESIAN_POINT('',(-4.642494678497,-1.922984242439,3.));
#5254 = LINE('',#5255,#5256);
#5255 = CARTESIAN_POINT('',(-4.642494678497,-1.922984242439,3.));
#5256 = VECTOR('',#5257,1.);
#5257 = DIRECTION('',(0.427554899426,-0.903989384881,0.));
#5258 = ORIENTED_EDGE('',*,*,#5259,.F.);
#5259 = EDGE_CURVE('',#5260,#5252,#5262,.T.);
#5260 = VERTEX_POINT('',#5261);
#5261 = CARTESIAN_POINT('',(-4.808625221252,-1.458680510521,3.));
#5262 = LINE('',#5263,#5264);
#5263 = CARTESIAN_POINT('',(-4.808625221252,-1.458680510521,3.));
#5264 = VECTOR('',#5265,1.);
#5265 = DIRECTION('',(0.336889873252,-0.941544058077,0.));
#5266 = ORIENTED_EDGE('',*,*,#5267,.F.);
#5267 = EDGE_CURVE('',#5268,#5260,#5270,.T.);
#5268 = VERTEX_POINT('',#5269);
#5269 = CARTESIAN_POINT('',(-4.92844581604,-0.980328857899,3.));
#5270 = LINE('',#5271,#5272);
#5271 = CARTESIAN_POINT('',(-4.92844581604,-0.980328857899,3.));
#5272 = VECTOR('',#5273,1.);
#5273 = DIRECTION('',(0.242979690313,-0.970031375831,0.));
#5274 = ORIENTED_EDGE('',*,*,#5275,.F.);
#5275 = EDGE_CURVE('',#5276,#5268,#5278,.T.);
#5276 = VERTEX_POINT('',#5277);
#5277 = CARTESIAN_POINT('',(-5.000803470612,-0.492536127567,3.));
#5278 = LINE('',#5279,#5280);
#5279 = CARTESIAN_POINT('',(-5.000803470612,-0.492536127567,3.));
#5280 = VECTOR('',#5281,1.);
#5281 = DIRECTION('',(0.14673134394,-0.989176380988,0.));
#5282 = ORIENTED_EDGE('',*,*,#5283,.F.);
#5283 = EDGE_CURVE('',#5284,#5276,#5286,.T.);
#5284 = VERTEX_POINT('',#5285);
#5285 = CARTESIAN_POINT('',(-5.025000095367,0.,3.));
#5286 = LINE('',#5287,#5288);
#5287 = CARTESIAN_POINT('',(-5.025000095367,0.,3.));
#5288 = VECTOR('',#5289,1.);
#5289 = DIRECTION('',(4.906742430899E-02,-0.998795468488,0.));
#5290 = ORIENTED_EDGE('',*,*,#5291,.F.);
#5291 = EDGE_CURVE('',#5292,#5284,#5294,.T.);
#5292 = VERTEX_POINT('',#5293);
#5293 = CARTESIAN_POINT('',(-5.000803470612,0.492536127567,3.));
#5294 = LINE('',#5295,#5296);
#5295 = CARTESIAN_POINT('',(-5.000803470612,0.492536127567,3.));
#5296 = VECTOR('',#5297,1.);
#5297 = DIRECTION('',(-4.906742430899E-02,-0.998795468488,0.));
#5298 = ORIENTED_EDGE('',*,*,#5299,.F.);
#5299 = EDGE_CURVE('',#5300,#5292,#5302,.T.);
#5300 = VERTEX_POINT('',#5301);
#5301 = CARTESIAN_POINT('',(-4.92844581604,0.980328857899,3.));
#5302 = LINE('',#5303,#5304);
#5303 = CARTESIAN_POINT('',(-4.92844581604,0.980328857899,3.));
#5304 = VECTOR('',#5305,1.);
#5305 = DIRECTION('',(-0.14673134394,-0.989176380988,0.));
#5306 = ORIENTED_EDGE('',*,*,#5307,.F.);
#5307 = EDGE_CURVE('',#5308,#5300,#5310,.T.);
#5308 = VERTEX_POINT('',#5309);
#5309 = CARTESIAN_POINT('',(-4.808625221252,1.458680510521,3.));
#5310 = LINE('',#5311,#5312);
#5311 = CARTESIAN_POINT('',(-4.808625221252,1.458680510521,3.));
#5312 = VECTOR('',#5313,1.);
#5313 = DIRECTION('',(-0.242979690313,-0.970031375831,0.));
#5314 = ORIENTED_EDGE('',*,*,#5315,.F.);
#5315 = EDGE_CURVE('',#5316,#5308,#5318,.T.);
#5316 = VERTEX_POINT('',#5317);
#5317 = CARTESIAN_POINT('',(-4.642494678497,1.922984242439,3.));
#5318 = LINE('',#5319,#5320);
#5319 = CARTESIAN_POINT('',(-4.642494678497,1.922984242439,3.));
#5320 = VECTOR('',#5321,1.);
#5321 = DIRECTION('',(-0.336889873252,-0.941544058077,0.));
#5322 = ORIENTED_EDGE('',*,*,#5323,.F.);
#5323 = EDGE_CURVE('',#5324,#5316,#5326,.T.);
#5324 = VERTEX_POINT('',#5325);
#5325 = CARTESIAN_POINT('',(-4.431654453278,2.368768692017,3.));
#5326 = LINE('',#5327,#5328);
#5327 = CARTESIAN_POINT('',(-4.431654453278,2.368768692017,3.));
#5328 = VECTOR('',#5329,1.);
#5329 = DIRECTION('',(-0.427554899426,-0.903989384881,0.));
#5330 = ORIENTED_EDGE('',*,*,#5331,.F.);
#5331 = EDGE_CURVE('',#5332,#5324,#5334,.T.);
#5332 = VERTEX_POINT('',#5333);
#5333 = CARTESIAN_POINT('',(-4.178134918213,2.79174041748,3.));
#5334 = LINE('',#5335,#5336);
#5335 = CARTESIAN_POINT('',(-4.178134918213,2.79174041748,3.));
#5336 = VECTOR('',#5337,1.);
#5337 = DIRECTION('',(-0.514102802708,-0.857728574928,0.));
#5338 = ORIENTED_EDGE('',*,*,#5339,.F.);
#5339 = EDGE_CURVE('',#5340,#5332,#5342,.T.);
#5340 = VERTEX_POINT('',#5341);
#5341 = CARTESIAN_POINT('',(-3.884377479553,3.187826156616,3.));
#5342 = LINE('',#5343,#5344);
#5343 = CARTESIAN_POINT('',(-3.884377479553,3.187826156616,3.));
#5344 = VECTOR('',#5345,1.);
#5345 = DIRECTION('',(-0.595699610441,-0.803207304574,0.));
#5346 = ORIENTED_EDGE('',*,*,#5347,.F.);
#5347 = EDGE_CURVE('',#5348,#5340,#5350,.T.);
#5348 = VERTEX_POINT('',#5349);
#5349 = CARTESIAN_POINT('',(-3.553211688995,3.553211688995,3.));
#5350 = LINE('',#5351,#5352);
#5351 = CARTESIAN_POINT('',(-3.553211688995,3.553211688995,3.));
#5352 = VECTOR('',#5353,1.);
#5353 = DIRECTION('',(-0.67155856261,-0.740951480857,0.));
#5354 = ORIENTED_EDGE('',*,*,#5355,.F.);
#5355 = EDGE_CURVE('',#5356,#5348,#5358,.T.);
#5356 = VERTEX_POINT('',#5357);
#5357 = CARTESIAN_POINT('',(-3.187826156616,3.884377479553,3.));
#5358 = LINE('',#5359,#5360);
#5359 = CARTESIAN_POINT('',(-3.187826156616,3.884377479553,3.));
#5360 = VECTOR('',#5361,1.);
#5361 = DIRECTION('',(-0.740951480857,-0.67155856261,0.));
#5362 = ORIENTED_EDGE('',*,*,#5363,.F.);
#5363 = EDGE_CURVE('',#5364,#5356,#5366,.T.);
#5364 = VERTEX_POINT('',#5365);
#5365 = CARTESIAN_POINT('',(-2.79174041748,4.178134918213,3.));
#5366 = LINE('',#5367,#5368);
#5367 = CARTESIAN_POINT('',(-2.79174041748,4.178134918213,3.));
#5368 = VECTOR('',#5369,1.);
#5369 = DIRECTION('',(-0.803207304574,-0.595699610441,0.));
#5370 = ORIENTED_EDGE('',*,*,#5371,.F.);
#5371 = EDGE_CURVE('',#5372,#5364,#5374,.T.);
#5372 = VERTEX_POINT('',#5373);
#5373 = CARTESIAN_POINT('',(-2.368768692017,4.431654453278,3.));
#5374 = LINE('',#5375,#5376);
#5375 = CARTESIAN_POINT('',(-2.368768692017,4.431654453278,3.));
#5376 = VECTOR('',#5377,1.);
#5377 = DIRECTION('',(-0.857728574928,-0.514102802708,0.));
#5378 = ORIENTED_EDGE('',*,*,#5379,.F.);
#5379 = EDGE_CURVE('',#5380,#5372,#5382,.T.);
#5380 = VERTEX_POINT('',#5381);
#5381 = CARTESIAN_POINT('',(-1.922984242439,4.642494678497,3.));
#5382 = LINE('',#5383,#5384);
#5383 = CARTESIAN_POINT('',(-1.922984242439,4.642494678497,3.));
#5384 = VECTOR('',#5385,1.);
#5385 = DIRECTION('',(-0.903989384881,-0.427554899426,0.));
#5386 = ORIENTED_EDGE('',*,*,#5387,.F.);
#5387 = EDGE_CURVE('',#5388,#5380,#5390,.T.);
#5388 = VERTEX_POINT('',#5389);
#5389 = CARTESIAN_POINT('',(-1.458680510521,4.808625221252,3.));
#5390 = LINE('',#5391,#5392);
#5391 = CARTESIAN_POINT('',(-1.458680510521,4.808625221252,3.));
#5392 = VECTOR('',#5393,1.);
#5393 = DIRECTION('',(-0.941544058077,-0.336889873252,0.));
#5394 = ORIENTED_EDGE('',*,*,#5395,.F.);
#5395 = EDGE_CURVE('',#5396,#5388,#5398,.T.);
#5396 = VERTEX_POINT('',#5397);
#5397 = CARTESIAN_POINT('',(-0.980328857899,4.92844581604,3.));
#5398 = LINE('',#5399,#5400);
#5399 = CARTESIAN_POINT('',(-0.980328857899,4.92844581604,3.));
#5400 = VECTOR('',#5401,1.);
#5401 = DIRECTION('',(-0.970031375831,-0.242979690313,0.));
#5402 = ORIENTED_EDGE('',*,*,#5403,.F.);
#5403 = EDGE_CURVE('',#5404,#5396,#5406,.T.);
#5404 = VERTEX_POINT('',#5405);
#5405 = CARTESIAN_POINT('',(-0.492536127567,5.000803470612,3.));
#5406 = LINE('',#5407,#5408);
#5407 = CARTESIAN_POINT('',(-0.492536127567,5.000803470612,3.));
#5408 = VECTOR('',#5409,1.);
#5409 = DIRECTION('',(-0.989176380988,-0.14673134394,0.));
#5410 = ORIENTED_EDGE('',*,*,#5411,.F.);
#5411 = EDGE_CURVE('',#5412,#5404,#5414,.T.);
#5412 = VERTEX_POINT('',#5413);
#5413 = CARTESIAN_POINT('',(0.,5.025000095367,3.));
#5414 = LINE('',#5415,#5416);
#5415 = CARTESIAN_POINT('',(0.,5.025000095367,3.));
#5416 = VECTOR('',#5417,1.);
#5417 = DIRECTION('',(-0.998795468488,-4.906742430899E-02,0.));
#5418 = ORIENTED_EDGE('',*,*,#5419,.F.);
#5419 = EDGE_CURVE('',#5420,#5412,#5422,.T.);
#5420 = VERTEX_POINT('',#5421);
#5421 = CARTESIAN_POINT('',(0.492536127567,5.000803470612,3.));
#5422 = LINE('',#5423,#5424);
#5423 = CARTESIAN_POINT('',(0.492536127567,5.000803470612,3.));
#5424 = VECTOR('',#5425,1.);
#5425 = DIRECTION('',(-0.998795468488,4.906742430899E-02,0.));
#5426 = ORIENTED_EDGE('',*,*,#5427,.F.);
#5427 = EDGE_CURVE('',#5428,#5420,#5430,.T.);
#5428 = VERTEX_POINT('',#5429);
#5429 = CARTESIAN_POINT('',(0.980328857899,4.92844581604,3.));
#5430 = LINE('',#5431,#5432);
#5431 = CARTESIAN_POINT('',(0.980328857899,4.92844581604,3.));
#5432 = VECTOR('',#5433,1.);
#5433 = DIRECTION('',(-0.989176380988,0.14673134394,0.));
#5434 = ORIENTED_EDGE('',*,*,#5435,.F.);
#5435 = EDGE_CURVE('',#5436,#5428,#5438,.T.);
#5436 = VERTEX_POINT('',#5437);
#5437 = CARTESIAN_POINT('',(1.458680510521,4.808625221252,3.));
#5438 = LINE('',#5439,#5440);
#5439 = CARTESIAN_POINT('',(1.458680510521,4.808625221252,3.));
#5440 = VECTOR('',#5441,1.);
#5441 = DIRECTION('',(-0.970031375831,0.242979690313,0.));
#5442 = ORIENTED_EDGE('',*,*,#5443,.F.);
#5443 = EDGE_CURVE('',#5444,#5436,#5446,.T.);
#5444 = VERTEX_POINT('',#5445);
#5445 = CARTESIAN_POINT('',(1.922984242439,4.642494678497,3.));
#5446 = LINE('',#5447,#5448);
#5447 = CARTESIAN_POINT('',(1.922984242439,4.642494678497,3.));
#5448 = VECTOR('',#5449,1.);
#5449 = DIRECTION('',(-0.941544058077,0.336889873252,0.));
#5450 = ORIENTED_EDGE('',*,*,#5451,.F.);
#5451 = EDGE_CURVE('',#5452,#5444,#5454,.T.);
#5452 = VERTEX_POINT('',#5453);
#5453 = CARTESIAN_POINT('',(2.368768692017,4.431654453278,3.));
#5454 = LINE('',#5455,#5456);
#5455 = CARTESIAN_POINT('',(2.368768692017,4.431654453278,3.));
#5456 = VECTOR('',#5457,1.);
#5457 = DIRECTION('',(-0.903989384881,0.427554899426,0.));
#5458 = ORIENTED_EDGE('',*,*,#5459,.F.);
#5459 = EDGE_CURVE('',#5460,#5452,#5462,.T.);
#5460 = VERTEX_POINT('',#5461);
#5461 = CARTESIAN_POINT('',(2.79174041748,4.178134918213,3.));
#5462 = LINE('',#5463,#5464);
#5463 = CARTESIAN_POINT('',(2.79174041748,4.178134918213,3.));
#5464 = VECTOR('',#5465,1.);
#5465 = DIRECTION('',(-0.857728574928,0.514102802708,0.));
#5466 = ORIENTED_EDGE('',*,*,#5467,.F.);
#5467 = EDGE_CURVE('',#5468,#5460,#5470,.T.);
#5468 = VERTEX_POINT('',#5469);
#5469 = CARTESIAN_POINT('',(3.187826156616,3.884377479553,3.));
#5470 = LINE('',#5471,#5472);
#5471 = CARTESIAN_POINT('',(3.187826156616,3.884377479553,3.));
#5472 = VECTOR('',#5473,1.);
#5473 = DIRECTION('',(-0.803207304574,0.595699610441,0.));
#5474 = ORIENTED_EDGE('',*,*,#5475,.F.);
#5475 = EDGE_CURVE('',#5476,#5468,#5478,.T.);
#5476 = VERTEX_POINT('',#5477);
#5477 = CARTESIAN_POINT('',(3.553211688995,3.553211688995,3.));
#5478 = LINE('',#5479,#5480);
#5479 = CARTESIAN_POINT('',(3.553211688995,3.553211688995,3.));
#5480 = VECTOR('',#5481,1.);
#5481 = DIRECTION('',(-0.740951480857,0.67155856261,0.));
#5482 = ORIENTED_EDGE('',*,*,#5483,.F.);
#5483 = EDGE_CURVE('',#4980,#5476,#5484,.T.);
#5484 = LINE('',#5485,#5486);
#5485 = CARTESIAN_POINT('',(3.884377479553,3.187826156616,3.));
#5486 = VECTOR('',#5487,1.);
#5487 = DIRECTION('',(-0.67155856261,0.740951480857,0.));
#5488 = FACE_BOUND('',#5489,.T.);
#5489 = EDGE_LOOP('',(#5490,#5491,#5492,#5493,#5494,#5495,#5496,#5497,
    #5498,#5499,#5500,#5501,#5502,#5503,#5504,#5505,#5506,#5507,#5508,
    #5509,#5510,#5511,#5512,#5513,#5514,#5515,#5516,#5517,#5518,#5519,
    #5520,#5521,#5522,#5523,#5531,#5539,#5547,#5555,#5563,#5571,#5579,
    #5587,#5595,#5603,#5611,#5619,#5627,#5635,#5643,#5651,#5659,#5667,
    #5675,#5681,#5682,#5683,#5691,#5699,#5707,#5713,#5714,#5715,#5716,
    #5717));
#5490 = ORIENTED_EDGE('',*,*,#2884,.T.);
#5491 = ORIENTED_EDGE('',*,*,#2915,.T.);
#5492 = ORIENTED_EDGE('',*,*,#3049,.T.);
#5493 = ORIENTED_EDGE('',*,*,#3126,.T.);
#5494 = ORIENTED_EDGE('',*,*,#3157,.T.);
#5495 = ORIENTED_EDGE('',*,*,#3234,.T.);
#5496 = ORIENTED_EDGE('',*,*,#3265,.T.);
#5497 = ORIENTED_EDGE('',*,*,#3473,.T.);
#5498 = ORIENTED_EDGE('',*,*,#3497,.T.);
#5499 = ORIENTED_EDGE('',*,*,#3521,.T.);
#5500 = ORIENTED_EDGE('',*,*,#3552,.T.);
#5501 = ORIENTED_EDGE('',*,*,#3583,.T.);
#5502 = ORIENTED_EDGE('',*,*,#3699,.T.);
#5503 = ORIENTED_EDGE('',*,*,#3730,.T.);
#5504 = ORIENTED_EDGE('',*,*,#3761,.T.);
#5505 = ORIENTED_EDGE('',*,*,#3877,.T.);
#5506 = ORIENTED_EDGE('',*,*,#3908,.T.);
#5507 = ORIENTED_EDGE('',*,*,#3939,.T.);
#5508 = ORIENTED_EDGE('',*,*,#4147,.T.);
#5509 = ORIENTED_EDGE('',*,*,#4170,.T.);
#5510 = ORIENTED_EDGE('',*,*,#4195,.T.);
#5511 = ORIENTED_EDGE('',*,*,#4226,.T.);
#5512 = ORIENTED_EDGE('',*,*,#4257,.T.);
#5513 = ORIENTED_EDGE('',*,*,#4373,.T.);
#5514 = ORIENTED_EDGE('',*,*,#4395,.T.);
#5515 = ORIENTED_EDGE('',*,*,#757,.T.);
#5516 = ORIENTED_EDGE('',*,*,#4419,.T.);
#5517 = ORIENTED_EDGE('',*,*,#4441,.T.);
#5518 = ORIENTED_EDGE('',*,*,#625,.T.);
#5519 = ORIENTED_EDGE('',*,*,#4458,.T.);
#5520 = ORIENTED_EDGE('',*,*,#539,.T.);
#5521 = ORIENTED_EDGE('',*,*,#571,.T.);
#5522 = ORIENTED_EDGE('',*,*,#602,.T.);
#5523 = ORIENTED_EDGE('',*,*,#5524,.T.);
#5524 = EDGE_CURVE('',#595,#5525,#5527,.T.);
#5525 = VERTEX_POINT('',#5526);
#5526 = CARTESIAN_POINT('',(-1.69181406498,7.833370685577,3.));
#5527 = LINE('',#5528,#5529);
#5528 = CARTESIAN_POINT('',(-1.667335033417,7.668346405029,3.));
#5529 = VECTOR('',#5530,1.);
#5530 = DIRECTION('',(-0.146730427182,0.989176516977,0.));
#5531 = ORIENTED_EDGE('',*,*,#5532,.T.);
#5532 = EDGE_CURVE('',#5525,#5533,#5535,.T.);
#5533 = VERTEX_POINT('',#5534);
#5534 = CARTESIAN_POINT('',(-1.700000047684,8.,3.));
#5535 = LINE('',#5536,#5537);
#5536 = CARTESIAN_POINT('',(-1.69181406498,7.833370685577,3.));
#5537 = VECTOR('',#5538,1.);
#5538 = DIRECTION('',(-4.906773058031E-02,0.998795453442,0.));
#5539 = ORIENTED_EDGE('',*,*,#5540,.T.);
#5540 = EDGE_CURVE('',#5533,#5541,#5543,.T.);
#5541 = VERTEX_POINT('',#5542);
#5542 = CARTESIAN_POINT('',(-1.69181406498,8.166628837585,3.));
#5543 = LINE('',#5544,#5545);
#5544 = CARTESIAN_POINT('',(-1.700000047684,8.,3.));
#5545 = VECTOR('',#5546,1.);
#5546 = DIRECTION('',(4.906787065801E-02,0.99879544656,0.));
#5547 = ORIENTED_EDGE('',*,*,#5548,.T.);
#5548 = EDGE_CURVE('',#5541,#5549,#5551,.T.);
#5549 = VERTEX_POINT('',#5550);
#5550 = CARTESIAN_POINT('',(-1.667335033417,8.331653594971,3.));
#5551 = LINE('',#5552,#5553);
#5552 = CARTESIAN_POINT('',(-1.69181406498,8.166628837585,3.));
#5553 = VECTOR('',#5554,1.);
#5554 = DIRECTION('',(0.146730012334,0.989176578514,0.));
#5555 = ORIENTED_EDGE('',*,*,#5556,.T.);
#5556 = EDGE_CURVE('',#5549,#5557,#5559,.T.);
#5557 = VERTEX_POINT('',#5558);
#5558 = CARTESIAN_POINT('',(-1.626798629761,8.493483543396,3.));
#5559 = LINE('',#5560,#5561);
#5560 = CARTESIAN_POINT('',(-1.667335033417,8.331653594971,3.));
#5561 = VECTOR('',#5562,1.);
#5562 = DIRECTION('',(0.242980810523,0.970031095232,0.));
#5563 = ORIENTED_EDGE('',*,*,#5564,.T.);
#5564 = EDGE_CURVE('',#5557,#5565,#5567,.T.);
#5565 = VERTEX_POINT('',#5566);
#5566 = CARTESIAN_POINT('',(-1.570595264435,8.650562286377,3.));
#5567 = LINE('',#5568,#5569);
#5568 = CARTESIAN_POINT('',(-1.626798629761,8.493483543396,3.));
#5569 = VECTOR('',#5570,1.);
#5570 = DIRECTION('',(0.336888218818,0.941544650042,0.));
#5571 = ORIENTED_EDGE('',*,*,#5572,.T.);
#5572 = EDGE_CURVE('',#5565,#5573,#5575,.T.);
#5573 = VERTEX_POINT('',#5574);
#5574 = CARTESIAN_POINT('',(-1.499266147614,8.801374435425,3.));
#5575 = LINE('',#5576,#5577);
#5576 = CARTESIAN_POINT('',(-1.570595264435,8.650562286377,3.));
#5577 = VECTOR('',#5578,1.);
#5578 = DIRECTION('',(0.427556477446,0.903988638532,0.));
#5579 = ORIENTED_EDGE('',*,*,#5580,.T.);
#5580 = EDGE_CURVE('',#5573,#5581,#5583,.T.);
#5581 = VERTEX_POINT('',#5582);
#5582 = CARTESIAN_POINT('',(-1.413498282433,8.944469451904,3.));
#5583 = LINE('',#5584,#5585);
#5584 = CARTESIAN_POINT('',(-1.499266147614,8.801374435425,3.));
#5585 = VECTOR('',#5586,1.);
#5586 = DIRECTION('',(0.514102801426,0.857728575696,0.));
#5587 = ORIENTED_EDGE('',*,*,#5588,.T.);
#5588 = EDGE_CURVE('',#5581,#5589,#5591,.T.);
#5589 = VERTEX_POINT('',#5590);
#5590 = CARTESIAN_POINT('',(-1.314117789268,9.078468322754,3.));
#5591 = LINE('',#5592,#5593);
#5592 = CARTESIAN_POINT('',(-1.413498282433,8.944469451904,3.));
#5593 = VECTOR('',#5594,1.);
#5594 = DIRECTION('',(0.595699913164,0.803207080059,0.));
#5595 = ORIENTED_EDGE('',*,*,#5596,.T.);
#5596 = EDGE_CURVE('',#5589,#5597,#5599,.T.);
#5597 = VERTEX_POINT('',#5598);
#5598 = CARTESIAN_POINT('',(-1.202081561089,9.202081680298,3.));
#5599 = LINE('',#5600,#5601);
#5600 = CARTESIAN_POINT('',(-1.314117789268,9.078468322754,3.));
#5601 = VECTOR('',#5602,1.);
#5602 = DIRECTION('',(0.671557676419,0.740952284053,0.));
#5603 = ORIENTED_EDGE('',*,*,#5604,.T.);
#5604 = EDGE_CURVE('',#5597,#5605,#5607,.T.);
#5605 = VERTEX_POINT('',#5606);
#5606 = CARTESIAN_POINT('',(-1.078468561172,9.314117431641,3.));
#5607 = LINE('',#5608,#5609);
#5608 = CARTESIAN_POINT('',(-1.202081561089,9.202081680298,3.));
#5609 = VECTOR('',#5610,1.);
#5610 = DIRECTION('',(0.74095273951,0.671557173897,0.));
#5611 = ORIENTED_EDGE('',*,*,#5612,.T.);
#5612 = EDGE_CURVE('',#5605,#5613,#5615,.T.);
#5613 = VERTEX_POINT('',#5614);
#5614 = CARTESIAN_POINT('',(-0.9444693923,9.413497924805,3.));
#5615 = LINE('',#5616,#5617);
#5616 = CARTESIAN_POINT('',(-1.078468561172,9.314117431641,3.));
#5617 = VECTOR('',#5618,1.);
#5618 = DIRECTION('',(0.803207713973,0.595699058429,0.));
#5619 = ORIENTED_EDGE('',*,*,#5620,.T.);
#5620 = EDGE_CURVE('',#5613,#5621,#5623,.T.);
#5621 = VERTEX_POINT('',#5622);
#5622 = CARTESIAN_POINT('',(-0.801374435425,9.499266624451,3.));
#5623 = LINE('',#5624,#5625);
#5624 = CARTESIAN_POINT('',(-0.9444693923,9.413497924805,3.));
#5625 = VECTOR('',#5626,1.);
#5626 = DIRECTION('',(0.85772627563,0.514106638834,0.));
#5627 = ORIENTED_EDGE('',*,*,#5628,.T.);
#5628 = EDGE_CURVE('',#5621,#5629,#5631,.T.);
#5629 = VERTEX_POINT('',#5630);
#5630 = CARTESIAN_POINT('',(-0.65056180954,9.570594787598,3.));
#5631 = LINE('',#5632,#5633);
#5632 = CARTESIAN_POINT('',(-0.801374435425,9.499266624451,3.));
#5633 = VECTOR('',#5634,1.);
#5634 = DIRECTION('',(0.903991370455,0.427550701255,0.));
#5635 = ORIENTED_EDGE('',*,*,#5636,.T.);
#5636 = EDGE_CURVE('',#5629,#5637,#5639,.T.);
#5637 = VERTEX_POINT('',#5638);
#5638 = CARTESIAN_POINT('',(-0.493483960629,9.626798629761,3.));
#5639 = LINE('',#5640,#5641);
#5640 = CARTESIAN_POINT('',(-0.65056180954,9.570594787598,3.));
#5641 = VECTOR('',#5642,1.);
#5642 = DIRECTION('',(0.941543135188,0.336892452543,0.));
#5643 = ORIENTED_EDGE('',*,*,#5644,.T.);
#5644 = EDGE_CURVE('',#5637,#5645,#5647,.T.);
#5645 = VERTEX_POINT('',#5646);
#5646 = CARTESIAN_POINT('',(-0.331653535366,9.66733455658,3.));
#5647 = LINE('',#5648,#5649);
#5648 = CARTESIAN_POINT('',(-0.493483960629,9.626798629761,3.));
#5649 = VECTOR('',#5650,1.);
#5650 = DIRECTION('',(0.970031937655,0.242977447368,0.));
#5651 = ORIENTED_EDGE('',*,*,#5652,.T.);
#5652 = EDGE_CURVE('',#5645,#5653,#5655,.T.);
#5653 = VERTEX_POINT('',#5654);
#5654 = CARTESIAN_POINT('',(-0.166629135609,9.691814422607,3.));
#5655 = LINE('',#5656,#5657);
#5656 = CARTESIAN_POINT('',(-0.331653535366,9.66733455658,3.));
#5657 = VECTOR('',#5658,1.);
#5658 = DIRECTION('',(0.989175806365,0.146735217661,0.));
#5659 = ORIENTED_EDGE('',*,*,#5660,.T.);
#5660 = EDGE_CURVE('',#5653,#5661,#5663,.T.);
#5661 = VERTEX_POINT('',#5662);
#5662 = CARTESIAN_POINT('',(0.,9.699999809265,3.));
#5663 = LINE('',#5664,#5665);
#5664 = CARTESIAN_POINT('',(-0.166629135609,9.691814422607,3.));
#5665 = VECTOR('',#5666,1.);
#5666 = DIRECTION('',(0.998795625952,4.906421893497E-02,0.));
#5667 = ORIENTED_EDGE('',*,*,#5668,.T.);
#5668 = EDGE_CURVE('',#5661,#5669,#5671,.T.);
#5669 = VERTEX_POINT('',#5670);
#5670 = CARTESIAN_POINT('',(0.166629135609,9.691814422607,3.));
#5671 = LINE('',#5672,#5673);
#5672 = CARTESIAN_POINT('',(0.,9.699999809265,3.));
#5673 = VECTOR('',#5674,1.);
#5674 = DIRECTION('',(0.998795625952,-4.906421893497E-02,0.));
#5675 = ORIENTED_EDGE('',*,*,#5676,.T.);
#5676 = EDGE_CURVE('',#5669,#2987,#5677,.T.);
#5677 = LINE('',#5678,#5679);
#5678 = CARTESIAN_POINT('',(0.166629135609,9.691814422607,3.));
#5679 = VECTOR('',#5680,1.);
#5680 = DIRECTION('',(0.989175806365,-0.146735217661,0.));
#5681 = ORIENTED_EDGE('',*,*,#2986,.T.);
#5682 = ORIENTED_EDGE('',*,*,#3018,.T.);
#5683 = ORIENTED_EDGE('',*,*,#5684,.T.);
#5684 = EDGE_CURVE('',#3011,#5685,#5687,.T.);
#5685 = VERTEX_POINT('',#5686);
#5686 = CARTESIAN_POINT('',(0.801374435425,9.499266624451,3.));
#5687 = LINE('',#5688,#5689);
#5688 = CARTESIAN_POINT('',(0.65056180954,9.570594787598,3.));
#5689 = VECTOR('',#5690,1.);
#5690 = DIRECTION('',(0.903991370455,-0.427550701255,0.));
#5691 = ORIENTED_EDGE('',*,*,#5692,.T.);
#5692 = EDGE_CURVE('',#5685,#5693,#5695,.T.);
#5693 = VERTEX_POINT('',#5694);
#5694 = CARTESIAN_POINT('',(0.9444693923,9.413497924805,3.));
#5695 = LINE('',#5696,#5697);
#5696 = CARTESIAN_POINT('',(0.801374435425,9.499266624451,3.));
#5697 = VECTOR('',#5698,1.);
#5698 = DIRECTION('',(0.85772627563,-0.514106638834,0.));
#5699 = ORIENTED_EDGE('',*,*,#5700,.T.);
#5700 = EDGE_CURVE('',#5693,#5701,#5703,.T.);
#5701 = VERTEX_POINT('',#5702);
#5702 = CARTESIAN_POINT('',(1.078468561172,9.314117431641,3.));
#5703 = LINE('',#5704,#5705);
#5704 = CARTESIAN_POINT('',(0.9444693923,9.413497924805,3.));
#5705 = VECTOR('',#5706,1.);
#5706 = DIRECTION('',(0.803207713973,-0.595699058429,0.));
#5707 = ORIENTED_EDGE('',*,*,#5708,.T.);
#5708 = EDGE_CURVE('',#5701,#2939,#5709,.T.);
#5709 = LINE('',#5710,#5711);
#5710 = CARTESIAN_POINT('',(1.078468561172,9.314117431641,3.));
#5711 = VECTOR('',#5712,1.);
#5712 = DIRECTION('',(0.74095273951,-0.671557173897,0.));
#5713 = ORIENTED_EDGE('',*,*,#2938,.T.);
#5714 = ORIENTED_EDGE('',*,*,#2963,.T.);
#5715 = ORIENTED_EDGE('',*,*,#2804,.T.);
#5716 = ORIENTED_EDGE('',*,*,#2836,.T.);
#5717 = ORIENTED_EDGE('',*,*,#2859,.T.);
#5718 = FACE_BOUND('',#5719,.T.);
#5719 = EDGE_LOOP('',(#5720,#5730,#5738,#5746,#5754,#5762,#5770,#5778,
    #5786,#5794,#5802,#5810,#5818,#5826,#5834,#5842,#5850,#5858,#5866,
    #5874,#5882,#5890,#5898,#5906,#5914,#5922,#5930,#5938,#5946,#5954,
    #5962,#5970,#5978,#5986,#5994,#6002,#6010,#6018,#6026,#6034,#6042,
    #6050,#6058,#6066,#6074,#6082,#6090,#6098,#6106,#6114,#6122,#6130,
    #6138,#6146,#6154,#6162,#6170,#6178,#6186,#6194,#6202,#6210,#6218,
    #6226));
#5720 = ORIENTED_EDGE('',*,*,#5721,.T.);
#5721 = EDGE_CURVE('',#5722,#5724,#5726,.T.);
#5722 = VERTEX_POINT('',#5723);
#5723 = CARTESIAN_POINT('',(-0.493483960629,-6.373201370239,3.));
#5724 = VERTEX_POINT('',#5725);
#5725 = CARTESIAN_POINT('',(-0.331653535366,-6.332664966583,3.));
#5726 = LINE('',#5727,#5728);
#5727 = CARTESIAN_POINT('',(-0.493483960629,-6.373201370239,3.));
#5728 = VECTOR('',#5729,1.);
#5729 = DIRECTION('',(0.970031263981,0.242980136843,0.));
#5730 = ORIENTED_EDGE('',*,*,#5731,.T.);
#5731 = EDGE_CURVE('',#5724,#5732,#5734,.T.);
#5732 = VERTEX_POINT('',#5733);
#5733 = CARTESIAN_POINT('',(-0.166629135609,-6.30818605423,3.));
#5734 = LINE('',#5735,#5736);
#5735 = CARTESIAN_POINT('',(-0.331653535366,-6.332664966583,3.));
#5736 = VECTOR('',#5737,1.);
#5737 = DIRECTION('',(0.989176636073,0.146729624299,0.));
#5738 = ORIENTED_EDGE('',*,*,#5739,.T.);
#5739 = EDGE_CURVE('',#5732,#5740,#5742,.T.);
#5740 = VERTEX_POINT('',#5741);
#5741 = CARTESIAN_POINT('',(0.,-6.300000190735,3.));
#5742 = LINE('',#5743,#5744);
#5743 = CARTESIAN_POINT('',(-0.166629135609,-6.30818605423,3.));
#5744 = VECTOR('',#5745,1.);
#5745 = DIRECTION('',(0.99879548588,4.906707027462E-02,0.));
#5746 = ORIENTED_EDGE('',*,*,#5747,.T.);
#5747 = EDGE_CURVE('',#5740,#5748,#5750,.T.);
#5748 = VERTEX_POINT('',#5749);
#5749 = CARTESIAN_POINT('',(0.166629135609,-6.30818605423,3.));
#5750 = LINE('',#5751,#5752);
#5751 = CARTESIAN_POINT('',(0.,-6.300000190735,3.));
#5752 = VECTOR('',#5753,1.);
#5753 = DIRECTION('',(0.99879548588,-4.906707027462E-02,0.));
#5754 = ORIENTED_EDGE('',*,*,#5755,.T.);
#5755 = EDGE_CURVE('',#5748,#5756,#5758,.T.);
#5756 = VERTEX_POINT('',#5757);
#5757 = CARTESIAN_POINT('',(0.331653535366,-6.332664966583,3.));
#5758 = LINE('',#5759,#5760);
#5759 = CARTESIAN_POINT('',(0.166629135609,-6.30818605423,3.));
#5760 = VECTOR('',#5761,1.);
#5761 = DIRECTION('',(0.989176636073,-0.146729624299,0.));
#5762 = ORIENTED_EDGE('',*,*,#5763,.T.);
#5763 = EDGE_CURVE('',#5756,#5764,#5766,.T.);
#5764 = VERTEX_POINT('',#5765);
#5765 = CARTESIAN_POINT('',(0.493483960629,-6.373201370239,3.));
#5766 = LINE('',#5767,#5768);
#5767 = CARTESIAN_POINT('',(0.331653535366,-6.332664966583,3.));
#5768 = VECTOR('',#5769,1.);
#5769 = DIRECTION('',(0.970031263981,-0.242980136843,0.));
#5770 = ORIENTED_EDGE('',*,*,#5771,.T.);
#5771 = EDGE_CURVE('',#5764,#5772,#5774,.T.);
#5772 = VERTEX_POINT('',#5773);
#5773 = CARTESIAN_POINT('',(0.65056180954,-6.429404735565,3.));
#5774 = LINE('',#5775,#5776);
#5775 = CARTESIAN_POINT('',(0.493483960629,-6.373201370239,3.));
#5776 = VECTOR('',#5777,1.);
#5777 = DIRECTION('',(0.941544041809,-0.336889918719,0.));
#5778 = ORIENTED_EDGE('',*,*,#5779,.T.);
#5779 = EDGE_CURVE('',#5772,#5780,#5782,.T.);
#5780 = VERTEX_POINT('',#5781);
#5781 = CARTESIAN_POINT('',(0.801374435425,-6.500733852386,3.));
#5782 = LINE('',#5783,#5784);
#5783 = CARTESIAN_POINT('',(0.65056180954,-6.429404735565,3.));
#5784 = VECTOR('',#5785,1.);
#5785 = DIRECTION('',(0.903989161026,-0.427555372726,0.));
#5786 = ORIENTED_EDGE('',*,*,#5787,.T.);
#5787 = EDGE_CURVE('',#5780,#5788,#5790,.T.);
#5788 = VERTEX_POINT('',#5789);
#5789 = CARTESIAN_POINT('',(0.9444693923,-6.586501598358,3.));
#5790 = LINE('',#5791,#5792);
#5791 = CARTESIAN_POINT('',(0.801374435425,-6.500733852386,3.));
#5792 = VECTOR('',#5793,1.);
#5793 = DIRECTION('',(0.857728796358,-0.514102433274,0.));
#5794 = ORIENTED_EDGE('',*,*,#5795,.T.);
#5795 = EDGE_CURVE('',#5788,#5796,#5798,.T.);
#5796 = VERTEX_POINT('',#5797);
#5797 = CARTESIAN_POINT('',(1.078468561172,-6.685882091522,3.));
#5798 = LINE('',#5799,#5800);
#5799 = CARTESIAN_POINT('',(0.9444693923,-6.586501598358,3.));
#5800 = VECTOR('',#5801,1.);
#5801 = DIRECTION('',(0.803207713973,-0.595699058429,0.));
#5802 = ORIENTED_EDGE('',*,*,#5803,.T.);
#5803 = EDGE_CURVE('',#5796,#5804,#5806,.T.);
#5804 = VERTEX_POINT('',#5805);
#5805 = CARTESIAN_POINT('',(1.202081561089,-6.797918319702,3.));
#5806 = LINE('',#5807,#5808);
#5807 = CARTESIAN_POINT('',(1.078468561172,-6.685882091522,3.));
#5808 = VECTOR('',#5809,1.);
#5809 = DIRECTION('',(0.740951317281,-0.671558743089,0.));
#5810 = ORIENTED_EDGE('',*,*,#5811,.T.);
#5811 = EDGE_CURVE('',#5804,#5812,#5814,.T.);
#5812 = VERTEX_POINT('',#5813);
#5813 = CARTESIAN_POINT('',(1.314117789268,-6.921531200409,3.));
#5814 = LINE('',#5815,#5816);
#5815 = CARTESIAN_POINT('',(1.202081561089,-6.797918319702,3.));
#5816 = VECTOR('',#5817,1.);
#5817 = DIRECTION('',(0.671559098646,-0.740950995023,0.));
#5818 = ORIENTED_EDGE('',*,*,#5819,.T.);
#5819 = EDGE_CURVE('',#5812,#5820,#5822,.T.);
#5820 = VERTEX_POINT('',#5821);
#5821 = CARTESIAN_POINT('',(1.413498282433,-7.055530548096,3.));
#5822 = LINE('',#5823,#5824);
#5823 = CARTESIAN_POINT('',(1.314117789268,-6.921531200409,3.));
#5824 = VECTOR('',#5825,1.);
#5825 = DIRECTION('',(0.59569854559,-0.803208094321,0.));
#5826 = ORIENTED_EDGE('',*,*,#5827,.T.);
#5827 = EDGE_CURVE('',#5820,#5828,#5830,.T.);
#5828 = VERTEX_POINT('',#5829);
#5829 = CARTESIAN_POINT('',(1.499266147614,-7.198625564575,3.));
#5830 = LINE('',#5831,#5832);
#5831 = CARTESIAN_POINT('',(1.413498282433,-7.055530548096,3.));
#5832 = VECTOR('',#5833,1.);
#5833 = DIRECTION('',(0.514102801426,-0.857728575696,0.));
#5834 = ORIENTED_EDGE('',*,*,#5835,.T.);
#5835 = EDGE_CURVE('',#5828,#5836,#5838,.T.);
#5836 = VERTEX_POINT('',#5837);
#5837 = CARTESIAN_POINT('',(1.570595264435,-7.34943819046,3.));
#5838 = LINE('',#5839,#5840);
#5839 = CARTESIAN_POINT('',(1.499266147614,-7.198625564575,3.));
#5840 = VECTOR('',#5841,1.);
#5841 = DIRECTION('',(0.427555372726,-0.903989161026,0.));
#5842 = ORIENTED_EDGE('',*,*,#5843,.T.);
#5843 = EDGE_CURVE('',#5836,#5844,#5846,.T.);
#5844 = VERTEX_POINT('',#5845);
#5845 = CARTESIAN_POINT('',(1.626798629761,-7.506515979767,3.));
#5846 = LINE('',#5847,#5848);
#5847 = CARTESIAN_POINT('',(1.570595264435,-7.34943819046,3.));
#5848 = VECTOR('',#5849,1.);
#5849 = DIRECTION('',(0.336890032046,-0.94154400126,0.));
#5850 = ORIENTED_EDGE('',*,*,#5851,.T.);
#5851 = EDGE_CURVE('',#5844,#5852,#5854,.T.);
#5852 = VERTEX_POINT('',#5853);
#5853 = CARTESIAN_POINT('',(1.667335033417,-7.668346405029,3.));
#5854 = LINE('',#5855,#5856);
#5855 = CARTESIAN_POINT('',(1.626798629761,-7.506515979767,3.));
#5856 = VECTOR('',#5857,1.);
#5857 = DIRECTION('',(0.242980136843,-0.970031263981,0.));
#5858 = ORIENTED_EDGE('',*,*,#5859,.T.);
#5859 = EDGE_CURVE('',#5852,#5860,#5862,.T.);
#5860 = VERTEX_POINT('',#5861);
#5861 = CARTESIAN_POINT('',(1.69181406498,-7.833370685577,3.));
#5862 = LINE('',#5863,#5864);
#5863 = CARTESIAN_POINT('',(1.667335033417,-7.668346405029,3.));
#5864 = VECTOR('',#5865,1.);
#5865 = DIRECTION('',(0.146730427182,-0.989176516977,0.));
#5866 = ORIENTED_EDGE('',*,*,#5867,.T.);
#5867 = EDGE_CURVE('',#5860,#5868,#5870,.T.);
#5868 = VERTEX_POINT('',#5869);
#5869 = CARTESIAN_POINT('',(1.700000047684,-8.,3.));
#5870 = LINE('',#5871,#5872);
#5871 = CARTESIAN_POINT('',(1.69181406498,-7.833370685577,3.));
#5872 = VECTOR('',#5873,1.);
#5873 = DIRECTION('',(4.906773058031E-02,-0.998795453442,0.));
#5874 = ORIENTED_EDGE('',*,*,#5875,.T.);
#5875 = EDGE_CURVE('',#5868,#5876,#5878,.T.);
#5876 = VERTEX_POINT('',#5877);
#5877 = CARTESIAN_POINT('',(1.69181406498,-8.166628837585,3.));
#5878 = LINE('',#5879,#5880);
#5879 = CARTESIAN_POINT('',(1.700000047684,-8.,3.));
#5880 = VECTOR('',#5881,1.);
#5881 = DIRECTION('',(-4.906787065801E-02,-0.99879544656,0.));
#5882 = ORIENTED_EDGE('',*,*,#5883,.T.);
#5883 = EDGE_CURVE('',#5876,#5884,#5886,.T.);
#5884 = VERTEX_POINT('',#5885);
#5885 = CARTESIAN_POINT('',(1.667335033417,-8.331653594971,3.));
#5886 = LINE('',#5887,#5888);
#5887 = CARTESIAN_POINT('',(1.69181406498,-8.166628837585,3.));
#5888 = VECTOR('',#5889,1.);
#5889 = DIRECTION('',(-0.146730012334,-0.989176578514,0.));
#5890 = ORIENTED_EDGE('',*,*,#5891,.T.);
#5891 = EDGE_CURVE('',#5884,#5892,#5894,.T.);
#5892 = VERTEX_POINT('',#5893);
#5893 = CARTESIAN_POINT('',(1.626798629761,-8.493483543396,3.));
#5894 = LINE('',#5895,#5896);
#5895 = CARTESIAN_POINT('',(1.667335033417,-8.331653594971,3.));
#5896 = VECTOR('',#5897,1.);
#5897 = DIRECTION('',(-0.242980810523,-0.970031095232,0.));
#5898 = ORIENTED_EDGE('',*,*,#5899,.T.);
#5899 = EDGE_CURVE('',#5892,#5900,#5902,.T.);
#5900 = VERTEX_POINT('',#5901);
#5901 = CARTESIAN_POINT('',(1.570595264435,-8.650562286377,3.));
#5902 = LINE('',#5903,#5904);
#5903 = CARTESIAN_POINT('',(1.626798629761,-8.493483543396,3.));
#5904 = VECTOR('',#5905,1.);
#5905 = DIRECTION('',(-0.336888218818,-0.941544650042,0.));
#5906 = ORIENTED_EDGE('',*,*,#5907,.T.);
#5907 = EDGE_CURVE('',#5900,#5908,#5910,.T.);
#5908 = VERTEX_POINT('',#5909);
#5909 = CARTESIAN_POINT('',(1.499266147614,-8.801374435425,3.));
#5910 = LINE('',#5911,#5912);
#5911 = CARTESIAN_POINT('',(1.570595264435,-8.650562286377,3.));
#5912 = VECTOR('',#5913,1.);
#5913 = DIRECTION('',(-0.427556477446,-0.903988638532,0.));
#5914 = ORIENTED_EDGE('',*,*,#5915,.T.);
#5915 = EDGE_CURVE('',#5908,#5916,#5918,.T.);
#5916 = VERTEX_POINT('',#5917);
#5917 = CARTESIAN_POINT('',(1.413498282433,-8.944469451904,3.));
#5918 = LINE('',#5919,#5920);
#5919 = CARTESIAN_POINT('',(1.499266147614,-8.801374435425,3.));
#5920 = VECTOR('',#5921,1.);
#5921 = DIRECTION('',(-0.514102801426,-0.857728575696,0.));
#5922 = ORIENTED_EDGE('',*,*,#5923,.T.);
#5923 = EDGE_CURVE('',#5916,#5924,#5926,.T.);
#5924 = VERTEX_POINT('',#5925);
#5925 = CARTESIAN_POINT('',(1.314117789268,-9.078468322754,3.));
#5926 = LINE('',#5927,#5928);
#5927 = CARTESIAN_POINT('',(1.413498282433,-8.944469451904,3.));
#5928 = VECTOR('',#5929,1.);
#5929 = DIRECTION('',(-0.595699913164,-0.803207080059,0.));
#5930 = ORIENTED_EDGE('',*,*,#5931,.T.);
#5931 = EDGE_CURVE('',#5924,#5932,#5934,.T.);
#5932 = VERTEX_POINT('',#5933);
#5933 = CARTESIAN_POINT('',(1.202081561089,-9.202081680298,3.));
#5934 = LINE('',#5935,#5936);
#5935 = CARTESIAN_POINT('',(1.314117789268,-9.078468322754,3.));
#5936 = VECTOR('',#5937,1.);
#5937 = DIRECTION('',(-0.671557676419,-0.740952284053,0.));
#5938 = ORIENTED_EDGE('',*,*,#5939,.T.);
#5939 = EDGE_CURVE('',#5932,#5940,#5942,.T.);
#5940 = VERTEX_POINT('',#5941);
#5941 = CARTESIAN_POINT('',(1.078468561172,-9.314117431641,3.));
#5942 = LINE('',#5943,#5944);
#5943 = CARTESIAN_POINT('',(1.202081561089,-9.202081680298,3.));
#5944 = VECTOR('',#5945,1.);
#5945 = DIRECTION('',(-0.74095273951,-0.671557173897,0.));
#5946 = ORIENTED_EDGE('',*,*,#5947,.T.);
#5947 = EDGE_CURVE('',#5940,#5948,#5950,.T.);
#5948 = VERTEX_POINT('',#5949);
#5949 = CARTESIAN_POINT('',(0.9444693923,-9.413497924805,3.));
#5950 = LINE('',#5951,#5952);
#5951 = CARTESIAN_POINT('',(1.078468561172,-9.314117431641,3.));
#5952 = VECTOR('',#5953,1.);
#5953 = DIRECTION('',(-0.803207713973,-0.595699058429,0.));
#5954 = ORIENTED_EDGE('',*,*,#5955,.T.);
#5955 = EDGE_CURVE('',#5948,#5956,#5958,.T.);
#5956 = VERTEX_POINT('',#5957);
#5957 = CARTESIAN_POINT('',(0.801374435425,-9.499266624451,3.));
#5958 = LINE('',#5959,#5960);
#5959 = CARTESIAN_POINT('',(0.9444693923,-9.413497924805,3.));
#5960 = VECTOR('',#5961,1.);
#5961 = DIRECTION('',(-0.85772627563,-0.514106638834,0.));
#5962 = ORIENTED_EDGE('',*,*,#5963,.T.);
#5963 = EDGE_CURVE('',#5956,#5964,#5966,.T.);
#5964 = VERTEX_POINT('',#5965);
#5965 = CARTESIAN_POINT('',(0.65056180954,-9.570594787598,3.));
#5966 = LINE('',#5967,#5968);
#5967 = CARTESIAN_POINT('',(0.801374435425,-9.499266624451,3.));
#5968 = VECTOR('',#5969,1.);
#5969 = DIRECTION('',(-0.903991370455,-0.427550701255,0.));
#5970 = ORIENTED_EDGE('',*,*,#5971,.T.);
#5971 = EDGE_CURVE('',#5964,#5972,#5974,.T.);
#5972 = VERTEX_POINT('',#5973);
#5973 = CARTESIAN_POINT('',(0.493483960629,-9.626798629761,3.));
#5974 = LINE('',#5975,#5976);
#5975 = CARTESIAN_POINT('',(0.65056180954,-9.570594787598,3.));
#5976 = VECTOR('',#5977,1.);
#5977 = DIRECTION('',(-0.941543135188,-0.336892452543,0.));
#5978 = ORIENTED_EDGE('',*,*,#5979,.T.);
#5979 = EDGE_CURVE('',#5972,#5980,#5982,.T.);
#5980 = VERTEX_POINT('',#5981);
#5981 = CARTESIAN_POINT('',(0.331653535366,-9.66733455658,3.));
#5982 = LINE('',#5983,#5984);
#5983 = CARTESIAN_POINT('',(0.493483960629,-9.626798629761,3.));
#5984 = VECTOR('',#5985,1.);
#5985 = DIRECTION('',(-0.970031937655,-0.242977447368,0.));
#5986 = ORIENTED_EDGE('',*,*,#5987,.T.);
#5987 = EDGE_CURVE('',#5980,#5988,#5990,.T.);
#5988 = VERTEX_POINT('',#5989);
#5989 = CARTESIAN_POINT('',(0.166629135609,-9.691814422607,3.));
#5990 = LINE('',#5991,#5992);
#5991 = CARTESIAN_POINT('',(0.331653535366,-9.66733455658,3.));
#5992 = VECTOR('',#5993,1.);
#5993 = DIRECTION('',(-0.989175806365,-0.146735217661,0.));
#5994 = ORIENTED_EDGE('',*,*,#5995,.T.);
#5995 = EDGE_CURVE('',#5988,#5996,#5998,.T.);
#5996 = VERTEX_POINT('',#5997);
#5997 = CARTESIAN_POINT('',(0.,-9.699999809265,3.));
#5998 = LINE('',#5999,#6000);
#5999 = CARTESIAN_POINT('',(0.166629135609,-9.691814422607,3.));
#6000 = VECTOR('',#6001,1.);
#6001 = DIRECTION('',(-0.998795625952,-4.906421893497E-02,0.));
#6002 = ORIENTED_EDGE('',*,*,#6003,.T.);
#6003 = EDGE_CURVE('',#5996,#6004,#6006,.T.);
#6004 = VERTEX_POINT('',#6005);
#6005 = CARTESIAN_POINT('',(-0.166629135609,-9.691814422607,3.));
#6006 = LINE('',#6007,#6008);
#6007 = CARTESIAN_POINT('',(0.,-9.699999809265,3.));
#6008 = VECTOR('',#6009,1.);
#6009 = DIRECTION('',(-0.998795625952,4.906421893497E-02,0.));
#6010 = ORIENTED_EDGE('',*,*,#6011,.T.);
#6011 = EDGE_CURVE('',#6004,#6012,#6014,.T.);
#6012 = VERTEX_POINT('',#6013);
#6013 = CARTESIAN_POINT('',(-0.331653535366,-9.66733455658,3.));
#6014 = LINE('',#6015,#6016);
#6015 = CARTESIAN_POINT('',(-0.166629135609,-9.691814422607,3.));
#6016 = VECTOR('',#6017,1.);
#6017 = DIRECTION('',(-0.989175806365,0.146735217661,0.));
#6018 = ORIENTED_EDGE('',*,*,#6019,.T.);
#6019 = EDGE_CURVE('',#6012,#6020,#6022,.T.);
#6020 = VERTEX_POINT('',#6021);
#6021 = CARTESIAN_POINT('',(-0.493483960629,-9.626798629761,3.));
#6022 = LINE('',#6023,#6024);
#6023 = CARTESIAN_POINT('',(-0.331653535366,-9.66733455658,3.));
#6024 = VECTOR('',#6025,1.);
#6025 = DIRECTION('',(-0.970031937655,0.242977447368,0.));
#6026 = ORIENTED_EDGE('',*,*,#6027,.T.);
#6027 = EDGE_CURVE('',#6020,#6028,#6030,.T.);
#6028 = VERTEX_POINT('',#6029);
#6029 = CARTESIAN_POINT('',(-0.65056180954,-9.570594787598,3.));
#6030 = LINE('',#6031,#6032);
#6031 = CARTESIAN_POINT('',(-0.493483960629,-9.626798629761,3.));
#6032 = VECTOR('',#6033,1.);
#6033 = DIRECTION('',(-0.941543135188,0.336892452543,0.));
#6034 = ORIENTED_EDGE('',*,*,#6035,.T.);
#6035 = EDGE_CURVE('',#6028,#6036,#6038,.T.);
#6036 = VERTEX_POINT('',#6037);
#6037 = CARTESIAN_POINT('',(-0.801374435425,-9.499266624451,3.));
#6038 = LINE('',#6039,#6040);
#6039 = CARTESIAN_POINT('',(-0.65056180954,-9.570594787598,3.));
#6040 = VECTOR('',#6041,1.);
#6041 = DIRECTION('',(-0.903991370455,0.427550701255,0.));
#6042 = ORIENTED_EDGE('',*,*,#6043,.T.);
#6043 = EDGE_CURVE('',#6036,#6044,#6046,.T.);
#6044 = VERTEX_POINT('',#6045);
#6045 = CARTESIAN_POINT('',(-0.9444693923,-9.413497924805,3.));
#6046 = LINE('',#6047,#6048);
#6047 = CARTESIAN_POINT('',(-0.801374435425,-9.499266624451,3.));
#6048 = VECTOR('',#6049,1.);
#6049 = DIRECTION('',(-0.85772627563,0.514106638834,0.));
#6050 = ORIENTED_EDGE('',*,*,#6051,.T.);
#6051 = EDGE_CURVE('',#6044,#6052,#6054,.T.);
#6052 = VERTEX_POINT('',#6053);
#6053 = CARTESIAN_POINT('',(-1.078468561172,-9.314117431641,3.));
#6054 = LINE('',#6055,#6056);
#6055 = CARTESIAN_POINT('',(-0.9444693923,-9.413497924805,3.));
#6056 = VECTOR('',#6057,1.);
#6057 = DIRECTION('',(-0.803207713973,0.595699058429,0.));
#6058 = ORIENTED_EDGE('',*,*,#6059,.T.);
#6059 = EDGE_CURVE('',#6052,#6060,#6062,.T.);
#6060 = VERTEX_POINT('',#6061);
#6061 = CARTESIAN_POINT('',(-1.202081561089,-9.202081680298,3.));
#6062 = LINE('',#6063,#6064);
#6063 = CARTESIAN_POINT('',(-1.078468561172,-9.314117431641,3.));
#6064 = VECTOR('',#6065,1.);
#6065 = DIRECTION('',(-0.74095273951,0.671557173897,0.));
#6066 = ORIENTED_EDGE('',*,*,#6067,.T.);
#6067 = EDGE_CURVE('',#6060,#6068,#6070,.T.);
#6068 = VERTEX_POINT('',#6069);
#6069 = CARTESIAN_POINT('',(-1.314117789268,-9.078468322754,3.));
#6070 = LINE('',#6071,#6072);
#6071 = CARTESIAN_POINT('',(-1.202081561089,-9.202081680298,3.));
#6072 = VECTOR('',#6073,1.);
#6073 = DIRECTION('',(-0.671557676419,0.740952284053,0.));
#6074 = ORIENTED_EDGE('',*,*,#6075,.T.);
#6075 = EDGE_CURVE('',#6068,#6076,#6078,.T.);
#6076 = VERTEX_POINT('',#6077);
#6077 = CARTESIAN_POINT('',(-1.413498282433,-8.944469451904,3.));
#6078 = LINE('',#6079,#6080);
#6079 = CARTESIAN_POINT('',(-1.314117789268,-9.078468322754,3.));
#6080 = VECTOR('',#6081,1.);
#6081 = DIRECTION('',(-0.595699913164,0.803207080059,0.));
#6082 = ORIENTED_EDGE('',*,*,#6083,.T.);
#6083 = EDGE_CURVE('',#6076,#6084,#6086,.T.);
#6084 = VERTEX_POINT('',#6085);
#6085 = CARTESIAN_POINT('',(-1.499266147614,-8.801374435425,3.));
#6086 = LINE('',#6087,#6088);
#6087 = CARTESIAN_POINT('',(-1.413498282433,-8.944469451904,3.));
#6088 = VECTOR('',#6089,1.);
#6089 = DIRECTION('',(-0.514102801426,0.857728575696,0.));
#6090 = ORIENTED_EDGE('',*,*,#6091,.T.);
#6091 = EDGE_CURVE('',#6084,#6092,#6094,.T.);
#6092 = VERTEX_POINT('',#6093);
#6093 = CARTESIAN_POINT('',(-1.570595264435,-8.650562286377,3.));
#6094 = LINE('',#6095,#6096);
#6095 = CARTESIAN_POINT('',(-1.499266147614,-8.801374435425,3.));
#6096 = VECTOR('',#6097,1.);
#6097 = DIRECTION('',(-0.427556477446,0.903988638532,0.));
#6098 = ORIENTED_EDGE('',*,*,#6099,.T.);
#6099 = EDGE_CURVE('',#6092,#6100,#6102,.T.);
#6100 = VERTEX_POINT('',#6101);
#6101 = CARTESIAN_POINT('',(-1.626798629761,-8.493483543396,3.));
#6102 = LINE('',#6103,#6104);
#6103 = CARTESIAN_POINT('',(-1.570595264435,-8.650562286377,3.));
#6104 = VECTOR('',#6105,1.);
#6105 = DIRECTION('',(-0.336888218818,0.941544650042,0.));
#6106 = ORIENTED_EDGE('',*,*,#6107,.T.);
#6107 = EDGE_CURVE('',#6100,#6108,#6110,.T.);
#6108 = VERTEX_POINT('',#6109);
#6109 = CARTESIAN_POINT('',(-1.667335033417,-8.331653594971,3.));
#6110 = LINE('',#6111,#6112);
#6111 = CARTESIAN_POINT('',(-1.626798629761,-8.493483543396,3.));
#6112 = VECTOR('',#6113,1.);
#6113 = DIRECTION('',(-0.242980810523,0.970031095232,0.));
#6114 = ORIENTED_EDGE('',*,*,#6115,.T.);
#6115 = EDGE_CURVE('',#6108,#6116,#6118,.T.);
#6116 = VERTEX_POINT('',#6117);
#6117 = CARTESIAN_POINT('',(-1.69181406498,-8.166628837585,3.));
#6118 = LINE('',#6119,#6120);
#6119 = CARTESIAN_POINT('',(-1.667335033417,-8.331653594971,3.));
#6120 = VECTOR('',#6121,1.);
#6121 = DIRECTION('',(-0.146730012334,0.989176578514,0.));
#6122 = ORIENTED_EDGE('',*,*,#6123,.T.);
#6123 = EDGE_CURVE('',#6116,#6124,#6126,.T.);
#6124 = VERTEX_POINT('',#6125);
#6125 = CARTESIAN_POINT('',(-1.700000047684,-8.,3.));
#6126 = LINE('',#6127,#6128);
#6127 = CARTESIAN_POINT('',(-1.69181406498,-8.166628837585,3.));
#6128 = VECTOR('',#6129,1.);
#6129 = DIRECTION('',(-4.906787065801E-02,0.99879544656,0.));
#6130 = ORIENTED_EDGE('',*,*,#6131,.T.);
#6131 = EDGE_CURVE('',#6124,#6132,#6134,.T.);
#6132 = VERTEX_POINT('',#6133);
#6133 = CARTESIAN_POINT('',(-1.69181406498,-7.833370685577,3.));
#6134 = LINE('',#6135,#6136);
#6135 = CARTESIAN_POINT('',(-1.700000047684,-8.,3.));
#6136 = VECTOR('',#6137,1.);
#6137 = DIRECTION('',(4.906773058031E-02,0.998795453442,0.));
#6138 = ORIENTED_EDGE('',*,*,#6139,.T.);
#6139 = EDGE_CURVE('',#6132,#6140,#6142,.T.);
#6140 = VERTEX_POINT('',#6141);
#6141 = CARTESIAN_POINT('',(-1.667335033417,-7.668346405029,3.));
#6142 = LINE('',#6143,#6144);
#6143 = CARTESIAN_POINT('',(-1.69181406498,-7.833370685577,3.));
#6144 = VECTOR('',#6145,1.);
#6145 = DIRECTION('',(0.146730427182,0.989176516977,0.));
#6146 = ORIENTED_EDGE('',*,*,#6147,.T.);
#6147 = EDGE_CURVE('',#6140,#6148,#6150,.T.);
#6148 = VERTEX_POINT('',#6149);
#6149 = CARTESIAN_POINT('',(-1.626798629761,-7.506515979767,3.));
#6150 = LINE('',#6151,#6152);
#6151 = CARTESIAN_POINT('',(-1.667335033417,-7.668346405029,3.));
#6152 = VECTOR('',#6153,1.);
#6153 = DIRECTION('',(0.242980136843,0.970031263981,0.));
#6154 = ORIENTED_EDGE('',*,*,#6155,.T.);
#6155 = EDGE_CURVE('',#6148,#6156,#6158,.T.);
#6156 = VERTEX_POINT('',#6157);
#6157 = CARTESIAN_POINT('',(-1.570595264435,-7.34943819046,3.));
#6158 = LINE('',#6159,#6160);
#6159 = CARTESIAN_POINT('',(-1.626798629761,-7.506515979767,3.));
#6160 = VECTOR('',#6161,1.);
#6161 = DIRECTION('',(0.336890032046,0.94154400126,0.));
#6162 = ORIENTED_EDGE('',*,*,#6163,.T.);
#6163 = EDGE_CURVE('',#6156,#6164,#6166,.T.);
#6164 = VERTEX_POINT('',#6165);
#6165 = CARTESIAN_POINT('',(-1.499266147614,-7.198625564575,3.));
#6166 = LINE('',#6167,#6168);
#6167 = CARTESIAN_POINT('',(-1.570595264435,-7.34943819046,3.));
#6168 = VECTOR('',#6169,1.);
#6169 = DIRECTION('',(0.427555372726,0.903989161026,0.));
#6170 = ORIENTED_EDGE('',*,*,#6171,.T.);
#6171 = EDGE_CURVE('',#6164,#6172,#6174,.T.);
#6172 = VERTEX_POINT('',#6173);
#6173 = CARTESIAN_POINT('',(-1.413498282433,-7.055530548096,3.));
#6174 = LINE('',#6175,#6176);
#6175 = CARTESIAN_POINT('',(-1.499266147614,-7.198625564575,3.));
#6176 = VECTOR('',#6177,1.);
#6177 = DIRECTION('',(0.514102801426,0.857728575696,0.));
#6178 = ORIENTED_EDGE('',*,*,#6179,.T.);
#6179 = EDGE_CURVE('',#6172,#6180,#6182,.T.);
#6180 = VERTEX_POINT('',#6181);
#6181 = CARTESIAN_POINT('',(-1.314117789268,-6.921531200409,3.));
#6182 = LINE('',#6183,#6184);
#6183 = CARTESIAN_POINT('',(-1.413498282433,-7.055530548096,3.));
#6184 = VECTOR('',#6185,1.);
#6185 = DIRECTION('',(0.59569854559,0.803208094321,0.));
#6186 = ORIENTED_EDGE('',*,*,#6187,.T.);
#6187 = EDGE_CURVE('',#6180,#6188,#6190,.T.);
#6188 = VERTEX_POINT('',#6189);
#6189 = CARTESIAN_POINT('',(-1.202081561089,-6.797918319702,3.));
#6190 = LINE('',#6191,#6192);
#6191 = CARTESIAN_POINT('',(-1.314117789268,-6.921531200409,3.));
#6192 = VECTOR('',#6193,1.);
#6193 = DIRECTION('',(0.671559098646,0.740950995023,0.));
#6194 = ORIENTED_EDGE('',*,*,#6195,.T.);
#6195 = EDGE_CURVE('',#6188,#6196,#6198,.T.);
#6196 = VERTEX_POINT('',#6197);
#6197 = CARTESIAN_POINT('',(-1.078468561172,-6.685882091522,3.));
#6198 = LINE('',#6199,#6200);
#6199 = CARTESIAN_POINT('',(-1.202081561089,-6.797918319702,3.));
#6200 = VECTOR('',#6201,1.);
#6201 = DIRECTION('',(0.740951317281,0.671558743089,0.));
#6202 = ORIENTED_EDGE('',*,*,#6203,.T.);
#6203 = EDGE_CURVE('',#6196,#6204,#6206,.T.);
#6204 = VERTEX_POINT('',#6205);
#6205 = CARTESIAN_POINT('',(-0.9444693923,-6.586501598358,3.));
#6206 = LINE('',#6207,#6208);
#6207 = CARTESIAN_POINT('',(-1.078468561172,-6.685882091522,3.));
#6208 = VECTOR('',#6209,1.);
#6209 = DIRECTION('',(0.803207713973,0.595699058429,0.));
#6210 = ORIENTED_EDGE('',*,*,#6211,.T.);
#6211 = EDGE_CURVE('',#6204,#6212,#6214,.T.);
#6212 = VERTEX_POINT('',#6213);
#6213 = CARTESIAN_POINT('',(-0.801374435425,-6.500733852386,3.));
#6214 = LINE('',#6215,#6216);
#6215 = CARTESIAN_POINT('',(-0.9444693923,-6.586501598358,3.));
#6216 = VECTOR('',#6217,1.);
#6217 = DIRECTION('',(0.857728796358,0.514102433274,0.));
#6218 = ORIENTED_EDGE('',*,*,#6219,.T.);
#6219 = EDGE_CURVE('',#6212,#6220,#6222,.T.);
#6220 = VERTEX_POINT('',#6221);
#6221 = CARTESIAN_POINT('',(-0.65056180954,-6.429404735565,3.));
#6222 = LINE('',#6223,#6224);
#6223 = CARTESIAN_POINT('',(-0.801374435425,-6.500733852386,3.));
#6224 = VECTOR('',#6225,1.);
#6225 = DIRECTION('',(0.903989161026,0.427555372726,0.));
#6226 = ORIENTED_EDGE('',*,*,#6227,.T.);
#6227 = EDGE_CURVE('',#6220,#5722,#6228,.T.);
#6228 = LINE('',#6229,#6230);
#6229 = CARTESIAN_POINT('',(-0.65056180954,-6.429404735565,3.));
#6230 = VECTOR('',#6231,1.);
#6231 = DIRECTION('',(0.941544041809,0.336889918719,0.));
#6232 = PLANE('',#6233);
#6233 = AXIS2_PLACEMENT_3D('',#6234,#6235,#6236);
#6234 = CARTESIAN_POINT('',(-1.671265480478E-16,1.317728551916E-16,3.));
#6235 = DIRECTION('',(0.,0.,1.));
#6236 = DIRECTION('',(1.,0.,-0.));
#6237 = ADVANCED_FACE('',(#6238),#6263,.T.);
#6238 = FACE_BOUND('',#6239,.T.);
#6239 = EDGE_LOOP('',(#6240,#6250,#6256,#6257));
#6240 = ORIENTED_EDGE('',*,*,#6241,.T.);
#6241 = EDGE_CURVE('',#6242,#6244,#6246,.T.);
#6242 = VERTEX_POINT('',#6243);
#6243 = CARTESIAN_POINT('',(0.801374435425,-6.500733852386,
    1.899999976158));
#6244 = VERTEX_POINT('',#6245);
#6245 = CARTESIAN_POINT('',(0.9444693923,-6.586501598358,1.899999976158)
  );
#6246 = LINE('',#6247,#6248);
#6247 = CARTESIAN_POINT('',(0.801374435425,-6.500733852386,
    1.899999976158));
#6248 = VECTOR('',#6249,1.);
#6249 = DIRECTION('',(0.857728796358,-0.514102433274,0.));
#6250 = ORIENTED_EDGE('',*,*,#6251,.T.);
#6251 = EDGE_CURVE('',#6244,#5788,#6252,.T.);
#6252 = LINE('',#6253,#6254);
#6253 = CARTESIAN_POINT('',(0.9444693923,-6.586501598358,1.899999976158)
  );
#6254 = VECTOR('',#6255,1.);
#6255 = DIRECTION('',(0.,0.,1.));
#6256 = ORIENTED_EDGE('',*,*,#5787,.F.);
#6257 = ORIENTED_EDGE('',*,*,#6258,.F.);
#6258 = EDGE_CURVE('',#6242,#5780,#6259,.T.);
#6259 = LINE('',#6260,#6261);
#6260 = CARTESIAN_POINT('',(0.801374435425,-6.500733852386,
    1.899999976158));
#6261 = VECTOR('',#6262,1.);
#6262 = DIRECTION('',(0.,0.,1.));
#6263 = PLANE('',#6264);
#6264 = AXIS2_PLACEMENT_3D('',#6265,#6266,#6267);
#6265 = CARTESIAN_POINT('',(0.872921913862,-6.543617725372,
    2.449999988079));
#6266 = DIRECTION('',(-0.514102433274,-0.857728796358,-0.));
#6267 = DIRECTION('',(-0.857728796358,0.514102433274,0.));
#6268 = ADVANCED_FACE('',(#6269),#6287,.T.);
#6269 = FACE_BOUND('',#6270,.T.);
#6270 = EDGE_LOOP('',(#6271,#6272,#6280,#6286));
#6271 = ORIENTED_EDGE('',*,*,#6251,.F.);
#6272 = ORIENTED_EDGE('',*,*,#6273,.T.);
#6273 = EDGE_CURVE('',#6244,#6274,#6276,.T.);
#6274 = VERTEX_POINT('',#6275);
#6275 = CARTESIAN_POINT('',(1.078468561172,-6.685882091522,
    1.899999976158));
#6276 = LINE('',#6277,#6278);
#6277 = CARTESIAN_POINT('',(0.9444693923,-6.586501598358,1.899999976158)
  );
#6278 = VECTOR('',#6279,1.);
#6279 = DIRECTION('',(0.803207713973,-0.595699058429,0.));
#6280 = ORIENTED_EDGE('',*,*,#6281,.T.);
#6281 = EDGE_CURVE('',#6274,#5796,#6282,.T.);
#6282 = LINE('',#6283,#6284);
#6283 = CARTESIAN_POINT('',(1.078468561172,-6.685882091522,
    1.899999976158));
#6284 = VECTOR('',#6285,1.);
#6285 = DIRECTION('',(0.,0.,1.));
#6286 = ORIENTED_EDGE('',*,*,#5795,.F.);
#6287 = PLANE('',#6288);
#6288 = AXIS2_PLACEMENT_3D('',#6289,#6290,#6291);
#6289 = CARTESIAN_POINT('',(1.011468976736,-6.63619184494,2.449999988079
    ));
#6290 = DIRECTION('',(-0.595699058429,-0.803207713973,-0.));
#6291 = DIRECTION('',(-0.803207713973,0.595699058429,0.));
#6292 = ADVANCED_FACE('',(#6293),#6310,.T.);
#6293 = FACE_BOUND('',#6294,.T.);
#6294 = EDGE_LOOP('',(#6295,#6296,#6304));
#6295 = ORIENTED_EDGE('',*,*,#6273,.F.);
#6296 = ORIENTED_EDGE('',*,*,#6297,.T.);
#6297 = EDGE_CURVE('',#6244,#6298,#6300,.T.);
#6298 = VERTEX_POINT('',#6299);
#6299 = CARTESIAN_POINT('',(1.773461580276,-5.345827102661,0.));
#6300 = LINE('',#6301,#6302);
#6301 = CARTESIAN_POINT('',(0.9444693923,-6.586501598358,1.899999976158)
  );
#6302 = VECTOR('',#6303,1.);
#6303 = DIRECTION('',(0.343142214618,0.513548619936,-0.786461210429));
#6304 = ORIENTED_EDGE('',*,*,#6305,.T.);
#6305 = EDGE_CURVE('',#6298,#6274,#6306,.T.);
#6306 = LINE('',#6307,#6308);
#6307 = CARTESIAN_POINT('',(1.773461580276,-5.345827102661,0.));
#6308 = VECTOR('',#6309,1.);
#6309 = DIRECTION('',(-0.286396970588,-0.552218049221,0.78296360155));
#6310 = PLANE('',#6311);
#6311 = AXIS2_PLACEMENT_3D('',#6312,#6313,#6314);
#6312 = CARTESIAN_POINT('',(1.379848959752,-6.012549795788,
    0.981638261481));
#6313 = DIRECTION('',(-0.468709495328,-0.631981999859,-0.617179196704));
#6314 = DIRECTION('',(-5.551115123126E-17,0.698678373319,-0.715435902549
    ));
#6315 = ADVANCED_FACE('',(#6316),#6333,.T.);
#6316 = FACE_BOUND('',#6317,.T.);
#6317 = EDGE_LOOP('',(#6318,#6326,#6327));
#6318 = ORIENTED_EDGE('',*,*,#6319,.T.);
#6319 = EDGE_CURVE('',#6320,#6274,#6322,.T.);
#6320 = VERTEX_POINT('',#6321);
#6321 = CARTESIAN_POINT('',(2.025076389313,-5.532437324524,0.));
#6322 = LINE('',#6323,#6324);
#6323 = CARTESIAN_POINT('',(2.025076389313,-5.532437324524,0.));
#6324 = VECTOR('',#6325,1.);
#6325 = DIRECTION('',(-0.391826500152,-0.477441885369,0.786461213204));
#6326 = ORIENTED_EDGE('',*,*,#6305,.F.);
#6327 = ORIENTED_EDGE('',*,*,#6328,.F.);
#6328 = EDGE_CURVE('',#6320,#6298,#6329,.T.);
#6329 = LINE('',#6330,#6331);
#6330 = CARTESIAN_POINT('',(2.025076389313,-5.532437324524,0.));
#6331 = VECTOR('',#6332,1.);
#6332 = DIRECTION('',(-0.803207590604,0.595699224774,0.));
#6333 = PLANE('',#6334);
#6334 = AXIS2_PLACEMENT_3D('',#6335,#6336,#6337);
#6335 = CARTESIAN_POINT('',(1.51367258812,-6.024533895643,0.892278989932
    ));
#6336 = DIRECTION('',(-0.468709632167,-0.631981910819,-0.617179183958));
#6337 = DIRECTION('',(0.,0.698678416318,-0.715435860557));
#6338 = ADVANCED_FACE('',(#6339),#6356,.T.);
#6339 = FACE_BOUND('',#6340,.T.);
#6340 = EDGE_LOOP('',(#6341,#6349,#6350));
#6341 = ORIENTED_EDGE('',*,*,#6342,.F.);
#6342 = EDGE_CURVE('',#6274,#6343,#6345,.T.);
#6343 = VERTEX_POINT('',#6344);
#6344 = CARTESIAN_POINT('',(1.202081561089,-6.797918319702,
    1.899999976158));
#6345 = LINE('',#6346,#6347);
#6346 = CARTESIAN_POINT('',(1.078468561172,-6.685882091522,
    1.899999976158));
#6347 = VECTOR('',#6348,1.);
#6348 = DIRECTION('',(0.740951317281,-0.671558743089,0.));
#6349 = ORIENTED_EDGE('',*,*,#6319,.F.);
#6350 = ORIENTED_EDGE('',*,*,#6351,.F.);
#6351 = EDGE_CURVE('',#6343,#6320,#6352,.T.);
#6352 = LINE('',#6353,#6354);
#6353 = CARTESIAN_POINT('',(1.202081561089,-6.797918319702,
    1.899999976158));
#6354 = VECTOR('',#6355,1.);
#6355 = DIRECTION('',(0.339144739302,0.52148714364,-0.782963603766));
#6356 = PLANE('',#6357);
#6357 = AXIS2_PLACEMENT_3D('',#6358,#6359,#6360);
#6358 = CARTESIAN_POINT('',(1.568008827838,-6.157368758698,
    0.981638278333));
#6359 = DIRECTION('',(-0.528397612498,-0.582997259819,-0.617179194521));
#6360 = DIRECTION('',(-2.775557561563E-17,-0.726950943379,0.68668939552)
  );
#6361 = ADVANCED_FACE('',(#6362),#6379,.T.);
#6362 = FACE_BOUND('',#6363,.T.);
#6363 = EDGE_LOOP('',(#6364,#6372,#6373));
#6364 = ORIENTED_EDGE('',*,*,#6365,.T.);
#6365 = EDGE_CURVE('',#6366,#6343,#6368,.T.);
#6366 = VERTEX_POINT('',#6367);
#6367 = CARTESIAN_POINT('',(2.257188558578,-5.74281167984,0.));
#6368 = LINE('',#6369,#6370);
#6369 = CARTESIAN_POINT('',(2.257188558578,-5.74281167984,0.));
#6370 = VECTOR('',#6371,1.);
#6371 = DIRECTION('',(-0.43673724689,-0.436737098858,0.786461241042));
#6372 = ORIENTED_EDGE('',*,*,#6351,.T.);
#6373 = ORIENTED_EDGE('',*,*,#6374,.F.);
#6374 = EDGE_CURVE('',#6366,#6320,#6375,.T.);
#6375 = LINE('',#6376,#6377);
#6376 = CARTESIAN_POINT('',(2.257188558578,-5.74281167984,0.));
#6377 = VECTOR('',#6378,1.);
#6378 = DIRECTION('',(-0.740950890575,0.671559213887,0.));
#6379 = PLANE('',#6380);
#6380 = AXIS2_PLACEMENT_3D('',#6381,#6382,#6383);
#6381 = CARTESIAN_POINT('',(1.700013431166,-6.182412199463,
    0.892278977444));
#6382 = DIRECTION('',(-0.528398003531,-0.582996946804,-0.617179155417));
#6383 = DIRECTION('',(0.,-0.726951105706,0.686689223676));
#6384 = ADVANCED_FACE('',(#6385),#6408,.T.);
#6385 = FACE_BOUND('',#6386,.T.);
#6386 = EDGE_LOOP('',(#6387,#6395,#6401,#6402));
#6387 = ORIENTED_EDGE('',*,*,#6388,.T.);
#6388 = EDGE_CURVE('',#6343,#6389,#6391,.T.);
#6389 = VERTEX_POINT('',#6390);
#6390 = CARTESIAN_POINT('',(1.314117789268,-6.921531200409,
    1.899999976158));
#6391 = LINE('',#6392,#6393);
#6392 = CARTESIAN_POINT('',(1.202081561089,-6.797918319702,
    1.899999976158));
#6393 = VECTOR('',#6394,1.);
#6394 = DIRECTION('',(0.671559098646,-0.740950995023,0.));
#6395 = ORIENTED_EDGE('',*,*,#6396,.T.);
#6396 = EDGE_CURVE('',#6389,#5812,#6397,.T.);
#6397 = LINE('',#6398,#6399);
#6398 = CARTESIAN_POINT('',(1.314117789268,-6.921531200409,
    1.899999976158));
#6399 = VECTOR('',#6400,1.);
#6400 = DIRECTION('',(0.,0.,1.));
#6401 = ORIENTED_EDGE('',*,*,#5811,.F.);
#6402 = ORIENTED_EDGE('',*,*,#6403,.F.);
#6403 = EDGE_CURVE('',#6343,#5804,#6404,.T.);
#6404 = LINE('',#6405,#6406);
#6405 = CARTESIAN_POINT('',(1.202081561089,-6.797918319702,
    1.899999976158));
#6406 = VECTOR('',#6407,1.);
#6407 = DIRECTION('',(0.,0.,1.));
#6408 = PLANE('',#6409);
#6409 = AXIS2_PLACEMENT_3D('',#6410,#6411,#6412);
#6410 = CARTESIAN_POINT('',(1.258099675179,-6.859724760056,
    2.449999988079));
#6411 = DIRECTION('',(-0.740950995023,-0.671559098646,-0.));
#6412 = DIRECTION('',(0.671559098646,-0.740950995023,0.));
#6413 = ADVANCED_FACE('',(#6414),#6432,.T.);
#6414 = FACE_BOUND('',#6415,.T.);
#6415 = EDGE_LOOP('',(#6416,#6417,#6425,#6431));
#6416 = ORIENTED_EDGE('',*,*,#6396,.F.);
#6417 = ORIENTED_EDGE('',*,*,#6418,.T.);
#6418 = EDGE_CURVE('',#6389,#6419,#6421,.T.);
#6419 = VERTEX_POINT('',#6420);
#6420 = CARTESIAN_POINT('',(1.413498282433,-7.055530548096,
    1.899999976158));
#6421 = LINE('',#6422,#6423);
#6422 = CARTESIAN_POINT('',(1.314117789268,-6.921531200409,
    1.899999976158));
#6423 = VECTOR('',#6424,1.);
#6424 = DIRECTION('',(0.59569854559,-0.803208094321,0.));
#6425 = ORIENTED_EDGE('',*,*,#6426,.T.);
#6426 = EDGE_CURVE('',#6419,#5820,#6427,.T.);
#6427 = LINE('',#6428,#6429);
#6428 = CARTESIAN_POINT('',(1.413498282433,-7.055530548096,
    1.899999976158));
#6429 = VECTOR('',#6430,1.);
#6430 = DIRECTION('',(0.,0.,1.));
#6431 = ORIENTED_EDGE('',*,*,#5819,.F.);
#6432 = PLANE('',#6433);
#6433 = AXIS2_PLACEMENT_3D('',#6434,#6435,#6436);
#6434 = CARTESIAN_POINT('',(1.363808035851,-6.988530874252,
    2.449999988079));
#6435 = DIRECTION('',(-0.803208094321,-0.59569854559,-0.));
#6436 = DIRECTION('',(0.59569854559,-0.803208094321,0.));
#6437 = ADVANCED_FACE('',(#6438),#6462,.T.);
#6438 = FACE_BOUND('',#6439,.T.);
#6439 = EDGE_LOOP('',(#6440,#6448,#6456));
#6440 = ORIENTED_EDGE('',*,*,#6441,.T.);
#6441 = EDGE_CURVE('',#6442,#6419,#6444,.T.);
#6442 = VERTEX_POINT('',#6443);
#6443 = CARTESIAN_POINT('',(2.654172897339,-6.226538181305,0.));
#6444 = LINE('',#6445,#6446);
#6445 = CARTESIAN_POINT('',(2.654172897339,-6.226538181305,0.));
#6446 = VECTOR('',#6447,1.);
#6447 = DIRECTION('',(-0.513548643223,-0.343142271223,0.786461170525));
#6448 = ORIENTED_EDGE('',*,*,#6449,.T.);
#6449 = EDGE_CURVE('',#6419,#6450,#6452,.T.);
#6450 = VERTEX_POINT('',#6451);
#6451 = CARTESIAN_POINT('',(2.467562675476,-5.974923610687,0.));
#6452 = LINE('',#6453,#6454);
#6453 = CARTESIAN_POINT('',(1.413498282433,-7.055530548096,
    1.899999976158));
#6454 = VECTOR('',#6455,1.);
#6455 = DIRECTION('',(0.434365280948,0.445303094441,-0.782963573091));
#6456 = ORIENTED_EDGE('',*,*,#6457,.F.);
#6457 = EDGE_CURVE('',#6442,#6450,#6458,.T.);
#6458 = LINE('',#6459,#6460);
#6459 = CARTESIAN_POINT('',(2.654172897339,-6.226538181305,0.));
#6460 = VECTOR('',#6461,1.);
#6461 = DIRECTION('',(-0.595699588929,0.803207320528,0.));
#6462 = PLANE('',#6463);
#6463 = AXIS2_PLACEMENT_3D('',#6464,#6465,#6466);
#6464 = CARTESIAN_POINT('',(2.021941841736,-6.548992761,0.892279025529)
  );
#6465 = DIRECTION('',(-0.631981665426,-0.4687098943,-0.617179236163));
#6466 = DIRECTION('',(0.698678585427,0.,-0.715435695409));
#6467 = ADVANCED_FACE('',(#6468),#6485,.T.);
#6468 = FACE_BOUND('',#6469,.T.);
#6469 = EDGE_LOOP('',(#6470,#6478,#6479));
#6470 = ORIENTED_EDGE('',*,*,#6471,.F.);
#6471 = EDGE_CURVE('',#6419,#6472,#6474,.T.);
#6472 = VERTEX_POINT('',#6473);
#6473 = CARTESIAN_POINT('',(1.499266147614,-7.198625564575,
    1.899999976158));
#6474 = LINE('',#6475,#6476);
#6475 = CARTESIAN_POINT('',(1.413498282433,-7.055530548096,
    1.899999976158));
#6476 = VECTOR('',#6477,1.);
#6477 = DIRECTION('',(0.514102801426,-0.857728575696,0.));
#6478 = ORIENTED_EDGE('',*,*,#6441,.F.);
#6479 = ORIENTED_EDGE('',*,*,#6480,.F.);
#6480 = EDGE_CURVE('',#6472,#6442,#6481,.T.);
#6481 = LINE('',#6482,#6483);
#6482 = CARTESIAN_POINT('',(1.499266147614,-7.198625564575,
    1.899999976158));
#6483 = VECTOR('',#6484,1.);
#6484 = DIRECTION('',(0.475920998559,0.400583681966,-0.782963547602));
#6485 = PLANE('',#6486);
#6486 = AXIS2_PLACEMENT_3D('',#6487,#6488,#6489);
#6487 = CARTESIAN_POINT('',(2.035378455217,-6.69188074209,0.98163828754)
  );
#6488 = DIRECTION('',(-0.674880216695,-0.404507696095,-0.617179242127));
#6489 = DIRECTION('',(0.674856091952,-2.775557561563E-17,-0.737949358123
    ));
#6490 = ADVANCED_FACE('',(#6491),#6517,.T.);
#6491 = FACE_BOUND('',#6492,.T.);
#6492 = EDGE_LOOP('',(#6493,#6503,#6511));
#6493 = ORIENTED_EDGE('',*,*,#6494,.T.);
#6494 = EDGE_CURVE('',#6495,#6497,#6499,.T.);
#6495 = VERTEX_POINT('',#6496);
#6496 = CARTESIAN_POINT('',(3.054693937302,-7.073368549347,0.));
#6497 = VERTEX_POINT('',#6498);
#6498 = CARTESIAN_POINT('',(1.626798629761,-7.506515979767,
    1.899999976158));
#6499 = LINE('',#6500,#6501);
#6500 = CARTESIAN_POINT('',(3.054693937302,-7.073368549347,0.));
#6501 = VECTOR('',#6502,1.);
#6502 = DIRECTION('',(-0.59104433809,-0.179291391292,0.786461179856));
#6503 = ORIENTED_EDGE('',*,*,#6504,.T.);
#6504 = EDGE_CURVE('',#6497,#6505,#6507,.T.);
#6505 = VERTEX_POINT('',#6506);
#6506 = CARTESIAN_POINT('',(2.949158906937,-6.778418540955,0.));
#6507 = LINE('',#6508,#6509);
#6508 = CARTESIAN_POINT('',(1.626798629761,-7.506515979767,
    1.899999976158));
#6509 = VECTOR('',#6510,1.);
#6510 = DIRECTION('',(0.544926308305,0.30003884438,-0.782963607315));
#6511 = ORIENTED_EDGE('',*,*,#6512,.F.);
#6512 = EDGE_CURVE('',#6495,#6505,#6513,.T.);
#6513 = LINE('',#6514,#6515);
#6514 = CARTESIAN_POINT('',(3.054693937302,-7.073368549347,0.));
#6515 = VECTOR('',#6516,1.);
#6516 = DIRECTION('',(-0.336890503878,0.941543832435,0.));
#6517 = PLANE('',#6518);
#6518 = AXIS2_PLACEMENT_3D('',#6519,#6520,#6521);
#6519 = CARTESIAN_POINT('',(2.356082910108,-7.198411434413,
    0.892279056329));
#6520 = DIRECTION('',(-0.740827971274,-0.265073063974,-0.617179218488));
#6521 = DIRECTION('',(0.640075799292,0.,-0.768311766902));
#6522 = ADVANCED_FACE('',(#6523),#6540,.T.);
#6523 = FACE_BOUND('',#6524,.T.);
#6524 = EDGE_LOOP('',(#6525,#6533,#6539));
#6525 = ORIENTED_EDGE('',*,*,#6526,.F.);
#6526 = EDGE_CURVE('',#6527,#6497,#6529,.T.);
#6527 = VERTEX_POINT('',#6528);
#6528 = CARTESIAN_POINT('',(1.570595264435,-7.34943819046,1.899999976158
    ));
#6529 = LINE('',#6530,#6531);
#6530 = CARTESIAN_POINT('',(1.570595264435,-7.34943819046,1.899999976158
    ));
#6531 = VECTOR('',#6532,1.);
#6532 = DIRECTION('',(0.336890032046,-0.94154400126,0.));
#6533 = ORIENTED_EDGE('',*,*,#6534,.T.);
#6534 = EDGE_CURVE('',#6527,#6505,#6535,.T.);
#6535 = LINE('',#6536,#6537);
#6536 = CARTESIAN_POINT('',(1.570595264435,-7.34943819046,1.899999976158
    ));
#6537 = VECTOR('',#6538,1.);
#6538 = DIRECTION('',(0.570624659687,0.23636042844,-0.78646121686));
#6539 = ORIENTED_EDGE('',*,*,#6504,.F.);
#6540 = PLANE('',#6541);
#6541 = AXIS2_PLACEMENT_3D('',#6542,#6543,#6544);
#6542 = CARTESIAN_POINT('',(2.251470682774,-7.114098681365,
    0.981638256492));
#6543 = DIRECTION('',(-0.740828126886,-0.265072700876,-0.617179187647));
#6544 = DIRECTION('',(0.640075701046,0.,-0.76831184875));
#6545 = ADVANCED_FACE('',(#6546),#6563,.T.);
#6546 = FACE_BOUND('',#6547,.T.);
#6547 = EDGE_LOOP('',(#6548,#6549,#6557));
#6548 = ORIENTED_EDGE('',*,*,#6534,.F.);
#6549 = ORIENTED_EDGE('',*,*,#6550,.F.);
#6550 = EDGE_CURVE('',#6551,#6527,#6553,.T.);
#6551 = VERTEX_POINT('',#6552);
#6552 = CARTESIAN_POINT('',(2.815222024918,-6.495232582092,0.));
#6553 = LINE('',#6554,#6555);
#6554 = CARTESIAN_POINT('',(2.815222024918,-6.495232582092,0.));
#6555 = VECTOR('',#6556,1.);
#6556 = DIRECTION('',(-0.512893387553,-0.352006257662,0.782963579977));
#6557 = ORIENTED_EDGE('',*,*,#6558,.F.);
#6558 = EDGE_CURVE('',#6505,#6551,#6559,.T.);
#6559 = LINE('',#6560,#6561);
#6560 = CARTESIAN_POINT('',(2.949158906937,-6.778418540955,0.));
#6561 = VECTOR('',#6562,1.);
#6562 = DIRECTION('',(-0.427554828521,0.903989418416,0.));
#6563 = PLANE('',#6564);
#6564 = AXIS2_PLACEMENT_3D('',#6565,#6566,#6567);
#6565 = CARTESIAN_POINT('',(2.266168344453,-6.971334889818,
    0.892278993695));
#6566 = DIRECTION('',(-0.711279331664,-0.336409814634,-0.61717918708));
#6567 = DIRECTION('',(0.655377408582,0.,-0.755301563828));
#6568 = ADVANCED_FACE('',(#6569),#6584,.T.);
#6569 = FACE_BOUND('',#6570,.T.);
#6570 = EDGE_LOOP('',(#6571,#6577,#6583));
#6571 = ORIENTED_EDGE('',*,*,#6572,.F.);
#6572 = EDGE_CURVE('',#6472,#6527,#6573,.T.);
#6573 = LINE('',#6574,#6575);
#6574 = CARTESIAN_POINT('',(1.499266147614,-7.198625564575,
    1.899999976158));
#6575 = VECTOR('',#6576,1.);
#6576 = DIRECTION('',(0.427555372726,-0.903989161026,0.));
#6577 = ORIENTED_EDGE('',*,*,#6578,.T.);
#6578 = EDGE_CURVE('',#6472,#6551,#6579,.T.);
#6579 = LINE('',#6580,#6581);
#6580 = CARTESIAN_POINT('',(1.499266147614,-7.198625564575,
    1.899999976158));
#6581 = VECTOR('',#6582,1.);
#6582 = DIRECTION('',(0.544709598905,0.291153309901,-0.786461189757));
#6583 = ORIENTED_EDGE('',*,*,#6550,.T.);
#6584 = PLANE('',#6585);
#6585 = AXIS2_PLACEMENT_3D('',#6586,#6587,#6588);
#6586 = CARTESIAN_POINT('',(2.153795715341,-6.897681813394,
    0.981638277885));
#6587 = DIRECTION('',(-0.711279102874,-0.336410230401,-0.617179224129));
#6588 = DIRECTION('',(0.655377551288,2.775557561563E-17,-0.755301440001)
  );
#6589 = ADVANCED_FACE('',(#6590),#6600,.T.);
#6590 = FACE_BOUND('',#6591,.T.);
#6591 = EDGE_LOOP('',(#6592,#6593,#6594));
#6592 = ORIENTED_EDGE('',*,*,#6578,.F.);
#6593 = ORIENTED_EDGE('',*,*,#6480,.T.);
#6594 = ORIENTED_EDGE('',*,*,#6595,.F.);
#6595 = EDGE_CURVE('',#6551,#6442,#6596,.T.);
#6596 = LINE('',#6597,#6598);
#6597 = CARTESIAN_POINT('',(2.815222024918,-6.495232582092,0.));
#6598 = VECTOR('',#6599,1.);
#6599 = DIRECTION('',(-0.514102512953,0.8577287486,0.));
#6600 = PLANE('',#6601);
#6601 = AXIS2_PLACEMENT_3D('',#6602,#6603,#6604);
#6602 = CARTESIAN_POINT('',(2.154429298471,-6.75416474674,0.892278960712
    ));
#6603 = DIRECTION('',(-0.674880366665,-0.404507477465,-0.617179221429));
#6604 = DIRECTION('',(0.674855997961,0.,-0.737949444078));
#6605 = ADVANCED_FACE('',(#6606),#6616,.T.);
#6606 = FACE_BOUND('',#6607,.T.);
#6607 = EDGE_LOOP('',(#6608,#6609,#6610));
#6608 = ORIENTED_EDGE('',*,*,#6449,.F.);
#6609 = ORIENTED_EDGE('',*,*,#6418,.F.);
#6610 = ORIENTED_EDGE('',*,*,#6611,.F.);
#6611 = EDGE_CURVE('',#6450,#6389,#6612,.T.);
#6612 = LINE('',#6613,#6614);
#6613 = CARTESIAN_POINT('',(2.467562675476,-5.974923610687,0.));
#6614 = VECTOR('',#6615,1.);
#6615 = DIRECTION('',(-0.477441941926,-0.391826407385,0.786461225087));
#6616 = PLANE('',#6617);
#6617 = AXIS2_PLACEMENT_3D('',#6618,#6619,#6620);
#6618 = CARTESIAN_POINT('',(1.897359450271,-6.49867773584,0.981638287539
    ));
#6619 = DIRECTION('',(-0.63198232463,-0.46870911073,-0.617179156222));
#6620 = DIRECTION('',(0.698678166085,-2.775557561563E-17,-0.715436104929
    ));
#6621 = ADVANCED_FACE('',(#6622),#6633,.T.);
#6622 = FACE_BOUND('',#6623,.T.);
#6623 = EDGE_LOOP('',(#6624,#6625,#6631,#6632));
#6624 = ORIENTED_EDGE('',*,*,#6471,.T.);
#6625 = ORIENTED_EDGE('',*,*,#6626,.T.);
#6626 = EDGE_CURVE('',#6472,#5828,#6627,.T.);
#6627 = LINE('',#6628,#6629);
#6628 = CARTESIAN_POINT('',(1.499266147614,-7.198625564575,
    1.899999976158));
#6629 = VECTOR('',#6630,1.);
#6630 = DIRECTION('',(0.,0.,1.));
#6631 = ORIENTED_EDGE('',*,*,#5827,.F.);
#6632 = ORIENTED_EDGE('',*,*,#6426,.F.);
#6633 = PLANE('',#6634);
#6634 = AXIS2_PLACEMENT_3D('',#6635,#6636,#6637);
#6635 = CARTESIAN_POINT('',(1.456382215023,-7.127078056335,
    2.449999988079));
#6636 = DIRECTION('',(-0.857728575696,-0.514102801426,-0.));
#6637 = DIRECTION('',(0.514102801426,-0.857728575696,0.));
#6638 = ADVANCED_FACE('',(#6639),#6650,.T.);
#6639 = FACE_BOUND('',#6640,.T.);
#6640 = EDGE_LOOP('',(#6641,#6642,#6643,#6649));
#6641 = ORIENTED_EDGE('',*,*,#6626,.F.);
#6642 = ORIENTED_EDGE('',*,*,#6572,.T.);
#6643 = ORIENTED_EDGE('',*,*,#6644,.T.);
#6644 = EDGE_CURVE('',#6527,#5836,#6645,.T.);
#6645 = LINE('',#6646,#6647);
#6646 = CARTESIAN_POINT('',(1.570595264435,-7.34943819046,1.899999976158
    ));
#6647 = VECTOR('',#6648,1.);
#6648 = DIRECTION('',(0.,0.,1.));
#6649 = ORIENTED_EDGE('',*,*,#5835,.F.);
#6650 = PLANE('',#6651);
#6651 = AXIS2_PLACEMENT_3D('',#6652,#6653,#6654);
#6652 = CARTESIAN_POINT('',(1.534930706024,-7.274031877518,
    2.449999988079));
#6653 = DIRECTION('',(-0.903989161026,-0.427555372726,-0.));
#6654 = DIRECTION('',(0.427555372726,-0.903989161026,0.));
#6655 = ADVANCED_FACE('',(#6656),#6679,.T.);
#6656 = FACE_BOUND('',#6657,.T.);
#6657 = EDGE_LOOP('',(#6658,#6666,#6672,#6673));
#6658 = ORIENTED_EDGE('',*,*,#6659,.T.);
#6659 = EDGE_CURVE('',#6497,#6660,#6662,.T.);
#6660 = VERTEX_POINT('',#6661);
#6661 = CARTESIAN_POINT('',(1.667335033417,-7.668346405029,
    1.899999976158));
#6662 = LINE('',#6663,#6664);
#6663 = CARTESIAN_POINT('',(1.626798629761,-7.506515979767,
    1.899999976158));
#6664 = VECTOR('',#6665,1.);
#6665 = DIRECTION('',(0.242980136843,-0.970031263981,0.));
#6666 = ORIENTED_EDGE('',*,*,#6667,.T.);
#6667 = EDGE_CURVE('',#6660,#5852,#6668,.T.);
#6668 = LINE('',#6669,#6670);
#6669 = CARTESIAN_POINT('',(1.667335033417,-7.668346405029,
    1.899999976158));
#6670 = VECTOR('',#6671,1.);
#6671 = DIRECTION('',(0.,0.,1.));
#6672 = ORIENTED_EDGE('',*,*,#5851,.F.);
#6673 = ORIENTED_EDGE('',*,*,#6674,.F.);
#6674 = EDGE_CURVE('',#6497,#5844,#6675,.T.);
#6675 = LINE('',#6676,#6677);
#6676 = CARTESIAN_POINT('',(1.626798629761,-7.506515979767,
    1.899999976158));
#6677 = VECTOR('',#6678,1.);
#6678 = DIRECTION('',(0.,0.,1.));
#6679 = PLANE('',#6680);
#6680 = AXIS2_PLACEMENT_3D('',#6681,#6682,#6683);
#6681 = CARTESIAN_POINT('',(1.647066831589,-7.587431192398,
    2.449999988079));
#6682 = DIRECTION('',(-0.970031263981,-0.242980136843,-0.));
#6683 = DIRECTION('',(0.242980136843,-0.970031263981,0.));
#6684 = ADVANCED_FACE('',(#6685),#6703,.T.);
#6685 = FACE_BOUND('',#6686,.T.);
#6686 = EDGE_LOOP('',(#6687,#6688,#6696,#6702));
#6687 = ORIENTED_EDGE('',*,*,#6667,.F.);
#6688 = ORIENTED_EDGE('',*,*,#6689,.T.);
#6689 = EDGE_CURVE('',#6660,#6690,#6692,.T.);
#6690 = VERTEX_POINT('',#6691);
#6691 = CARTESIAN_POINT('',(1.69181406498,-7.833370685577,1.899999976158
    ));
#6692 = LINE('',#6693,#6694);
#6693 = CARTESIAN_POINT('',(1.667335033417,-7.668346405029,
    1.899999976158));
#6694 = VECTOR('',#6695,1.);
#6695 = DIRECTION('',(0.146730427182,-0.989176516977,0.));
#6696 = ORIENTED_EDGE('',*,*,#6697,.T.);
#6697 = EDGE_CURVE('',#6690,#5860,#6698,.T.);
#6698 = LINE('',#6699,#6700);
#6699 = CARTESIAN_POINT('',(1.69181406498,-7.833370685577,1.899999976158
    ));
#6700 = VECTOR('',#6701,1.);
#6701 = DIRECTION('',(0.,0.,1.));
#6702 = ORIENTED_EDGE('',*,*,#5859,.F.);
#6703 = PLANE('',#6704);
#6704 = AXIS2_PLACEMENT_3D('',#6705,#6706,#6707);
#6705 = CARTESIAN_POINT('',(1.679574549198,-7.750858545303,
    2.449999988079));
#6706 = DIRECTION('',(-0.989176516977,-0.146730427182,-0.));
#6707 = DIRECTION('',(0.146730427182,-0.989176516977,0.));
#6708 = ADVANCED_FACE('',(#6709),#6733,.T.);
#6709 = FACE_BOUND('',#6710,.T.);
#6710 = EDGE_LOOP('',(#6711,#6719,#6727));
#6711 = ORIENTED_EDGE('',*,*,#6712,.T.);
#6712 = EDGE_CURVE('',#6713,#6690,#6715,.T.);
#6713 = VERTEX_POINT('',#6714);
#6714 = CARTESIAN_POINT('',(3.176775455475,-7.687114715576,0.));
#6715 = LINE('',#6716,#6717);
#6716 = CARTESIAN_POINT('',(3.176775455475,-7.687114715576,0.));
#6717 = VECTOR('',#6718,1.);
#6718 = DIRECTION('',(-0.614665557088,-6.053928934021E-02,0.786461217973
    ));
#6719 = ORIENTED_EDGE('',*,*,#6720,.T.);
#6720 = EDGE_CURVE('',#6690,#6721,#6723,.T.);
#6721 = VERTEX_POINT('',#6722);
#6722 = CARTESIAN_POINT('',(3.130810499191,-7.377243041992,0.));
#6723 = LINE('',#6724,#6725);
#6724 = CARTESIAN_POINT('',(1.69181406498,-7.833370685577,1.899999976158
    ));
#6725 = VECTOR('',#6726,1.);
#6726 = DIRECTION('',(0.592990419747,0.187963858976,-0.782963568633));
#6727 = ORIENTED_EDGE('',*,*,#6728,.F.);
#6728 = EDGE_CURVE('',#6713,#6721,#6729,.T.);
#6729 = LINE('',#6730,#6731);
#6730 = CARTESIAN_POINT('',(3.176775455475,-7.687114715576,0.));
#6731 = VECTOR('',#6732,1.);
#6732 = DIRECTION('',(-0.146729960868,0.989176586148,0.));
#6733 = PLANE('',#6734);
#6734 = AXIS2_PLACEMENT_3D('',#6735,#6736,#6737);
#6735 = CARTESIAN_POINT('',(2.46719358275,-7.673462584127,0.892279033928
    ));
#6736 = DIRECTION('',(-0.778306519477,-0.11545045318,-0.617179191645));
#6737 = DIRECTION('',(0.621333902298,1.387778780781E-17,-0.783545902838)
  );
#6738 = ADVANCED_FACE('',(#6739),#6749,.T.);
#6739 = FACE_BOUND('',#6740,.T.);
#6740 = EDGE_LOOP('',(#6741,#6742,#6743));
#6741 = ORIENTED_EDGE('',*,*,#6720,.F.);
#6742 = ORIENTED_EDGE('',*,*,#6689,.F.);
#6743 = ORIENTED_EDGE('',*,*,#6744,.F.);
#6744 = EDGE_CURVE('',#6721,#6660,#6745,.T.);
#6745 = LINE('',#6746,#6747);
#6746 = CARTESIAN_POINT('',(3.130810499191,-7.377243041992,0.));
#6747 = VECTOR('',#6748,1.);
#6748 = DIRECTION('',(-0.605771929314,-0.120495525877,0.786461186518));
#6749 = PLANE('',#6750);
#6750 = AXIS2_PLACEMENT_3D('',#6751,#6752,#6753);
#6751 = CARTESIAN_POINT('',(2.381040140066,-7.570361013975,
    0.981638247448));
#6752 = DIRECTION('',(-0.778306442541,-0.115450816748,-0.617179220657));
#6753 = DIRECTION('',(0.621333957938,6.938893903907E-18,-0.783545858718)
  );
#6754 = ADVANCED_FACE('',(#6755),#6773,.T.);
#6755 = FACE_BOUND('',#6756,.T.);
#6756 = EDGE_LOOP('',(#6757,#6758,#6766,#6772));
#6757 = ORIENTED_EDGE('',*,*,#6697,.F.);
#6758 = ORIENTED_EDGE('',*,*,#6759,.T.);
#6759 = EDGE_CURVE('',#6690,#6760,#6762,.T.);
#6760 = VERTEX_POINT('',#6761);
#6761 = CARTESIAN_POINT('',(1.700000047684,-8.,1.899999976158));
#6762 = LINE('',#6763,#6764);
#6763 = CARTESIAN_POINT('',(1.69181406498,-7.833370685577,1.899999976158
    ));
#6764 = VECTOR('',#6765,1.);
#6765 = DIRECTION('',(4.906773058031E-02,-0.998795453442,0.));
#6766 = ORIENTED_EDGE('',*,*,#6767,.T.);
#6767 = EDGE_CURVE('',#6760,#5868,#6768,.T.);
#6768 = LINE('',#6769,#6770);
#6769 = CARTESIAN_POINT('',(1.700000047684,-8.,1.899999976158));
#6770 = VECTOR('',#6771,1.);
#6771 = DIRECTION('',(0.,0.,1.));
#6772 = ORIENTED_EDGE('',*,*,#5867,.F.);
#6773 = PLANE('',#6774);
#6774 = AXIS2_PLACEMENT_3D('',#6775,#6776,#6777);
#6775 = CARTESIAN_POINT('',(1.695907056332,-7.916685342789,
    2.449999988079));
#6776 = DIRECTION('',(-0.998795453442,-4.906773058031E-02,-0.));
#6777 = DIRECTION('',(4.906773058031E-02,-0.998795453442,0.));
#6778 = ADVANCED_FACE('',(#6779),#6797,.T.);
#6779 = FACE_BOUND('',#6780,.T.);
#6780 = EDGE_LOOP('',(#6781,#6782,#6790,#6796));
#6781 = ORIENTED_EDGE('',*,*,#6767,.F.);
#6782 = ORIENTED_EDGE('',*,*,#6783,.T.);
#6783 = EDGE_CURVE('',#6760,#6784,#6786,.T.);
#6784 = VERTEX_POINT('',#6785);
#6785 = CARTESIAN_POINT('',(1.69181406498,-8.166628837585,1.899999976158
    ));
#6786 = LINE('',#6787,#6788);
#6787 = CARTESIAN_POINT('',(1.700000047684,-8.,1.899999976158));
#6788 = VECTOR('',#6789,1.);
#6789 = DIRECTION('',(-4.906787065801E-02,-0.99879544656,0.));
#6790 = ORIENTED_EDGE('',*,*,#6791,.T.);
#6791 = EDGE_CURVE('',#6784,#5876,#6792,.T.);
#6792 = LINE('',#6793,#6794);
#6793 = CARTESIAN_POINT('',(1.69181406498,-8.166628837585,1.899999976158
    ));
#6794 = VECTOR('',#6795,1.);
#6795 = DIRECTION('',(0.,0.,1.));
#6796 = ORIENTED_EDGE('',*,*,#5875,.F.);
#6797 = PLANE('',#6798);
#6798 = AXIS2_PLACEMENT_3D('',#6799,#6800,#6801);
#6799 = CARTESIAN_POINT('',(1.695907056332,-8.083314418793,
    2.449999988079));
#6800 = DIRECTION('',(-0.99879544656,4.906787065801E-02,-0.));
#6801 = DIRECTION('',(-4.906787065801E-02,-0.99879544656,0.));
#6802 = ADVANCED_FACE('',(#6803),#6827,.T.);
#6803 = FACE_BOUND('',#6804,.T.);
#6804 = EDGE_LOOP('',(#6805,#6813,#6821));
#6805 = ORIENTED_EDGE('',*,*,#6806,.F.);
#6806 = EDGE_CURVE('',#6784,#6807,#6809,.T.);
#6807 = VERTEX_POINT('',#6808);
#6808 = CARTESIAN_POINT('',(3.176775455475,-8.312885284424,0.));
#6809 = LINE('',#6810,#6811);
#6810 = CARTESIAN_POINT('',(1.69181406498,-8.166628837585,1.899999976158
    ));
#6811 = VECTOR('',#6812,1.);
#6812 = DIRECTION('',(0.614665549743,-6.053948599258E-02,-0.786461208576
    ));
#6813 = ORIENTED_EDGE('',*,*,#6814,.T.);
#6814 = EDGE_CURVE('',#6784,#6815,#6817,.T.);
#6815 = VERTEX_POINT('',#6816);
#6816 = CARTESIAN_POINT('',(3.192146539688,-8.,0.));
#6817 = LINE('',#6818,#6819);
#6818 = CARTESIAN_POINT('',(1.69181406498,-8.166628837585,1.899999976158
    ));
#6819 = VECTOR('',#6820,1.);
#6820 = DIRECTION('',(0.618266173279,6.866542950211E-02,-0.782963599263)
  );
#6821 = ORIENTED_EDGE('',*,*,#6822,.F.);
#6822 = EDGE_CURVE('',#6807,#6815,#6823,.T.);
#6823 = LINE('',#6824,#6825);
#6824 = CARTESIAN_POINT('',(3.176775455475,-8.312885284424,0.));
#6825 = VECTOR('',#6826,1.);
#6826 = DIRECTION('',(4.906772480305E-02,0.998795453725,0.));
#6827 = PLANE('',#6828);
#6828 = AXIS2_PLACEMENT_3D('',#6829,#6830,#6831);
#6829 = CARTESIAN_POINT('',(2.483491420367,-8.161062556746,
    0.892278966855));
#6830 = DIRECTION('',(-0.785874865079,3.860759624558E-02,-0.617179187877
    ));
#6831 = DIRECTION('',(0.617639669854,3.469446951954E-18,-0.786461212154)
  );
#6832 = ADVANCED_FACE('',(#6833),#6843,.T.);
#6833 = FACE_BOUND('',#6834,.T.);
#6834 = EDGE_LOOP('',(#6835,#6836,#6837));
#6835 = ORIENTED_EDGE('',*,*,#6814,.F.);
#6836 = ORIENTED_EDGE('',*,*,#6783,.F.);
#6837 = ORIENTED_EDGE('',*,*,#6838,.F.);
#6838 = EDGE_CURVE('',#6815,#6760,#6839,.T.);
#6839 = LINE('',#6840,#6841);
#6840 = CARTESIAN_POINT('',(3.192146539688,-8.,0.));
#6841 = VECTOR('',#6842,1.);
#6842 = DIRECTION('',(-0.617639663609,0.,0.786461217058));
#6843 = PLANE('',#6844);
#6844 = AXIS2_PLACEMENT_3D('',#6845,#6846,#6847);
#6845 = CARTESIAN_POINT('',(2.419107458072,-8.043134281504,
    0.981638217691));
#6846 = DIRECTION('',(-0.785874866482,3.860771135346E-02,-0.61717917889)
  );
#6847 = DIRECTION('',(0.617639663609,0.,-0.786461217058));
#6848 = ADVANCED_FACE('',(#6849),#6867,.T.);
#6849 = FACE_BOUND('',#6850,.T.);
#6850 = EDGE_LOOP('',(#6851,#6852,#6860,#6866));
#6851 = ORIENTED_EDGE('',*,*,#6791,.F.);
#6852 = ORIENTED_EDGE('',*,*,#6853,.T.);
#6853 = EDGE_CURVE('',#6784,#6854,#6856,.T.);
#6854 = VERTEX_POINT('',#6855);
#6855 = CARTESIAN_POINT('',(1.667335033417,-8.331653594971,
    1.899999976158));
#6856 = LINE('',#6857,#6858);
#6857 = CARTESIAN_POINT('',(1.69181406498,-8.166628837585,1.899999976158
    ));
#6858 = VECTOR('',#6859,1.);
#6859 = DIRECTION('',(-0.146730012334,-0.989176578514,0.));
#6860 = ORIENTED_EDGE('',*,*,#6861,.T.);
#6861 = EDGE_CURVE('',#6854,#5884,#6862,.T.);
#6862 = LINE('',#6863,#6864);
#6863 = CARTESIAN_POINT('',(1.667335033417,-8.331653594971,
    1.899999976158));
#6864 = VECTOR('',#6865,1.);
#6865 = DIRECTION('',(0.,0.,1.));
#6866 = ORIENTED_EDGE('',*,*,#5883,.F.);
#6867 = PLANE('',#6868);
#6868 = AXIS2_PLACEMENT_3D('',#6869,#6870,#6871);
#6869 = CARTESIAN_POINT('',(1.679574549198,-8.249141216278,
    2.449999988079));
#6870 = DIRECTION('',(-0.989176578514,0.146730012334,-0.));
#6871 = DIRECTION('',(-0.146730012334,-0.989176578514,0.));
#6872 = ADVANCED_FACE('',(#6873),#6891,.T.);
#6873 = FACE_BOUND('',#6874,.T.);
#6874 = EDGE_LOOP('',(#6875,#6876,#6884,#6890));
#6875 = ORIENTED_EDGE('',*,*,#6861,.F.);
#6876 = ORIENTED_EDGE('',*,*,#6877,.T.);
#6877 = EDGE_CURVE('',#6854,#6878,#6880,.T.);
#6878 = VERTEX_POINT('',#6879);
#6879 = CARTESIAN_POINT('',(1.626798629761,-8.493483543396,
    1.899999976158));
#6880 = LINE('',#6881,#6882);
#6881 = CARTESIAN_POINT('',(1.667335033417,-8.331653594971,
    1.899999976158));
#6882 = VECTOR('',#6883,1.);
#6883 = DIRECTION('',(-0.242980810523,-0.970031095232,0.));
#6884 = ORIENTED_EDGE('',*,*,#6885,.T.);
#6885 = EDGE_CURVE('',#6878,#5892,#6886,.T.);
#6886 = LINE('',#6887,#6888);
#6887 = CARTESIAN_POINT('',(1.626798629761,-8.493483543396,
    1.899999976158));
#6888 = VECTOR('',#6889,1.);
#6889 = DIRECTION('',(0.,0.,1.));
#6890 = ORIENTED_EDGE('',*,*,#5891,.F.);
#6891 = PLANE('',#6892);
#6892 = AXIS2_PLACEMENT_3D('',#6893,#6894,#6895);
#6893 = CARTESIAN_POINT('',(1.647066831589,-8.412568569183,
    2.449999988079));
#6894 = DIRECTION('',(-0.970031095232,0.242980810523,-0.));
#6895 = DIRECTION('',(-0.242980810523,-0.970031095232,0.));
#6896 = ADVANCED_FACE('',(#6897),#6923,.T.);
#6897 = FACE_BOUND('',#6898,.T.);
#6898 = EDGE_LOOP('',(#6899,#6909,#6917));
#6899 = ORIENTED_EDGE('',*,*,#6900,.T.);
#6900 = EDGE_CURVE('',#6901,#6903,#6905,.T.);
#6901 = VERTEX_POINT('',#6902);
#6902 = CARTESIAN_POINT('',(-3.054693937302,-8.926630973816,0.));
#6903 = VERTEX_POINT('',#6904);
#6904 = CARTESIAN_POINT('',(-1.626798629761,-8.493483543396,
    1.899999976158));
#6905 = LINE('',#6906,#6907);
#6906 = CARTESIAN_POINT('',(-3.054693937302,-8.926630973816,0.));
#6907 = VECTOR('',#6908,1.);
#6908 = DIRECTION('',(0.59104433809,0.179291391292,0.786461179856));
#6909 = ORIENTED_EDGE('',*,*,#6910,.T.);
#6910 = EDGE_CURVE('',#6903,#6911,#6913,.T.);
#6911 = VERTEX_POINT('',#6912);
#6912 = CARTESIAN_POINT('',(-2.949158906937,-9.221581459045,0.));
#6913 = LINE('',#6914,#6915);
#6914 = CARTESIAN_POINT('',(-1.626798629761,-8.493483543396,
    1.899999976158));
#6915 = VECTOR('',#6916,1.);
#6916 = DIRECTION('',(-0.544926276178,-0.300039023189,-0.782963561154));
#6917 = ORIENTED_EDGE('',*,*,#6918,.F.);
#6918 = EDGE_CURVE('',#6901,#6911,#6919,.T.);
#6919 = LINE('',#6920,#6921);
#6920 = CARTESIAN_POINT('',(-3.054693937302,-8.926630973816,0.));
#6921 = VECTOR('',#6922,1.);
#6922 = DIRECTION('',(0.336890021051,-0.941544005194,0.));
#6923 = PLANE('',#6924);
#6924 = AXIS2_PLACEMENT_3D('',#6925,#6926,#6927);
#6925 = CARTESIAN_POINT('',(-2.356082964458,-8.801588240735,
    0.892278980233));
#6926 = DIRECTION('',(0.740828100095,0.265072681532,-0.617179228113));
#6927 = DIRECTION('',(0.640075739484,0.,0.768311816728));
#6928 = ADVANCED_FACE('',(#6929),#6946,.T.);
#6929 = FACE_BOUND('',#6930,.T.);
#6930 = EDGE_LOOP('',(#6931,#6939,#6940));
#6931 = ORIENTED_EDGE('',*,*,#6932,.F.);
#6932 = EDGE_CURVE('',#6903,#6933,#6935,.T.);
#6933 = VERTEX_POINT('',#6934);
#6934 = CARTESIAN_POINT('',(-1.667335033417,-8.331653594971,
    1.899999976158));
#6935 = LINE('',#6936,#6937);
#6936 = CARTESIAN_POINT('',(-1.626798629761,-8.493483543396,
    1.899999976158));
#6937 = VECTOR('',#6938,1.);
#6938 = DIRECTION('',(-0.242980810523,0.970031095232,0.));
#6939 = ORIENTED_EDGE('',*,*,#6900,.F.);
#6940 = ORIENTED_EDGE('',*,*,#6941,.F.);
#6941 = EDGE_CURVE('',#6933,#6901,#6942,.T.);
#6942 = LINE('',#6943,#6944);
#6943 = CARTESIAN_POINT('',(-1.667335033417,-8.331653594971,
    1.899999976158));
#6944 = VECTOR('',#6945,1.);
#6945 = DIRECTION('',(-0.571711328826,-0.245181911421,-0.78296359226));
#6946 = PLANE('',#6947);
#6947 = AXIS2_PLACEMENT_3D('',#6948,#6949,#6950);
#6948 = CARTESIAN_POINT('',(-2.327462852677,-8.660952605866,
    0.981638190679));
#6949 = DIRECTION('',(0.763242376733,0.191182790155,-0.617179240665));
#6950 = DIRECTION('',(0.628777384572,0.,0.777585365507));
#6951 = ADVANCED_FACE('',(#6952),#6969,.T.);
#6952 = FACE_BOUND('',#6953,.T.);
#6953 = EDGE_LOOP('',(#6954,#6962,#6963));
#6954 = ORIENTED_EDGE('',*,*,#6955,.T.);
#6955 = EDGE_CURVE('',#6956,#6933,#6958,.T.);
#6956 = VERTEX_POINT('',#6957);
#6957 = CARTESIAN_POINT('',(-3.130810499191,-8.622756958008,0.));
#6958 = LINE('',#6959,#6960);
#6959 = CARTESIAN_POINT('',(-3.130810499191,-8.622756958008,0.));
#6960 = VECTOR('',#6961,1.);
#6961 = DIRECTION('',(0.605771929314,0.120495525877,0.786461186518));
#6962 = ORIENTED_EDGE('',*,*,#6941,.T.);
#6963 = ORIENTED_EDGE('',*,*,#6964,.F.);
#6964 = EDGE_CURVE('',#6956,#6901,#6965,.T.);
#6965 = LINE('',#6966,#6967);
#6966 = CARTESIAN_POINT('',(-3.130810499191,-8.622756958008,0.));
#6967 = VECTOR('',#6968,1.);
#6968 = DIRECTION('',(0.242980430382,-0.970031190453,0.));
#6969 = PLANE('',#6970);
#6970 = AXIS2_PLACEMENT_3D('',#6971,#6972,#6973);
#6971 = CARTESIAN_POINT('',(-2.423307167109,-8.566792113364,
    0.892279057067));
#6972 = DIRECTION('',(0.763242470005,0.191182495649,-0.617179216548));
#6973 = DIRECTION('',(0.628777323255,0.,0.77758541509));
#6974 = ADVANCED_FACE('',(#6975),#6992,.T.);
#6975 = FACE_BOUND('',#6976,.T.);
#6976 = EDGE_LOOP('',(#6977,#6978,#6986));
#6977 = ORIENTED_EDGE('',*,*,#6910,.F.);
#6978 = ORIENTED_EDGE('',*,*,#6979,.F.);
#6979 = EDGE_CURVE('',#6980,#6903,#6982,.T.);
#6980 = VERTEX_POINT('',#6981);
#6981 = CARTESIAN_POINT('',(-1.570595264435,-8.650562286377,
    1.899999976158));
#6982 = LINE('',#6983,#6984);
#6983 = CARTESIAN_POINT('',(-1.570595264435,-8.650562286377,
    1.899999976158));
#6984 = VECTOR('',#6985,1.);
#6985 = DIRECTION('',(-0.336888218818,0.941544650042,0.));
#6986 = ORIENTED_EDGE('',*,*,#6987,.F.);
#6987 = EDGE_CURVE('',#6911,#6980,#6988,.T.);
#6988 = LINE('',#6989,#6990);
#6989 = CARTESIAN_POINT('',(-2.949158906937,-9.221581459045,0.));
#6990 = VECTOR('',#6991,1.);
#6991 = DIRECTION('',(0.570624686308,0.236360242091,0.78646125355));
#6992 = PLANE('',#6993);
#6993 = AXIS2_PLACEMENT_3D('',#6994,#6995,#6996);
#6994 = CARTESIAN_POINT('',(-2.251470566619,-8.88590125992,
    0.981638420915));
#6995 = DIRECTION('',(0.740828694477,0.265071294622,-0.617179110313));
#6996 = DIRECTION('',(0.640075364219,0.,0.768312129359));
#6997 = ADVANCED_FACE('',(#6998),#7015,.T.);
#6998 = FACE_BOUND('',#6999,.T.);
#6999 = EDGE_LOOP('',(#7000,#7001,#7009));
#7000 = ORIENTED_EDGE('',*,*,#6987,.T.);
#7001 = ORIENTED_EDGE('',*,*,#7002,.T.);
#7002 = EDGE_CURVE('',#6980,#7003,#7005,.T.);
#7003 = VERTEX_POINT('',#7004);
#7004 = CARTESIAN_POINT('',(-2.815222024918,-9.504767417908,0.));
#7005 = LINE('',#7006,#7007);
#7006 = CARTESIAN_POINT('',(-1.570595264435,-8.650562286377,
    1.899999976158));
#7007 = VECTOR('',#7008,1.);
#7008 = DIRECTION('',(-0.51289342303,-0.352006085511,-0.782963634134));
#7009 = ORIENTED_EDGE('',*,*,#7010,.F.);
#7010 = EDGE_CURVE('',#6911,#7003,#7011,.T.);
#7011 = LINE('',#7012,#7013);
#7012 = CARTESIAN_POINT('',(-2.949158906937,-9.221581459045,0.));
#7013 = VECTOR('',#7014,1.);
#7014 = DIRECTION('',(0.427554828521,-0.903989418416,0.));
#7015 = PLANE('',#7016);
#7016 = AXIS2_PLACEMENT_3D('',#7017,#7018,#7019);
#7017 = CARTESIAN_POINT('',(-2.266168346975,-9.028665334544,
    0.892278990554));
#7018 = DIRECTION('',(0.711279368727,0.336409832163,-0.617179134812));
#7019 = DIRECTION('',(0.655377357436,0.,0.755301608207));
#7020 = ADVANCED_FACE('',(#7021),#7038,.T.);
#7021 = FACE_BOUND('',#7022,.T.);
#7022 = EDGE_LOOP('',(#7023,#7024,#7032));
#7023 = ORIENTED_EDGE('',*,*,#7002,.F.);
#7024 = ORIENTED_EDGE('',*,*,#7025,.F.);
#7025 = EDGE_CURVE('',#7026,#6980,#7028,.T.);
#7026 = VERTEX_POINT('',#7027);
#7027 = CARTESIAN_POINT('',(-1.499266147614,-8.801374435425,
    1.899999976158));
#7028 = LINE('',#7029,#7030);
#7029 = CARTESIAN_POINT('',(-1.499266147614,-8.801374435425,
    1.899999976158));
#7030 = VECTOR('',#7031,1.);
#7031 = DIRECTION('',(-0.427556477446,0.903988638532,0.));
#7032 = ORIENTED_EDGE('',*,*,#7033,.F.);
#7033 = EDGE_CURVE('',#7003,#7026,#7034,.T.);
#7034 = LINE('',#7035,#7036);
#7035 = CARTESIAN_POINT('',(-2.815222024918,-9.504767417908,0.));
#7036 = VECTOR('',#7037,1.);
#7037 = DIRECTION('',(0.544709598905,0.291153309901,0.786461189757));
#7038 = PLANE('',#7039);
#7039 = AXIS2_PLACEMENT_3D('',#7040,#7041,#7042);
#7040 = CARTESIAN_POINT('',(-2.153795767283,-9.102318343253,
    0.98163819992));
#7041 = DIRECTION('',(0.711278675498,0.336411091927,-0.617179247067));
#7042 = DIRECTION('',(0.655377789831,0.,0.755301233016));
#7043 = ADVANCED_FACE('',(#7044),#7061,.T.);
#7044 = FACE_BOUND('',#7045,.T.);
#7045 = EDGE_LOOP('',(#7046,#7047,#7055));
#7046 = ORIENTED_EDGE('',*,*,#7033,.T.);
#7047 = ORIENTED_EDGE('',*,*,#7048,.T.);
#7048 = EDGE_CURVE('',#7026,#7049,#7051,.T.);
#7049 = VERTEX_POINT('',#7050);
#7050 = CARTESIAN_POINT('',(-2.654172897339,-9.773461341858,0.));
#7051 = LINE('',#7052,#7053);
#7052 = CARTESIAN_POINT('',(-1.499266147614,-8.801374435425,
    1.899999976158));
#7053 = VECTOR('',#7054,1.);
#7054 = DIRECTION('',(-0.47592103602,-0.400583516999,-0.782963609232));
#7055 = ORIENTED_EDGE('',*,*,#7056,.F.);
#7056 = EDGE_CURVE('',#7003,#7049,#7057,.T.);
#7057 = LINE('',#7058,#7059);
#7058 = CARTESIAN_POINT('',(-2.815222024918,-9.504767417908,0.));
#7059 = VECTOR('',#7060,1.);
#7060 = DIRECTION('',(0.514103184168,-0.857728346289,0.));
#7061 = PLANE('',#7062);
#7062 = AXIS2_PLACEMENT_3D('',#7063,#7064,#7065);
#7063 = CARTESIAN_POINT('',(-2.154429255319,-9.24583509382,
    0.892279029356));
#7064 = DIRECTION('',(0.674880060001,0.404508011516,-0.61717920674));
#7065 = DIRECTION('',(0.674856156209,2.775557561563E-17,0.737949299361)
  );
#7066 = ADVANCED_FACE('',(#7067),#7084,.T.);
#7067 = FACE_BOUND('',#7068,.T.);
#7068 = EDGE_LOOP('',(#7069,#7070,#7078));
#7069 = ORIENTED_EDGE('',*,*,#7048,.F.);
#7070 = ORIENTED_EDGE('',*,*,#7071,.F.);
#7071 = EDGE_CURVE('',#7072,#7026,#7074,.T.);
#7072 = VERTEX_POINT('',#7073);
#7073 = CARTESIAN_POINT('',(-1.413498282433,-8.944469451904,
    1.899999976158));
#7074 = LINE('',#7075,#7076);
#7075 = CARTESIAN_POINT('',(-1.413498282433,-8.944469451904,
    1.899999976158));
#7076 = VECTOR('',#7077,1.);
#7077 = DIRECTION('',(-0.514102801426,0.857728575696,0.));
#7078 = ORIENTED_EDGE('',*,*,#7079,.F.);
#7079 = EDGE_CURVE('',#7049,#7072,#7080,.T.);
#7080 = LINE('',#7081,#7082);
#7081 = CARTESIAN_POINT('',(-2.654172897339,-9.773461341858,0.));
#7082 = VECTOR('',#7083,1.);
#7083 = DIRECTION('',(0.513548678005,0.343142097088,0.78646122379));
#7084 = PLANE('',#7085);
#7085 = AXIS2_PLACEMENT_3D('',#7086,#7087,#7088);
#7086 = CARTESIAN_POINT('',(-2.035378453691,-9.30811902656,0.98163828978
    ));
#7087 = DIRECTION('',(0.67488025898,0.40450772144,-0.617179179279));
#7088 = DIRECTION('',(0.674856031502,-2.775557561563E-17,0.737949413405)
  );
#7089 = ADVANCED_FACE('',(#7090),#7107,.T.);
#7090 = FACE_BOUND('',#7091,.T.);
#7091 = EDGE_LOOP('',(#7092,#7093,#7101));
#7092 = ORIENTED_EDGE('',*,*,#7079,.T.);
#7093 = ORIENTED_EDGE('',*,*,#7094,.T.);
#7094 = EDGE_CURVE('',#7072,#7095,#7097,.T.);
#7095 = VERTEX_POINT('',#7096);
#7096 = CARTESIAN_POINT('',(-2.467562675476,-10.02507591247,0.));
#7097 = LINE('',#7098,#7099);
#7098 = CARTESIAN_POINT('',(-1.413498282433,-8.944469451904,
    1.899999976158));
#7099 = VECTOR('',#7100,1.);
#7100 = DIRECTION('',(-0.434365318956,-0.445302936907,-0.782963641602));
#7101 = ORIENTED_EDGE('',*,*,#7102,.F.);
#7102 = EDGE_CURVE('',#7049,#7095,#7103,.T.);
#7103 = LINE('',#7104,#7105);
#7104 = CARTESIAN_POINT('',(-2.654172897339,-9.773461341858,0.));
#7105 = VECTOR('',#7106,1.);
#7106 = DIRECTION('',(0.595699588929,-0.803207320528,0.));
#7107 = PLANE('',#7108);
#7108 = AXIS2_PLACEMENT_3D('',#7109,#7110,#7111);
#7109 = CARTESIAN_POINT('',(-2.021941844711,-9.451006987625,
    0.89227902132));
#7110 = DIRECTION('',(0.631981711308,0.468709928328,-0.617179163339));
#7111 = DIRECTION('',(0.698678517267,0.,0.715435761972));
#7112 = ADVANCED_FACE('',(#7113),#7130,.T.);
#7113 = FACE_BOUND('',#7114,.T.);
#7114 = EDGE_LOOP('',(#7115,#7116,#7124));
#7115 = ORIENTED_EDGE('',*,*,#7094,.F.);
#7116 = ORIENTED_EDGE('',*,*,#7117,.F.);
#7117 = EDGE_CURVE('',#7118,#7072,#7120,.T.);
#7118 = VERTEX_POINT('',#7119);
#7119 = CARTESIAN_POINT('',(-1.314117789268,-9.078468322754,
    1.899999976158));
#7120 = LINE('',#7121,#7122);
#7121 = CARTESIAN_POINT('',(-1.314117789268,-9.078468322754,
    1.899999976158));
#7122 = VECTOR('',#7123,1.);
#7123 = DIRECTION('',(-0.595699913164,0.803207080059,0.));
#7124 = ORIENTED_EDGE('',*,*,#7125,.F.);
#7125 = EDGE_CURVE('',#7095,#7118,#7126,.T.);
#7126 = LINE('',#7127,#7128);
#7127 = CARTESIAN_POINT('',(-2.467562675476,-10.02507591247,0.));
#7128 = VECTOR('',#7129,1.);
#7129 = DIRECTION('',(0.477441941926,0.391826407385,0.786461225087));
#7130 = PLANE('',#7131);
#7131 = AXIS2_PLACEMENT_3D('',#7132,#7133,#7134);
#7132 = CARTESIAN_POINT('',(-1.897359489234,-9.501321948913,
    0.981638218666));
#7133 = DIRECTION('',(0.63198150645,0.468710171834,-0.617179188182));
#7134 = DIRECTION('',(0.698678647585,-2.775557561563E-17,0.715435634707)
  );
#7135 = ADVANCED_FACE('',(#7136),#7162,.T.);
#7136 = FACE_BOUND('',#7137,.T.);
#7137 = EDGE_LOOP('',(#7138,#7148,#7156));
#7138 = ORIENTED_EDGE('',*,*,#7139,.T.);
#7139 = EDGE_CURVE('',#7140,#7142,#7144,.T.);
#7140 = VERTEX_POINT('',#7141);
#7141 = CARTESIAN_POINT('',(-2.052169322968,-10.31695270538,
    0.119073286653));
#7142 = VERTEX_POINT('',#7143);
#7143 = CARTESIAN_POINT('',(-3.193131446838,-10.52634334564,
    0.600000023842));
#7144 = LINE('',#7145,#7146);
#7145 = CARTESIAN_POINT('',(-2.052169322968,-10.31695270538,
    0.119073286653));
#7146 = VECTOR('',#7147,1.);
#7147 = DIRECTION('',(-0.908583998285,-0.16674434773,0.382977075764));
#7148 = ORIENTED_EDGE('',*,*,#7149,.T.);
#7149 = EDGE_CURVE('',#7142,#7150,#7152,.T.);
#7150 = VERTEX_POINT('',#7151);
#7151 = CARTESIAN_POINT('',(-2.220406532288,-10.22040653228,
    6.623562425375E-02));
#7152 = LINE('',#7153,#7154);
#7153 = CARTESIAN_POINT('',(-3.193131446838,-10.52634334564,
    0.600000023842));
#7154 = VECTOR('',#7155,1.);
#7155 = DIRECTION('',(0.845146514402,0.265811461767,-0.463758165413));
#7156 = ORIENTED_EDGE('',*,*,#7157,.T.);
#7157 = EDGE_CURVE('',#7150,#7140,#7158,.T.);
#7158 = LINE('',#7159,#7160);
#7159 = CARTESIAN_POINT('',(-2.220406532288,-10.22040653228,
    6.623562425375E-02));
#7160 = VECTOR('',#7161,1.);
#7161 = DIRECTION('',(0.836838036275,-0.480235675745,0.262822747845));
#7162 = PLANE('',#7163);
#7163 = AXIS2_PLACEMENT_3D('',#7164,#7165,#7166);
#7164 = CARTESIAN_POINT('',(-2.622281777633,-10.38854949717,
    0.327301749788));
#7165 = DIRECTION('',(-0.171917517405,-0.686327738578,-0.706681400963));
#7166 = DIRECTION('',(0.,-0.717361953723,0.696700672707));
#7167 = ADVANCED_FACE('',(#7168),#7185,.T.);
#7168 = FACE_BOUND('',#7169,.T.);
#7169 = EDGE_LOOP('',(#7170,#7178,#7179));
#7170 = ORIENTED_EDGE('',*,*,#7171,.T.);
#7171 = EDGE_CURVE('',#7172,#7142,#7174,.T.);
#7172 = VERTEX_POINT('',#7173);
#7173 = CARTESIAN_POINT('',(-2.145993471146,-10.78863811492,
    0.600000023842));
#7174 = LINE('',#7175,#7176);
#7175 = CARTESIAN_POINT('',(-2.145993471146,-10.78863811492,
    0.600000023842));
#7176 = VECTOR('',#7177,1.);
#7177 = DIRECTION('',(-0.970031174405,0.242980494451,0.));
#7178 = ORIENTED_EDGE('',*,*,#7139,.F.);
#7179 = ORIENTED_EDGE('',*,*,#7180,.T.);
#7180 = EDGE_CURVE('',#7140,#7172,#7181,.T.);
#7181 = LINE('',#7182,#7183);
#7182 = CARTESIAN_POINT('',(-2.052169322968,-10.31695270538,
    0.119073286653));
#7183 = VECTOR('',#7184,1.);
#7184 = DIRECTION('',(-0.13794974813,-0.693519575793,0.707107109979));
#7185 = PLANE('',#7186);
#7186 = AXIS2_PLACEMENT_3D('',#7187,#7188,#7189);
#7187 = CARTESIAN_POINT('',(-2.521351265549,-10.53565926214,
    0.44562117206));
#7188 = DIRECTION('',(-0.171916745163,-0.686329174642,-0.706680194125));
#7189 = DIRECTION('',(-1.387778780781E-17,-0.717360630506,0.696702035163
    ));
#7190 = ADVANCED_FACE('',(#7191),#7208,.T.);
#7191 = FACE_BOUND('',#7192,.T.);
#7192 = EDGE_LOOP('',(#7193,#7194,#7202));
#7193 = ORIENTED_EDGE('',*,*,#7149,.F.);
#7194 = ORIENTED_EDGE('',*,*,#7195,.F.);
#7195 = EDGE_CURVE('',#7196,#7142,#7198,.T.);
#7196 = VERTEX_POINT('',#7197);
#7197 = CARTESIAN_POINT('',(-2.391087770462,-10.10945320129,0.));
#7198 = LINE('',#7199,#7200);
#7199 = CARTESIAN_POINT('',(-2.391087770462,-10.10945320129,0.));
#7200 = VECTOR('',#7201,1.);
#7201 = DIRECTION('',(-0.739258966027,-0.384255603697,0.553031474851));
#7202 = ORIENTED_EDGE('',*,*,#7203,.T.);
#7203 = EDGE_CURVE('',#7196,#7150,#7204,.T.);
#7204 = LINE('',#7205,#7206);
#7205 = CARTESIAN_POINT('',(-2.391087770462,-10.10945320129,0.));
#7206 = VECTOR('',#7207,1.);
#7207 = DIRECTION('',(0.797280978167,-0.518281805379,0.30939782169));
#7208 = PLANE('',#7209);
#7209 = AXIS2_PLACEMENT_3D('',#7210,#7211,#7212);
#7210 = CARTESIAN_POINT('',(-2.709519283668,-10.33059387666,
    0.292237921351));
#7211 = DIRECTION('',(-0.171916926868,-0.686328528448,-0.706680777505));
#7212 = DIRECTION('',(1.387778780781E-17,-0.717361245795,0.696701401629)
  );
#7213 = ADVANCED_FACE('',(#7214),#7231,.T.);
#7214 = FACE_BOUND('',#7215,.T.);
#7215 = EDGE_LOOP('',(#7216,#7217,#7225));
#7216 = ORIENTED_EDGE('',*,*,#7195,.T.);
#7217 = ORIENTED_EDGE('',*,*,#7218,.F.);
#7218 = EDGE_CURVE('',#7219,#7142,#7221,.T.);
#7219 = VERTEX_POINT('',#7220);
#7220 = CARTESIAN_POINT('',(-3.01896071434,-9.952179908752,0.));
#7221 = LINE('',#7222,#7223);
#7222 = CARTESIAN_POINT('',(-3.01896071434,-9.952179908752,0.));
#7223 = VECTOR('',#7224,1.);
#7224 = DIRECTION('',(-0.205262301458,-0.676658510754,0.707107238985));
#7225 = ORIENTED_EDGE('',*,*,#7226,.T.);
#7226 = EDGE_CURVE('',#7219,#7196,#7227,.T.);
#7227 = LINE('',#7228,#7229);
#7228 = CARTESIAN_POINT('',(-3.01896071434,-9.952179908752,0.));
#7229 = VECTOR('',#7230,1.);
#7230 = DIRECTION('',(0.970031505383,-0.242979173108,0.));
#7231 = PLANE('',#7232);
#7232 = AXIS2_PLACEMENT_3D('',#7233,#7234,#7235);
#7233 = CARTESIAN_POINT('',(-2.873488196983,-10.22004023197,
    0.224757195378));
#7234 = DIRECTION('',(-0.171915846416,-0.686329553124,-0.706680045183));
#7235 = DIRECTION('',(0.,-0.717360365099,0.696702308439));
#7236 = ADVANCED_FACE('',(#7237),#7261,.T.);
#7237 = FACE_BOUND('',#7238,.T.);
#7238 = EDGE_LOOP('',(#7239,#7247,#7255));
#7239 = ORIENTED_EDGE('',*,*,#7240,.T.);
#7240 = EDGE_CURVE('',#7142,#7241,#7243,.T.);
#7241 = VERTEX_POINT('',#7242);
#7242 = CARTESIAN_POINT('',(-4.20951795578,-10.16267490387,
    0.600000023842));
#7243 = LINE('',#7244,#7245);
#7244 = CARTESIAN_POINT('',(-3.193131446838,-10.52634334564,
    0.600000023842));
#7245 = VECTOR('',#7246,1.);
#7246 = DIRECTION('',(-0.941544202169,0.336889470541,0.));
#7247 = ORIENTED_EDGE('',*,*,#7248,.F.);
#7248 = EDGE_CURVE('',#7249,#7241,#7251,.T.);
#7249 = VERTEX_POINT('',#7250);
#7250 = CARTESIAN_POINT('',(-3.979907751083,-9.608346939087,0.));
#7251 = LINE('',#7252,#7253);
#7252 = CARTESIAN_POINT('',(-3.979907751083,-9.608346939087,0.));
#7253 = VECTOR('',#7254,1.);
#7254 = DIRECTION('',(-0.270598152272,-0.653281604889,0.707106628947));
#7255 = ORIENTED_EDGE('',*,*,#7256,.T.);
#7256 = EDGE_CURVE('',#7249,#7142,#7257,.T.);
#7257 = LINE('',#7258,#7259);
#7258 = CARTESIAN_POINT('',(-3.979907751083,-9.608346939087,0.));
#7259 = VECTOR('',#7260,1.);
#7260 = DIRECTION('',(0.582919714956,-0.680140213619,0.444537845108));
#7261 = PLANE('',#7262);
#7262 = AXIS2_PLACEMENT_3D('',#7263,#7264,#7265);
#7263 = CARTESIAN_POINT('',(-3.755888826849,-10.11155372175,
    0.398802024193));
#7264 = DIRECTION('',(-0.238360295124,-0.666173251248,-0.706680669772));
#7265 = DIRECTION('',(-1.387778780781E-17,-0.727653988904,0.685944365406
    ));
#7266 = ADVANCED_FACE('',(#7267),#7277,.T.);
#7267 = FACE_BOUND('',#7268,.T.);
#7268 = EDGE_LOOP('',(#7269,#7270,#7271));
#7269 = ORIENTED_EDGE('',*,*,#7218,.T.);
#7270 = ORIENTED_EDGE('',*,*,#7256,.F.);
#7271 = ORIENTED_EDGE('',*,*,#7272,.T.);
#7272 = EDGE_CURVE('',#7249,#7219,#7273,.T.);
#7273 = LINE('',#7274,#7275);
#7274 = CARTESIAN_POINT('',(-3.979907751083,-9.608346939087,0.));
#7275 = VECTOR('',#7276,1.);
#7276 = DIRECTION('',(0.941543871858,-0.336890393698,0.));
#7277 = PLANE('',#7278);
#7278 = AXIS2_PLACEMENT_3D('',#7279,#7280,#7281);
#7279 = CARTESIAN_POINT('',(-3.432248734422,-10.02163879513,
    0.204878405831));
#7280 = DIRECTION('',(-0.23836115279,-0.666173589086,-0.706680062011));
#7281 = DIRECTION('',(0.,-0.727653520823,0.685944861948));
#7282 = ADVANCED_FACE('',(#7283),#7300,.T.);
#7283 = FACE_BOUND('',#7284,.T.);
#7284 = EDGE_LOOP('',(#7285,#7293,#7294));
#7285 = ORIENTED_EDGE('',*,*,#7286,.T.);
#7286 = EDGE_CURVE('',#7287,#7172,#7289,.T.);
#7287 = VERTEX_POINT('',#7288);
#7288 = CARTESIAN_POINT('',(-1.946449279785,-10.37175559997,
    0.157817572355));
#7289 = LINE('',#7290,#7291);
#7290 = CARTESIAN_POINT('',(-1.946449279785,-10.37175559997,
    0.157817572355));
#7291 = VECTOR('',#7292,1.);
#7292 = DIRECTION('',(-0.311965220271,-0.6517495935,0.691303239334));
#7293 = ORIENTED_EDGE('',*,*,#7180,.F.);
#7294 = ORIENTED_EDGE('',*,*,#7295,.T.);
#7295 = EDGE_CURVE('',#7140,#7287,#7296,.T.);
#7296 = LINE('',#7297,#7298);
#7297 = CARTESIAN_POINT('',(-2.052169322968,-10.31695270538,
    0.119073286653));
#7298 = VECTOR('',#7299,1.);
#7299 = DIRECTION('',(0.844243300805,-0.437636754882,0.309398319036));
#7300 = PLANE('',#7301);
#7301 = AXIS2_PLACEMENT_3D('',#7302,#7303,#7304);
#7302 = CARTESIAN_POINT('',(-2.067036202196,-10.54686111066,
    0.348951871131));
#7303 = DIRECTION('',(-0.103815473975,-0.699875341342,-0.706680163826));
#7304 = DIRECTION('',(-6.938893903907E-18,-0.710519401997,0.703677610406
    ));
#7305 = ADVANCED_FACE('',(#7306),#7323,.T.);
#7306 = FACE_BOUND('',#7307,.T.);
#7307 = EDGE_LOOP('',(#7308,#7316,#7317));
#7308 = ORIENTED_EDGE('',*,*,#7309,.T.);
#7309 = EDGE_CURVE('',#7310,#7172,#7312,.T.);
#7310 = VERTEX_POINT('',#7311);
#7311 = CARTESIAN_POINT('',(-1.6683614254,-10.49687957763,0.24088332057)
  );
#7312 = LINE('',#7313,#7314);
#7313 = CARTESIAN_POINT('',(-1.6683614254,-10.49687957763,0.24088332057)
  );
#7314 = VECTOR('',#7315,1.);
#7315 = DIRECTION('',(-0.718247558143,-0.43873701282,0.540028035201));
#7316 = ORIENTED_EDGE('',*,*,#7286,.F.);
#7317 = ORIENTED_EDGE('',*,*,#7318,.T.);
#7318 = EDGE_CURVE('',#7287,#7310,#7319,.T.);
#7319 = LINE('',#7320,#7321);
#7320 = CARTESIAN_POINT('',(-1.946449279785,-10.37175559997,
    0.157817572355));
#7321 = VECTOR('',#7322,1.);
#7322 = DIRECTION('',(0.879880433613,-0.395896972787,0.262823152486));
#7323 = PLANE('',#7324);
#7324 = AXIS2_PLACEMENT_3D('',#7325,#7326,#7327);
#7325 = CARTESIAN_POINT('',(-1.942597268788,-10.57741906937,
    0.360934575454));
#7326 = DIRECTION('',(-0.103816830129,-0.699874921705,-0.706680380193));
#7327 = DIRECTION('',(6.938893903907E-18,-0.710519720664,0.70367728864)
  );
#7328 = ADVANCED_FACE('',(#7329),#7346,.T.);
#7329 = FACE_BOUND('',#7330,.T.);
#7330 = EDGE_LOOP('',(#7331,#7339,#7340));
#7331 = ORIENTED_EDGE('',*,*,#7332,.T.);
#7332 = EDGE_CURVE('',#7333,#7172,#7335,.T.);
#7333 = VERTEX_POINT('',#7334);
#7334 = CARTESIAN_POINT('',(-1.391571879387,-10.60344791412,
    0.30576312542));
#7335 = LINE('',#7336,#7337);
#7336 = CARTESIAN_POINT('',(-1.391571879387,-10.60344791412,
    0.30576312542));
#7337 = VECTOR('',#7338,1.);
#7338 = DIRECTION('',(-0.908201929317,-0.222939135756,0.354213773495));
#7339 = ORIENTED_EDGE('',*,*,#7309,.F.);
#7340 = ORIENTED_EDGE('',*,*,#7341,.T.);
#7341 = EDGE_CURVE('',#7310,#7333,#7342,.T.);
#7342 = LINE('',#7343,#7344);
#7343 = CARTESIAN_POINT('',(-1.6683614254,-10.49687957763,0.24088332057)
  );
#7344 = VECTOR('',#7345,1.);
#7345 = DIRECTION('',(0.911663372035,-0.35100476298,0.213694998667));
#7346 = PLANE('',#7347);
#7347 = AXIS2_PLACEMENT_3D('',#7348,#7349,#7350);
#7348 = CARTESIAN_POINT('',(-1.779634362424,-10.65173417279,
    0.410593581719));
#7349 = DIRECTION('',(-0.103816357925,-0.699875308553,-0.706680066441));
#7350 = DIRECTION('',(6.938893903907E-18,-0.710519369996,0.703677642718)
  );
#7351 = ADVANCED_FACE('',(#7352),#7369,.T.);
#7352 = FACE_BOUND('',#7353,.T.);
#7353 = EDGE_LOOP('',(#7354,#7362,#7363));
#7354 = ORIENTED_EDGE('',*,*,#7355,.T.);
#7355 = EDGE_CURVE('',#7356,#7172,#7358,.T.);
#7356 = VERTEX_POINT('',#7357);
#7357 = CARTESIAN_POINT('',(-1.078188538551,-10.94703197479,
    0.600000023842));
#7358 = LINE('',#7359,#7360);
#7359 = CARTESIAN_POINT('',(-1.078188538551,-10.94703197479,
    0.600000023842));
#7360 = VECTOR('',#7361,1.);
#7361 = DIRECTION('',(-0.98917651525,0.146730438823,0.));
#7362 = ORIENTED_EDGE('',*,*,#7332,.F.);
#7363 = ORIENTED_EDGE('',*,*,#7364,.T.);
#7364 = EDGE_CURVE('',#7333,#7356,#7365,.T.);
#7365 = LINE('',#7366,#7367);
#7366 = CARTESIAN_POINT('',(-1.391571879387,-10.60344791412,
    0.30576312542));
#7367 = VECTOR('',#7368,1.);
#7368 = DIRECTION('',(0.569473143168,-0.624353210512,0.534680659584));
#7369 = PLANE('',#7370);
#7370 = AXIS2_PLACEMENT_3D('',#7371,#7372,#7373);
#7371 = CARTESIAN_POINT('',(-1.580625218021,-10.78912688234,
    0.517427287519));
#7372 = DIRECTION('',(-0.103816607358,-0.699874891093,-0.706680443238));
#7373 = DIRECTION('',(6.938893903907E-18,-0.710519767439,0.70367724141)
  );
#7374 = ADVANCED_FACE('',(#7375),#7392,.T.);
#7375 = FACE_BOUND('',#7376,.T.);
#7376 = EDGE_LOOP('',(#7377,#7385,#7386));
#7377 = ORIENTED_EDGE('',*,*,#7378,.T.);
#7378 = EDGE_CURVE('',#7379,#7356,#7381,.T.);
#7379 = VERTEX_POINT('',#7380);
#7380 = CARTESIAN_POINT('',(-1.11533343792,-10.692653656,0.353527933359)
  );
#7381 = LINE('',#7382,#7383);
#7382 = CARTESIAN_POINT('',(-1.11533343792,-10.692653656,0.353527933359)
  );
#7383 = VECTOR('',#7384,1.);
#7384 = DIRECTION('',(0.104298233265,-0.714262514678,0.692062814103));
#7385 = ORIENTED_EDGE('',*,*,#7364,.F.);
#7386 = ORIENTED_EDGE('',*,*,#7387,.T.);
#7387 = EDGE_CURVE('',#7333,#7379,#7388,.T.);
#7388 = LINE('',#7389,#7390);
#7389 = CARTESIAN_POINT('',(-1.391571879387,-10.60344791412,
    0.30576312542));
#7390 = VECTOR('',#7391,1.);
#7391 = DIRECTION('',(0.938984801919,-0.303226572763,0.162361286444));
#7392 = PLANE('',#7393);
#7393 = AXIS2_PLACEMENT_3D('',#7394,#7395,#7396);
#7394 = CARTESIAN_POINT('',(-1.198460982202,-10.75730553441,
    0.42976952182));
#7395 = DIRECTION('',(-0.103817864442,-0.699875425923,-0.706679728881));
#7396 = DIRECTION('',(-6.938893903907E-18,-0.71051914294,0.703677871981)
  );
#7397 = ADVANCED_FACE('',(#7398),#7415,.T.);
#7398 = FACE_BOUND('',#7399,.T.);
#7399 = EDGE_LOOP('',(#7400,#7408,#7409));
#7400 = ORIENTED_EDGE('',*,*,#7401,.T.);
#7401 = EDGE_CURVE('',#7402,#7356,#7404,.T.);
#7402 = VERTEX_POINT('',#7403);
#7403 = CARTESIAN_POINT('',(-1.054705500603,-10.70860481262,
    0.360419392586));
#7404 = LINE('',#7405,#7406);
#7405 = CARTESIAN_POINT('',(-1.054705500603,-10.70860481262,
    0.360419392586));
#7406 = VECTOR('',#7407,1.);
#7407 = DIRECTION('',(-6.930864602745E-02,-0.70370212842,0.707106516759)
  );
#7408 = ORIENTED_EDGE('',*,*,#7378,.F.);
#7409 = ORIENTED_EDGE('',*,*,#7410,.T.);
#7410 = EDGE_CURVE('',#7379,#7402,#7411,.T.);
#7411 = LINE('',#7412,#7413);
#7412 = CARTESIAN_POINT('',(-1.11533343792,-10.692653656,0.353527933359)
  );
#7413 = VECTOR('',#7414,1.);
#7414 = DIRECTION('',(0.961297825511,-0.25291660657,0.109268846382));
#7415 = PLANE('',#7416);
#7416 = AXIS2_PLACEMENT_3D('',#7417,#7418,#7419);
#7417 = CARTESIAN_POINT('',(-1.082234550886,-10.81348897635,
    0.468337433936));
#7418 = DIRECTION('',(-0.103809555525,-0.699875410299,-0.706680964962));
#7419 = DIRECTION('',(0.,-0.710519766179,0.703677242682));
#7420 = ADVANCED_FACE('',(#7421),#7436,.T.);
#7421 = FACE_BOUND('',#7422,.T.);
#7422 = EDGE_LOOP('',(#7423,#7424,#7430));
#7423 = ORIENTED_EDGE('',*,*,#7203,.F.);
#7424 = ORIENTED_EDGE('',*,*,#7425,.F.);
#7425 = EDGE_CURVE('',#7095,#7196,#7426,.T.);
#7426 = LINE('',#7427,#7428);
#7427 = CARTESIAN_POINT('',(-2.467562675476,-10.02507591247,0.));
#7428 = VECTOR('',#7429,1.);
#7429 = DIRECTION('',(0.67155793357,-0.740952050985,0.));
#7430 = ORIENTED_EDGE('',*,*,#7431,.T.);
#7431 = EDGE_CURVE('',#7095,#7150,#7432,.T.);
#7432 = LINE('',#7433,#7434);
#7433 = CARTESIAN_POINT('',(-2.467562675476,-10.02507591247,0.));
#7434 = VECTOR('',#7435,1.);
#7435 = DIRECTION('',(0.767775369158,-0.606782565868,0.205756896053));
#7436 = PLANE('',#7437);
#7437 = AXIS2_PLACEMENT_3D('',#7438,#7439,#7440);
#7438 = CARTESIAN_POINT('',(-2.346342743669,-10.12691776429,
    2.731455373776E-02));
#7439 = DIRECTION('',(0.582997082335,0.52839629146,-0.617180493179));
#7440 = DIRECTION('',(-0.726951769023,0.,-0.686688521467));
#7441 = ADVANCED_FACE('',(#7442),#7452,.T.);
#7442 = FACE_BOUND('',#7443,.T.);
#7443 = EDGE_LOOP('',(#7444,#7445,#7451));
#7444 = ORIENTED_EDGE('',*,*,#7125,.T.);
#7445 = ORIENTED_EDGE('',*,*,#7446,.T.);
#7446 = EDGE_CURVE('',#7118,#7150,#7447,.T.);
#7447 = LINE('',#7448,#7449);
#7448 = CARTESIAN_POINT('',(-1.314117789268,-9.078468322754,
    1.899999976158));
#7449 = VECTOR('',#7450,1.);
#7450 = DIRECTION('',(-0.386862480341,-0.48745286923,-0.782768881333));
#7451 = ORIENTED_EDGE('',*,*,#7431,.F.);
#7452 = PLANE('',#7453);
#7453 = AXIS2_PLACEMENT_3D('',#7454,#7455,#7456);
#7454 = CARTESIAN_POINT('',(-1.862569324394,-9.632984988589,
    0.907174835093));
#7455 = DIRECTION('',(0.582997539832,0.528397313637,-0.617179185886));
#7456 = DIRECTION('',(-0.726950773943,-2.775557561563E-17,
    -0.686689574891));
#7457 = ADVANCED_FACE('',(#7458),#7475,.T.);
#7458 = FACE_BOUND('',#7459,.T.);
#7459 = EDGE_LOOP('',(#7460,#7468,#7474));
#7460 = ORIENTED_EDGE('',*,*,#7461,.T.);
#7461 = EDGE_CURVE('',#7150,#7462,#7464,.T.);
#7462 = VERTEX_POINT('',#7463);
#7463 = CARTESIAN_POINT('',(-1.202081561089,-9.202081680298,
    1.899999976158));
#7464 = LINE('',#7465,#7466);
#7465 = CARTESIAN_POINT('',(-2.220406532288,-10.22040653228,
    6.623562425375E-02));
#7466 = VECTOR('',#7467,1.);
#7467 = DIRECTION('',(0.436737203492,0.436737152366,0.786461235427));
#7468 = ORIENTED_EDGE('',*,*,#7469,.T.);
#7469 = EDGE_CURVE('',#7462,#7140,#7470,.T.);
#7470 = LINE('',#7471,#7472);
#7471 = CARTESIAN_POINT('',(-1.202081561089,-9.202081680298,
    1.899999976158));
#7472 = VECTOR('',#7473,1.);
#7473 = DIRECTION('',(-0.375056651261,-0.491878382454,-0.785740520286));
#7474 = ORIENTED_EDGE('',*,*,#7157,.F.);
#7475 = PLANE('',#7476);
#7476 = AXIS2_PLACEMENT_3D('',#7477,#7478,#7479);
#7477 = CARTESIAN_POINT('',(-1.689322083783,-9.757392887977,
    0.958293534045));
#7478 = DIRECTION('',(0.528398866163,0.582996125105,-0.617179193063));
#7479 = DIRECTION('',(0.,-0.726951609754,-0.686688690075));
#7480 = ADVANCED_FACE('',(#7481),#7491,.T.);
#7481 = FACE_BOUND('',#7482,.T.);
#7482 = EDGE_LOOP('',(#7483,#7484,#7490));
#7483 = ORIENTED_EDGE('',*,*,#7469,.F.);
#7484 = ORIENTED_EDGE('',*,*,#7485,.T.);
#7485 = EDGE_CURVE('',#7462,#7287,#7486,.T.);
#7486 = LINE('',#7487,#7488);
#7487 = CARTESIAN_POINT('',(-1.202081561089,-9.202081680298,
    1.899999976158));
#7488 = VECTOR('',#7489,1.);
#7489 = DIRECTION('',(-0.334317936404,-0.525335746393,-0.78246653025));
#7490 = ORIENTED_EDGE('',*,*,#7295,.F.);
#7491 = PLANE('',#7492);
#7492 = AXIS2_PLACEMENT_3D('',#7493,#7494,#7495);
#7493 = CARTESIAN_POINT('',(-1.611732871108,-9.788585412535,0.9952566279
    ));
#7494 = DIRECTION('',(0.528396865664,0.582997823556,-0.617179301407));
#7495 = DIRECTION('',(-2.775557561563E-17,-0.726950671282,
    -0.686689683571));
#7496 = ADVANCED_FACE('',(#7497),#7514,.T.);
#7497 = FACE_BOUND('',#7498,.T.);
#7498 = EDGE_LOOP('',(#7499,#7507,#7513));
#7499 = ORIENTED_EDGE('',*,*,#7500,.T.);
#7500 = EDGE_CURVE('',#7287,#7501,#7503,.T.);
#7501 = VERTEX_POINT('',#7502);
#7502 = CARTESIAN_POINT('',(-1.078468561172,-9.314117431641,
    1.899999976158));
#7503 = LINE('',#7504,#7505);
#7504 = CARTESIAN_POINT('',(-1.946449279785,-10.37175559997,
    0.157817572355));
#7505 = VECTOR('',#7506,1.);
#7506 = DIRECTION('',(0.391826410042,0.477442134065,0.786461107121));
#7507 = ORIENTED_EDGE('',*,*,#7508,.T.);
#7508 = EDGE_CURVE('',#7501,#7310,#7509,.T.);
#7509 = LINE('',#7510,#7511);
#7510 = CARTESIAN_POINT('',(-1.078468561172,-9.314117431641,
    1.899999976158));
#7511 = VECTOR('',#7512,1.);
#7512 = DIRECTION('',(-0.278091512863,-0.55758618977,-0.782152639484));
#7513 = ORIENTED_EDGE('',*,*,#7318,.F.);
#7514 = PLANE('',#7515);
#7515 = AXIS2_PLACEMENT_3D('',#7516,#7517,#7518);
#7516 = CARTESIAN_POINT('',(-1.469100573993,-9.911634113761,
    0.99149155526));
#7517 = DIRECTION('',(0.46870984615,0.631981605184,-0.617179334416));
#7518 = DIRECTION('',(5.551115123126E-17,0.698678676448,0.71543560652));
#7519 = ADVANCED_FACE('',(#7520),#7530,.T.);
#7520 = FACE_BOUND('',#7521,.T.);
#7521 = EDGE_LOOP('',(#7522,#7523,#7529));
#7522 = ORIENTED_EDGE('',*,*,#7485,.F.);
#7523 = ORIENTED_EDGE('',*,*,#7524,.F.);
#7524 = EDGE_CURVE('',#7501,#7462,#7525,.T.);
#7525 = LINE('',#7526,#7527);
#7526 = CARTESIAN_POINT('',(-1.078468561172,-9.314117431641,
    1.899999976158));
#7527 = VECTOR('',#7528,1.);
#7528 = DIRECTION('',(-0.74095273951,0.671557173897,0.));
#7529 = ORIENTED_EDGE('',*,*,#7500,.F.);
#7530 = PLANE('',#7531);
#7531 = AXIS2_PLACEMENT_3D('',#7532,#7533,#7534);
#7532 = CARTESIAN_POINT('',(-1.528846299669,-9.794701741053,
    1.060442168932));
#7533 = DIRECTION('',(0.528396289356,0.582998281253,-0.617179362464));
#7534 = DIRECTION('',(0.,-0.726950436079,-0.686689932564));
#7535 = ADVANCED_FACE('',(#7536),#7546,.T.);
#7536 = FACE_BOUND('',#7537,.T.);
#7537 = EDGE_LOOP('',(#7538,#7544,#7545));
#7538 = ORIENTED_EDGE('',*,*,#7539,.F.);
#7539 = EDGE_CURVE('',#7462,#7118,#7540,.T.);
#7540 = LINE('',#7541,#7542);
#7541 = CARTESIAN_POINT('',(-1.202081561089,-9.202081680298,
    1.899999976158));
#7542 = VECTOR('',#7543,1.);
#7543 = DIRECTION('',(-0.671557676419,0.740952284053,0.));
#7544 = ORIENTED_EDGE('',*,*,#7461,.F.);
#7545 = ORIENTED_EDGE('',*,*,#7446,.F.);
#7546 = PLANE('',#7547);
#7547 = AXIS2_PLACEMENT_3D('',#7548,#7549,#7550);
#7548 = CARTESIAN_POINT('',(-1.722735789218,-9.661659441926,
    1.014714323677));
#7549 = DIRECTION('',(0.582998059218,0.528396808313,-0.617179127898));
#7550 = DIRECTION('',(-0.726950436349,0.,-0.686689932278));
#7551 = ADVANCED_FACE('',(#7552),#7569,.T.);
#7552 = FACE_BOUND('',#7553,.T.);
#7553 = EDGE_LOOP('',(#7554,#7562,#7563));
#7554 = ORIENTED_EDGE('',*,*,#7555,.F.);
#7555 = EDGE_CURVE('',#7402,#7556,#7558,.T.);
#7556 = VERTEX_POINT('',#7557);
#7557 = CARTESIAN_POINT('',(-0.836072564125,-10.75616168975,
    0.397235512733));
#7558 = LINE('',#7559,#7560);
#7559 = CARTESIAN_POINT('',(-1.054705500603,-10.70860481262,
    0.360419392586));
#7560 = VECTOR('',#7561,1.);
#7561 = DIRECTION('',(0.964184943256,-0.209728806747,0.162361395714));
#7562 = ORIENTED_EDGE('',*,*,#7410,.F.);
#7563 = ORIENTED_EDGE('',*,*,#7564,.T.);
#7564 = EDGE_CURVE('',#7379,#7556,#7565,.T.);
#7565 = LINE('',#7566,#7567);
#7566 = CARTESIAN_POINT('',(-1.11533343792,-10.692653656,0.353527933359)
  );
#7567 = VECTOR('',#7568,1.);
#7568 = DIRECTION('',(0.963941797812,-0.21921455519,0.150868118643));
#7569 = PLANE('',#7570);
#7570 = AXIS2_PLACEMENT_3D('',#7571,#7572,#7573);
#7571 = CARTESIAN_POINT('',(-0.97573862386,-10.72494054758,
    0.374726638129));
#7572 = DIRECTION('',(0.265073681275,0.7408988153,-0.61709390613));
#7573 = DIRECTION('',(2.775557561563E-17,0.639987434587,0.768385374386)
  );
#7574 = ADVANCED_FACE('',(#7575),#7592,.T.);
#7575 = FACE_BOUND('',#7576,.T.);
#7576 = EDGE_LOOP('',(#7577,#7585,#7591));
#7577 = ORIENTED_EDGE('',*,*,#7578,.T.);
#7578 = EDGE_CURVE('',#7379,#7579,#7581,.T.);
#7579 = VERTEX_POINT('',#7580);
#7580 = CARTESIAN_POINT('',(-0.65056180954,-9.570594787598,
    1.899999976158));
#7581 = LINE('',#7582,#7583);
#7582 = CARTESIAN_POINT('',(-1.11533343792,-10.692653656,0.353527933359)
  );
#7583 = VECTOR('',#7584,1.);
#7584 = DIRECTION('',(0.236360407578,0.57062495916,0.786461005844));
#7585 = ORIENTED_EDGE('',*,*,#7586,.T.);
#7586 = EDGE_CURVE('',#7579,#7556,#7587,.T.);
#7587 = LINE('',#7588,#7589);
#7588 = CARTESIAN_POINT('',(-0.65056180954,-9.570594787598,
    1.899999976158));
#7589 = VECTOR('',#7590,1.);
#7590 = DIRECTION('',(-9.646481899391E-02,-0.61648984652,-0.781431255987
    ));
#7591 = ORIENTED_EDGE('',*,*,#7564,.F.);
#7592 = PLANE('',#7593);
#7593 = AXIS2_PLACEMENT_3D('',#7594,#7595,#7596);
#7594 = CARTESIAN_POINT('',(-0.825125030963,-10.18732897993,
    1.084733103918));
#7595 = DIRECTION('',(0.265071077638,0.740828513377,-0.617179420888));
#7596 = DIRECTION('',(0.,0.640075646718,0.768311894011));
#7597 = ADVANCED_FACE('',(#7598),#7615,.T.);
#7598 = FACE_BOUND('',#7599,.T.);
#7599 = EDGE_LOOP('',(#7600,#7608,#7614));
#7600 = ORIENTED_EDGE('',*,*,#7601,.T.);
#7601 = EDGE_CURVE('',#7310,#7602,#7604,.T.);
#7602 = VERTEX_POINT('',#7603);
#7603 = CARTESIAN_POINT('',(-0.9444693923,-9.413497924805,1.899999976158
    ));
#7604 = LINE('',#7605,#7606);
#7605 = CARTESIAN_POINT('',(-1.6683614254,-10.49687957763,0.24088332057)
  );
#7606 = VECTOR('',#7607,1.);
#7607 = DIRECTION('',(0.343142175142,0.513548871742,0.786461063226));
#7608 = ORIENTED_EDGE('',*,*,#7609,.T.);
#7609 = EDGE_CURVE('',#7602,#7333,#7610,.T.);
#7610 = LINE('',#7611,#7612);
#7611 = CARTESIAN_POINT('',(-0.9444693923,-9.413497924805,1.899999976158
    ));
#7612 = VECTOR('',#7613,1.);
#7613 = DIRECTION('',(-0.219276646235,-0.583598280889,-0.781876460164));
#7614 = ORIENTED_EDGE('',*,*,#7341,.F.);
#7615 = PLANE('',#7616);
#7616 = AXIS2_PLACEMENT_3D('',#7617,#7618,#7619);
#7617 = CARTESIAN_POINT('',(-1.258278921747,-10.02016473312,
    1.030940227302));
#7618 = DIRECTION('',(0.404507182416,0.674880405597,-0.617179372237));
#7619 = DIRECTION('',(-2.775557561563E-17,0.674856066561,0.737949381344)
  );
#7620 = ADVANCED_FACE('',(#7621),#7638,.T.);
#7621 = FACE_BOUND('',#7622,.T.);
#7622 = EDGE_LOOP('',(#7623,#7631,#7637));
#7623 = ORIENTED_EDGE('',*,*,#7624,.T.);
#7624 = EDGE_CURVE('',#7333,#7625,#7627,.T.);
#7625 = VERTEX_POINT('',#7626);
#7626 = CARTESIAN_POINT('',(-0.801374435425,-9.499266624451,
    1.899999976158));
#7627 = LINE('',#7628,#7629);
#7628 = CARTESIAN_POINT('',(-1.391571879387,-10.60344791412,
    0.30576312542));
#7629 = VECTOR('',#7630,1.);
#7630 = DIRECTION('',(0.291153375795,0.544709424392,0.786461286232));
#7631 = ORIENTED_EDGE('',*,*,#7632,.T.);
#7632 = EDGE_CURVE('',#7625,#7379,#7633,.T.);
#7633 = LINE('',#7634,#7635);
#7634 = CARTESIAN_POINT('',(-0.801374435425,-9.499266624451,
    1.899999976158));
#7635 = VECTOR('',#7636,1.);
#7636 = DIRECTION('',(-0.158688279861,-0.603188740381,-0.781652974991));
#7637 = ORIENTED_EDGE('',*,*,#7387,.F.);
#7638 = PLANE('',#7639);
#7639 = AXIS2_PLACEMENT_3D('',#7640,#7641,#7642);
#7640 = CARTESIAN_POINT('',(-1.043660290207,-10.11270624394,
    1.060965985642));
#7641 = DIRECTION('',(0.336410835704,0.7112789139,-0.617179111978));
#7642 = DIRECTION('',(2.775557561563E-17,0.655377582681,0.755301412761)
  );
#7643 = ADVANCED_FACE('',(#7644),#7654,.T.);
#7644 = FACE_BOUND('',#7645,.T.);
#7645 = EDGE_LOOP('',(#7646,#7647,#7653));
#7646 = ORIENTED_EDGE('',*,*,#7508,.F.);
#7647 = ORIENTED_EDGE('',*,*,#7648,.F.);
#7648 = EDGE_CURVE('',#7602,#7501,#7649,.T.);
#7649 = LINE('',#7650,#7651);
#7650 = CARTESIAN_POINT('',(-0.9444693923,-9.413497924805,1.899999976158
    ));
#7651 = VECTOR('',#7652,1.);
#7652 = DIRECTION('',(-0.803207713973,0.595699058429,0.));
#7653 = ORIENTED_EDGE('',*,*,#7601,.F.);
#7654 = PLANE('',#7655);
#7655 = AXIS2_PLACEMENT_3D('',#7656,#7657,#7658);
#7656 = CARTESIAN_POINT('',(-1.327543718217,-9.908785750397,
    1.101911945614));
#7657 = DIRECTION('',(0.468709410183,0.631981885054,-0.617179378925));
#7658 = DIRECTION('',(0.,0.698678543869,0.715435735993));
#7659 = ADVANCED_FACE('',(#7660),#7670,.T.);
#7660 = FACE_BOUND('',#7661,.T.);
#7661 = EDGE_LOOP('',(#7662,#7663,#7669));
#7662 = ORIENTED_EDGE('',*,*,#7609,.F.);
#7663 = ORIENTED_EDGE('',*,*,#7664,.F.);
#7664 = EDGE_CURVE('',#7625,#7602,#7665,.T.);
#7665 = LINE('',#7666,#7667);
#7666 = CARTESIAN_POINT('',(-0.801374435425,-9.499266624451,
    1.899999976158));
#7667 = VECTOR('',#7668,1.);
#7668 = DIRECTION('',(-0.85772627563,0.514106638834,0.));
#7669 = ORIENTED_EDGE('',*,*,#7624,.F.);
#7670 = PLANE('',#7671);
#7671 = AXIS2_PLACEMENT_3D('',#7672,#7673,#7674);
#7672 = CARTESIAN_POINT('',(-1.122126672346,-10.00725043883,
    1.134298092563));
#7673 = DIRECTION('',(0.404510808041,0.674878561421,-0.617179012534));
#7674 = DIRECTION('',(2.775557561563E-17,0.674856856618,0.737948658834)
  );
#7675 = ADVANCED_FACE('',(#7676),#7686,.T.);
#7676 = FACE_BOUND('',#7677,.T.);
#7677 = EDGE_LOOP('',(#7678,#7679,#7685));
#7678 = ORIENTED_EDGE('',*,*,#7632,.F.);
#7679 = ORIENTED_EDGE('',*,*,#7680,.F.);
#7680 = EDGE_CURVE('',#7579,#7625,#7681,.T.);
#7681 = LINE('',#7682,#7683);
#7682 = CARTESIAN_POINT('',(-0.65056180954,-9.570594787598,
    1.899999976158));
#7683 = VECTOR('',#7684,1.);
#7684 = DIRECTION('',(-0.903991370455,0.427550701255,0.));
#7685 = ORIENTED_EDGE('',*,*,#7578,.F.);
#7686 = PLANE('',#7687);
#7687 = AXIS2_PLACEMENT_3D('',#7688,#7689,#7690);
#7688 = CARTESIAN_POINT('',(-0.912862488738,-10.09025255483,
    1.15813782604));
#7689 = DIRECTION('',(0.336406449705,0.711280619132,-0.617179537448));
#7690 = DIRECTION('',(-2.775557561563E-17,0.655376944081,0.755301966877)
  );
#7691 = ADVANCED_FACE('',(#7692),#7709,.T.);
#7692 = FACE_BOUND('',#7693,.T.);
#7693 = EDGE_LOOP('',(#7694,#7695,#7703));
#7694 = ORIENTED_EDGE('',*,*,#7586,.F.);
#7695 = ORIENTED_EDGE('',*,*,#7696,.F.);
#7696 = EDGE_CURVE('',#7697,#7579,#7699,.T.);
#7697 = VERTEX_POINT('',#7698);
#7698 = CARTESIAN_POINT('',(-0.493483960629,-9.626798629761,
    1.899999976158));
#7699 = LINE('',#7700,#7701);
#7700 = CARTESIAN_POINT('',(-0.493483960629,-9.626798629761,
    1.899999976158));
#7701 = VECTOR('',#7702,1.);
#7702 = DIRECTION('',(-0.941543135188,0.336892452543,0.));
#7703 = ORIENTED_EDGE('',*,*,#7704,.F.);
#7704 = EDGE_CURVE('',#7556,#7697,#7705,.T.);
#7705 = LINE('',#7706,#7707);
#7706 = CARTESIAN_POINT('',(-0.836072564125,-10.75616168975,
    0.397235512733));
#7707 = VECTOR('',#7708,1.);
#7708 = DIRECTION('',(0.179291346395,0.591044248199,0.786461257646));
#7709 = PLANE('',#7710);
#7710 = AXIS2_PLACEMENT_3D('',#7711,#7712,#7713);
#7711 = CARTESIAN_POINT('',(-0.698663003913,-10.15325280003,
    1.179950457201));
#7712 = DIRECTION('',(0.265074633809,0.740827524903,-0.617179080054));
#7713 = DIRECTION('',(0.,0.640075942202,0.768311647845));
#7714 = ADVANCED_FACE('',(#7715),#7732,.T.);
#7715 = FACE_BOUND('',#7716,.T.);
#7716 = EDGE_LOOP('',(#7717,#7718,#7726));
#7717 = ORIENTED_EDGE('',*,*,#7704,.T.);
#7718 = ORIENTED_EDGE('',*,*,#7719,.T.);
#7719 = EDGE_CURVE('',#7697,#7720,#7722,.T.);
#7720 = VERTEX_POINT('',#7721);
#7721 = CARTESIAN_POINT('',(-0.557137608528,-10.80091953277,
    0.428290188313));
#7722 = LINE('',#7723,#7724);
#7723 = CARTESIAN_POINT('',(-0.493483960629,-9.626798629761,
    1.899999976158));
#7724 = VECTOR('',#7725,1.);
#7725 = DIRECTION('',(-3.379079117506E-02,-0.623286733081,
    -0.781262971602));
#7726 = ORIENTED_EDGE('',*,*,#7727,.F.);
#7727 = EDGE_CURVE('',#7556,#7720,#7728,.T.);
#7728 = LINE('',#7729,#7730);
#7729 = CARTESIAN_POINT('',(-0.836072564125,-10.75616168975,
    0.397235512733));
#7730 = VECTOR('',#7731,1.);
#7731 = DIRECTION('',(0.98145759041,-0.157484473991,0.109268653689));
#7732 = PLANE('',#7733);
#7733 = AXIS2_PLACEMENT_3D('',#7734,#7735,#7736);
#7734 = CARTESIAN_POINT('',(-0.602583413814,-10.24272174279,
    1.104515128557));
#7735 = DIRECTION('',(0.191182173498,0.76324262359,-0.617179126406));
#7736 = DIRECTION('',(1.387778780781E-17,0.628777191224,0.777585521854)
  );
#7737 = ADVANCED_FACE('',(#7738),#7755,.T.);
#7738 = FACE_BOUND('',#7739,.T.);
#7739 = EDGE_LOOP('',(#7740,#7741,#7749));
#7740 = ORIENTED_EDGE('',*,*,#7719,.F.);
#7741 = ORIENTED_EDGE('',*,*,#7742,.F.);
#7742 = EDGE_CURVE('',#7743,#7697,#7745,.T.);
#7743 = VERTEX_POINT('',#7744);
#7744 = CARTESIAN_POINT('',(-0.331653535366,-9.66733455658,
    1.899999976158));
#7745 = LINE('',#7746,#7747);
#7746 = CARTESIAN_POINT('',(-0.331653535366,-9.66733455658,
    1.899999976158));
#7747 = VECTOR('',#7748,1.);
#7748 = DIRECTION('',(-0.970031937655,0.242977447368,0.));
#7749 = ORIENTED_EDGE('',*,*,#7750,.F.);
#7750 = EDGE_CURVE('',#7720,#7743,#7751,.T.);
#7751 = LINE('',#7752,#7753);
#7752 = CARTESIAN_POINT('',(-0.557137608528,-10.80091953277,
    0.428290188313));
#7753 = VECTOR('',#7754,1.);
#7754 = DIRECTION('',(0.120495538539,0.60577197436,0.786461149881));
#7755 = PLANE('',#7756);
#7756 = AXIS2_PLACEMENT_3D('',#7757,#7758,#7759);
#7757 = CARTESIAN_POINT('',(-0.481906775093,-10.19941952111,
    1.195446968666));
#7758 = DIRECTION('',(0.19118012863,0.763242978414,-0.617179321039));
#7759 = DIRECTION('',(1.387778780781E-17,0.628777134375,0.777585567824)
  );
#7760 = ADVANCED_FACE('',(#7761),#7783,.T.);
#7761 = FACE_BOUND('',#7762,.T.);
#7762 = EDGE_LOOP('',(#7763,#7771,#7777));
#7763 = ORIENTED_EDGE('',*,*,#7764,.T.);
#7764 = EDGE_CURVE('',#7765,#7356,#7767,.T.);
#7765 = VERTEX_POINT('',#7766);
#7766 = CARTESIAN_POINT('',(-0.278730839491,-10.83000183105,
    0.443695008755));
#7767 = LINE('',#7768,#7769);
#7768 = CARTESIAN_POINT('',(-0.278730839491,-10.83000183105,
    0.443695008755));
#7769 = VECTOR('',#7770,1.);
#7770 = DIRECTION('',(-0.971444067055,-0.142206697033,0.189930723959));
#7771 = ORIENTED_EDGE('',*,*,#7772,.F.);
#7772 = EDGE_CURVE('',#7720,#7356,#7773,.T.);
#7773 = LINE('',#7774,#7775);
#7774 = CARTESIAN_POINT('',(-0.557137608528,-10.80091953277,
    0.428290188313));
#7775 = VECTOR('',#7776,1.);
#7776 = DIRECTION('',(-0.917765457213,-0.257358627392,0.302445205703));
#7777 = ORIENTED_EDGE('',*,*,#7778,.T.);
#7778 = EDGE_CURVE('',#7720,#7765,#7779,.T.);
#7779 = LINE('',#7780,#7781);
#7780 = CARTESIAN_POINT('',(-0.557137608528,-10.80091953277,
    0.428290188313));
#7781 = VECTOR('',#7782,1.);
#7782 = DIRECTION('',(0.993085642412,-0.103737466474,5.494947575441E-02)
  );
#7783 = PLANE('',#7784);
#7784 = AXIS2_PLACEMENT_3D('',#7785,#7786,#7787);
#7785 = CARTESIAN_POINT('',(-0.682046723961,-10.87132012755,
    0.50482701633));
#7786 = DIRECTION('',(-3.471739525462E-02,-0.706679408646,
    -0.706681622701));
#7787 = DIRECTION('',(3.469446951954E-18,-0.707107888881,0.707105673491)
  );
#7788 = ADVANCED_FACE('',(#7789),#7806,.T.);
#7789 = FACE_BOUND('',#7790,.T.);
#7790 = EDGE_LOOP('',(#7791,#7799,#7800));
#7791 = ORIENTED_EDGE('',*,*,#7792,.T.);
#7792 = EDGE_CURVE('',#7793,#7356,#7795,.T.);
#7793 = VERTEX_POINT('',#7794);
#7794 = CARTESIAN_POINT('',(0.,-11.,0.600000023842));
#7795 = LINE('',#7796,#7797);
#7796 = CARTESIAN_POINT('',(0.,-11.,0.600000023842));
#7797 = VECTOR('',#7798,1.);
#7798 = DIRECTION('',(-0.998795455349,4.906769174822E-02,0.));
#7799 = ORIENTED_EDGE('',*,*,#7764,.F.);
#7800 = ORIENTED_EDGE('',*,*,#7801,.T.);
#7801 = EDGE_CURVE('',#7765,#7793,#7802,.T.);
#7802 = LINE('',#7803,#7804);
#7803 = CARTESIAN_POINT('',(-0.278730839491,-10.83000183105,
    0.443695008755));
#7804 = VECTOR('',#7805,1.);
#7805 = DIRECTION('',(0.770040757597,-0.469648493306,0.431818855975));
#7806 = PLANE('',#7807);
#7807 = AXIS2_PLACEMENT_3D('',#7808,#7809,#7810);
#7808 = CARTESIAN_POINT('',(-0.525846906542,-10.93327102981,
    0.559104259831));
#7809 = DIRECTION('',(-3.471700247841E-02,-0.706680568483,
    -0.706680482161));
#7810 = DIRECTION('',(0.,0.707106737999,-0.707106824374));
#7811 = ADVANCED_FACE('',(#7812),#7829,.T.);
#7812 = FACE_BOUND('',#7813,.T.);
#7813 = EDGE_LOOP('',(#7814,#7822,#7823));
#7814 = ORIENTED_EDGE('',*,*,#7815,.T.);
#7815 = EDGE_CURVE('',#7816,#7793,#7818,.T.);
#7816 = VERTEX_POINT('',#7817);
#7817 = CARTESIAN_POINT('',(0.,-10.84369468689,0.443695008755));
#7818 = LINE('',#7819,#7820);
#7819 = CARTESIAN_POINT('',(0.,-10.84369468689,0.443695008755));
#7820 = VECTOR('',#7821,1.);
#7821 = DIRECTION('',(0.,-0.707107455298,0.707106107075));
#7822 = ORIENTED_EDGE('',*,*,#7801,.F.);
#7823 = ORIENTED_EDGE('',*,*,#7824,.T.);
#7824 = EDGE_CURVE('',#7765,#7816,#7825,.T.);
#7825 = LINE('',#7826,#7827);
#7826 = CARTESIAN_POINT('',(-0.278730839491,-10.83000183105,
    0.443695008755));
#7827 = VECTOR('',#7828,1.);
#7828 = DIRECTION('',(0.998795511039,-4.906655813992E-02,0.));
#7829 = PLANE('',#7830);
#7830 = AXIS2_PLACEMENT_3D('',#7831,#7832,#7833);
#7831 = CARTESIAN_POINT('',(-0.103630454474,-10.89145748912,
    0.496548631891));
#7832 = DIRECTION('',(-3.47161642725E-02,-0.706679872205,-0.706681219616
    ));
#7833 = DIRECTION('',(-3.469446951954E-18,-0.707107455298,0.707106107075
    ));
#7834 = ADVANCED_FACE('',(#7835),#7852,.T.);
#7835 = FACE_BOUND('',#7836,.T.);
#7836 = EDGE_LOOP('',(#7837,#7845,#7846));
#7837 = ORIENTED_EDGE('',*,*,#7838,.T.);
#7838 = EDGE_CURVE('',#7839,#7793,#7841,.T.);
#7839 = VERTEX_POINT('',#7840);
#7840 = CARTESIAN_POINT('',(0.278730839491,-10.83000183105,
    0.443695008755));
#7841 = LINE('',#7842,#7843);
#7842 = CARTESIAN_POINT('',(0.278730839491,-10.83000183105,
    0.443695008755));
#7843 = VECTOR('',#7844,1.);
#7844 = DIRECTION('',(-0.770040757597,-0.469648493306,0.431818855975));
#7845 = ORIENTED_EDGE('',*,*,#7815,.F.);
#7846 = ORIENTED_EDGE('',*,*,#7847,.T.);
#7847 = EDGE_CURVE('',#7816,#7839,#7848,.T.);
#7848 = LINE('',#7849,#7850);
#7849 = CARTESIAN_POINT('',(0.,-10.84369468689,0.443695008755));
#7850 = VECTOR('',#7851,1.);
#7851 = DIRECTION('',(0.998795511039,4.906655813992E-02,0.));
#7852 = PLANE('',#7853);
#7853 = AXIS2_PLACEMENT_3D('',#7854,#7855,#7856);
#7854 = CARTESIAN_POINT('',(0.103630454474,-10.89145748912,
    0.496548631891));
#7855 = DIRECTION('',(3.47161642725E-02,-0.706679872205,-0.706681219616)
  );
#7856 = DIRECTION('',(3.469446951954E-18,-0.707107455298,0.707106107075)
  );
#7857 = ADVANCED_FACE('',(#7858),#7875,.T.);
#7858 = FACE_BOUND('',#7859,.T.);
#7859 = EDGE_LOOP('',(#7860,#7868,#7869));
#7860 = ORIENTED_EDGE('',*,*,#7861,.T.);
#7861 = EDGE_CURVE('',#7862,#7793,#7864,.T.);
#7862 = VERTEX_POINT('',#7863);
#7863 = CARTESIAN_POINT('',(0.557137608528,-10.80091953277,
    0.428290188313));
#7864 = LINE('',#7865,#7866);
#7865 = CARTESIAN_POINT('',(0.557137608528,-10.80091953277,
    0.428290188313));
#7866 = VECTOR('',#7867,1.);
#7867 = DIRECTION('',(-0.904368365277,-0.323155489678,0.278726370079));
#7868 = ORIENTED_EDGE('',*,*,#7838,.F.);
#7869 = ORIENTED_EDGE('',*,*,#7870,.T.);
#7870 = EDGE_CURVE('',#7839,#7862,#7871,.T.);
#7871 = LINE('',#7872,#7873);
#7872 = CARTESIAN_POINT('',(0.278730839491,-10.83000183105,
    0.443695008755));
#7873 = VECTOR('',#7874,1.);
#7874 = DIRECTION('',(0.993085642412,0.103737466474,-5.494947575441E-02)
  );
#7875 = PLANE('',#7876);
#7876 = AXIS2_PLACEMENT_3D('',#7877,#7878,#7879);
#7877 = CARTESIAN_POINT('',(0.2695754898,-10.88570599638,0.498949488159)
  );
#7878 = DIRECTION('',(3.471766992758E-02,-0.706681122916,-0.706679894937
    ));
#7879 = DIRECTION('',(0.,0.707106166826,-0.707107395546));
#7880 = ADVANCED_FACE('',(#7881),#7898,.T.);
#7881 = FACE_BOUND('',#7882,.T.);
#7882 = EDGE_LOOP('',(#7883,#7891,#7892));
#7883 = ORIENTED_EDGE('',*,*,#7884,.T.);
#7884 = EDGE_CURVE('',#7885,#7793,#7887,.T.);
#7885 = VERTEX_POINT('',#7886);
#7886 = CARTESIAN_POINT('',(1.078188538551,-10.94703197479,
    0.600000023842));
#7887 = LINE('',#7888,#7889);
#7888 = CARTESIAN_POINT('',(1.078188538551,-10.94703197479,
    0.600000023842));
#7889 = VECTOR('',#7890,1.);
#7890 = DIRECTION('',(-0.998795455349,-4.906769174822E-02,0.));
#7891 = ORIENTED_EDGE('',*,*,#7861,.F.);
#7892 = ORIENTED_EDGE('',*,*,#7893,.T.);
#7893 = EDGE_CURVE('',#7862,#7885,#7894,.T.);
#7894 = LINE('',#7895,#7896);
#7895 = CARTESIAN_POINT('',(0.557137608528,-10.80091953277,
    0.428290188313));
#7896 = VECTOR('',#7897,1.);
#7897 = DIRECTION('',(0.917765457213,-0.257358627392,0.302445205703));
#7898 = PLANE('',#7899);
#7899 = AXIS2_PLACEMENT_3D('',#7900,#7901,#7902);
#7900 = CARTESIAN_POINT('',(0.538059108028,-10.92866105016,
    0.555094286343));
#7901 = DIRECTION('',(3.471697952451E-02,-0.706680101246,-0.706680950525
    ));
#7902 = DIRECTION('',(0.,-0.707107206082,0.707106356291));
#7903 = ADVANCED_FACE('',(#7904),#7914,.T.);
#7904 = FACE_BOUND('',#7905,.T.);
#7905 = EDGE_LOOP('',(#7906,#7907,#7913));
#7906 = ORIENTED_EDGE('',*,*,#7750,.T.);
#7907 = ORIENTED_EDGE('',*,*,#7908,.T.);
#7908 = EDGE_CURVE('',#7743,#7765,#7909,.T.);
#7909 = LINE('',#7910,#7911);
#7910 = CARTESIAN_POINT('',(-0.331653535366,-9.66733455658,
    1.899999976158));
#7911 = VECTOR('',#7912,1.);
#7912 = DIRECTION('',(2.838822906602E-02,-0.623665600732,-0.781175605683
    ));
#7913 = ORIENTED_EDGE('',*,*,#7778,.F.);
#7914 = PLANE('',#7915);
#7915 = AXIS2_PLACEMENT_3D('',#7916,#7917,#7918);
#7916 = CARTESIAN_POINT('',(-0.37792779099,-10.28145950132,
    1.116889209445));
#7917 = DIRECTION('',(0.115451474063,0.778306295417,-0.617179283232));
#7918 = DIRECTION('',(0.,0.621334068722,0.783545770868));
#7919 = ADVANCED_FACE('',(#7920),#7937,.T.);
#7920 = FACE_BOUND('',#7921,.T.);
#7921 = EDGE_LOOP('',(#7922,#7930,#7936));
#7922 = ORIENTED_EDGE('',*,*,#7923,.T.);
#7923 = EDGE_CURVE('',#7765,#7924,#7926,.T.);
#7924 = VERTEX_POINT('',#7925);
#7925 = CARTESIAN_POINT('',(-0.166629135609,-9.691814422607,
    1.899999976158));
#7926 = LINE('',#7927,#7928);
#7927 = CARTESIAN_POINT('',(-0.278730839491,-10.83000183105,
    0.443695008755));
#7928 = VECTOR('',#7929,1.);
#7929 = DIRECTION('',(6.053927843876E-02,0.614665451543,0.786461301302)
  );
#7930 = ORIENTED_EDGE('',*,*,#7931,.T.);
#7931 = EDGE_CURVE('',#7924,#7816,#7932,.T.);
#7932 = LINE('',#7933,#7934);
#7933 = CARTESIAN_POINT('',(-0.166629135609,-9.691814422607,
    1.899999976158));
#7934 = VECTOR('',#7935,1.);
#7935 = DIRECTION('',(8.93814601778E-02,-0.617879577875,-0.781175896851)
  );
#7936 = ORIENTED_EDGE('',*,*,#7824,.F.);
#7937 = PLANE('',#7938);
#7938 = AXIS2_PLACEMENT_3D('',#7939,#7940,#7941);
#7939 = CARTESIAN_POINT('',(-0.151826515848,-10.30433438048,
    1.120983500876));
#7940 = DIRECTION('',(3.860668344722E-02,0.785875015183,-0.617179053844)
  );
#7941 = DIRECTION('',(-3.469446951954E-18,0.617639513922,0.786461334613)
  );
#7942 = ADVANCED_FACE('',(#7943),#7953,.T.);
#7943 = FACE_BOUND('',#7944,.T.);
#7944 = EDGE_LOOP('',(#7945,#7946,#7952));
#7945 = ORIENTED_EDGE('',*,*,#7908,.F.);
#7946 = ORIENTED_EDGE('',*,*,#7947,.F.);
#7947 = EDGE_CURVE('',#7924,#7743,#7948,.T.);
#7948 = LINE('',#7949,#7950);
#7949 = CARTESIAN_POINT('',(-0.166629135609,-9.691814422607,
    1.899999976158));
#7950 = VECTOR('',#7951,1.);
#7951 = DIRECTION('',(-0.989175806365,0.146735217661,0.));
#7952 = ORIENTED_EDGE('',*,*,#7923,.F.);
#7953 = PLANE('',#7954);
#7954 = AXIS2_PLACEMENT_3D('',#7955,#7956,#7957);
#7955 = CARTESIAN_POINT('',(-0.263433537484,-10.23005349053,
    1.203133660152));
#7956 = DIRECTION('',(0.115454613043,0.778306065683,-0.617178985748));
#7957 = DIRECTION('',(6.938893903907E-18,0.621333997452,0.783545827384)
  );
#7958 = ADVANCED_FACE('',(#7959),#7976,.T.);
#7959 = FACE_BOUND('',#7960,.T.);
#7960 = EDGE_LOOP('',(#7961,#7962,#7970));
#7961 = ORIENTED_EDGE('',*,*,#7931,.F.);
#7962 = ORIENTED_EDGE('',*,*,#7963,.F.);
#7963 = EDGE_CURVE('',#7964,#7924,#7966,.T.);
#7964 = VERTEX_POINT('',#7965);
#7965 = CARTESIAN_POINT('',(0.,-9.699999809265,1.899999976158));
#7966 = LINE('',#7967,#7968);
#7967 = CARTESIAN_POINT('',(0.,-9.699999809265,1.899999976158));
#7968 = VECTOR('',#7969,1.);
#7969 = DIRECTION('',(-0.998795625952,4.906421893497E-02,0.));
#7970 = ORIENTED_EDGE('',*,*,#7971,.T.);
#7971 = EDGE_CURVE('',#7964,#7816,#7972,.T.);
#7972 = LINE('',#7973,#7974);
#7973 = CARTESIAN_POINT('',(0.,-9.699999809265,1.899999976158));
#7974 = VECTOR('',#7975,1.);
#7975 = DIRECTION('',(0.,-0.61763964459,-0.786461231994));
#7976 = PLANE('',#7977);
#7977 = AXIS2_PLACEMENT_3D('',#7978,#7979,#7980);
#7978 = CARTESIAN_POINT('',(-4.358156480103E-02,-10.24513610457,
    1.203133639172));
#7979 = DIRECTION('',(3.860483618605E-02,0.785874968769,-0.617179228494)
  );
#7980 = DIRECTION('',(0.,0.61763964459,0.786461231994));
#7981 = ADVANCED_FACE('',(#7982),#7992,.T.);
#7982 = FACE_BOUND('',#7983,.T.);
#7983 = EDGE_LOOP('',(#7984,#7985,#7991));
#7984 = ORIENTED_EDGE('',*,*,#7971,.F.);
#7985 = ORIENTED_EDGE('',*,*,#7986,.T.);
#7986 = EDGE_CURVE('',#7964,#7839,#7987,.T.);
#7987 = LINE('',#7988,#7989);
#7988 = CARTESIAN_POINT('',(0.,-9.699999809265,1.899999976158));
#7989 = VECTOR('',#7990,1.);
#7990 = DIRECTION('',(0.149513841228,-0.606143701868,-0.781175667803));
#7991 = ORIENTED_EDGE('',*,*,#7847,.F.);
#7992 = PLANE('',#7993);
#7993 = AXIS2_PLACEMENT_3D('',#7994,#7995,#7996);
#7994 = CARTESIAN_POINT('',(7.476882506135E-02,-10.30811970673,
    1.120983509913));
#7995 = DIRECTION('',(-3.860667841726E-02,0.785874912794,-0.617179184535
    ));
#7996 = DIRECTION('',(-3.469446951954E-18,0.61763964459,0.786461231994)
  );
#7997 = ADVANCED_FACE('',(#7998),#8015,.T.);
#7998 = FACE_BOUND('',#7999,.T.);
#7999 = EDGE_LOOP('',(#8000,#8008,#8014));
#8000 = ORIENTED_EDGE('',*,*,#8001,.T.);
#8001 = EDGE_CURVE('',#7839,#8002,#8004,.T.);
#8002 = VERTEX_POINT('',#8003);
#8003 = CARTESIAN_POINT('',(0.166629135609,-9.691814422607,
    1.899999976158));
#8004 = LINE('',#8005,#8006);
#8005 = CARTESIAN_POINT('',(0.278730839491,-10.83000183105,
    0.443695008755));
#8006 = VECTOR('',#8007,1.);
#8007 = DIRECTION('',(-6.053927843876E-02,0.614665451543,0.786461301302)
  );
#8008 = ORIENTED_EDGE('',*,*,#8009,.T.);
#8009 = EDGE_CURVE('',#8002,#7862,#8010,.T.);
#8010 = LINE('',#8011,#8012);
#8011 = CARTESIAN_POINT('',(0.166629135609,-9.691814422607,
    1.899999976158));
#8012 = VECTOR('',#8013,1.);
#8013 = DIRECTION('',(0.207302989534,-0.588772897362,-0.781263045243));
#8014 = ORIENTED_EDGE('',*,*,#7870,.F.);
#8015 = PLANE('',#8016);
#8016 = AXIS2_PLACEMENT_3D('',#8017,#8018,#8019);
#8017 = CARTESIAN_POINT('',(0.301608794549,-10.29280052142,
    1.116864252093));
#8018 = DIRECTION('',(-0.115451480079,0.778306470669,-0.617179061102));
#8019 = DIRECTION('',(-6.938893903907E-18,0.621333845535,0.783545947851)
  );
#8020 = ADVANCED_FACE('',(#8021),#8031,.T.);
#8021 = FACE_BOUND('',#8022,.T.);
#8022 = EDGE_LOOP('',(#8023,#8024,#8030));
#8023 = ORIENTED_EDGE('',*,*,#7986,.F.);
#8024 = ORIENTED_EDGE('',*,*,#8025,.F.);
#8025 = EDGE_CURVE('',#8002,#7964,#8026,.T.);
#8026 = LINE('',#8027,#8028);
#8027 = CARTESIAN_POINT('',(0.166629135609,-9.691814422607,
    1.899999976158));
#8028 = VECTOR('',#8029,1.);
#8029 = DIRECTION('',(-0.998795625952,-4.906421893497E-02,0.));
#8030 = ORIENTED_EDGE('',*,*,#8001,.F.);
#8031 = PLANE('',#8032);
#8032 = AXIS2_PLACEMENT_3D('',#8033,#8034,#8035);
#8033 = CARTESIAN_POINT('',(0.176690107938,-10.23859705208,
    1.203133636083));
#8034 = DIRECTION('',(-3.860484459957E-02,0.785875140042,-0.61717900988)
  );
#8035 = DIRECTION('',(0.,0.617639426014,0.786461403651));
#8036 = ADVANCED_FACE('',(#8037),#8054,.T.);
#8037 = FACE_BOUND('',#8038,.T.);
#8038 = EDGE_LOOP('',(#8039,#8040,#8048));
#8039 = ORIENTED_EDGE('',*,*,#8009,.F.);
#8040 = ORIENTED_EDGE('',*,*,#8041,.F.);
#8041 = EDGE_CURVE('',#8042,#8002,#8044,.T.);
#8042 = VERTEX_POINT('',#8043);
#8043 = CARTESIAN_POINT('',(0.331653535366,-9.66733455658,1.899999976158
    ));
#8044 = LINE('',#8045,#8046);
#8045 = CARTESIAN_POINT('',(0.331653535366,-9.66733455658,1.899999976158
    ));
#8046 = VECTOR('',#8047,1.);
#8047 = DIRECTION('',(-0.989175806365,-0.146735217661,0.));
#8048 = ORIENTED_EDGE('',*,*,#8049,.F.);
#8049 = EDGE_CURVE('',#7862,#8042,#8050,.T.);
#8050 = LINE('',#8051,#8052);
#8051 = CARTESIAN_POINT('',(0.557137608528,-10.80091953277,
    0.428290188313));
#8052 = VECTOR('',#8053,1.);
#8053 = DIRECTION('',(-0.120495538539,0.60577197436,0.786461149881));
#8054 = PLANE('',#8055);
#8055 = AXIS2_PLACEMENT_3D('',#8056,#8057,#8058);
#8056 = CARTESIAN_POINT('',(0.396457698262,-10.21641645379,
    1.195447006938));
#8057 = DIRECTION('',(-0.115454570185,0.778305776768,-0.617179358107));
#8058 = DIRECTION('',(6.938893903907E-18,0.621334369201,0.783545532595)
  );
#8059 = ADVANCED_FACE('',(#8060),#8077,.T.);
#8060 = FACE_BOUND('',#8061,.T.);
#8061 = EDGE_LOOP('',(#8062,#8063,#8071));
#8062 = ORIENTED_EDGE('',*,*,#8049,.T.);
#8063 = ORIENTED_EDGE('',*,*,#8064,.T.);
#8064 = EDGE_CURVE('',#8042,#8065,#8067,.T.);
#8065 = VERTEX_POINT('',#8066);
#8066 = CARTESIAN_POINT('',(0.836072564125,-10.75616168975,
    0.397235512733));
#8067 = LINE('',#8068,#8069);
#8068 = CARTESIAN_POINT('',(0.331653535366,-9.66733455658,1.899999976158
    ));
#8069 = VECTOR('',#8070,1.);
#8070 = DIRECTION('',(0.262295793356,-0.566185572791,-0.781431259901));
#8071 = ORIENTED_EDGE('',*,*,#8072,.F.);
#8072 = EDGE_CURVE('',#7862,#8065,#8073,.T.);
#8073 = LINE('',#8074,#8075);
#8074 = CARTESIAN_POINT('',(0.557137608528,-10.80091953277,
    0.428290188313));
#8075 = VECTOR('',#8076,1.);
#8076 = DIRECTION('',(0.98145759041,0.157484473991,-0.109268653689));
#8077 = PLANE('',#8078);
#8078 = AXIS2_PLACEMENT_3D('',#8079,#8080,#8081);
#8079 = CARTESIAN_POINT('',(0.527729975025,-10.26151097991,
    1.104466092341));
#8080 = DIRECTION('',(-0.191182170937,0.763242507271,-0.617179271047));
#8081 = DIRECTION('',(-1.387778780781E-17,0.628777338264,0.777585402953)
  );
#8082 = ADVANCED_FACE('',(#8083),#8100,.T.);
#8083 = FACE_BOUND('',#8084,.T.);
#8084 = EDGE_LOOP('',(#8085,#8086,#8094));
#8085 = ORIENTED_EDGE('',*,*,#8064,.F.);
#8086 = ORIENTED_EDGE('',*,*,#8087,.F.);
#8087 = EDGE_CURVE('',#8088,#8042,#8090,.T.);
#8088 = VERTEX_POINT('',#8089);
#8089 = CARTESIAN_POINT('',(0.493483960629,-9.626798629761,
    1.899999976158));
#8090 = LINE('',#8091,#8092);
#8091 = CARTESIAN_POINT('',(0.493483960629,-9.626798629761,
    1.899999976158));
#8092 = VECTOR('',#8093,1.);
#8093 = DIRECTION('',(-0.970031937655,-0.242977447368,0.));
#8094 = ORIENTED_EDGE('',*,*,#8095,.F.);
#8095 = EDGE_CURVE('',#8065,#8088,#8096,.T.);
#8096 = LINE('',#8097,#8098);
#8097 = CARTESIAN_POINT('',(0.836072564125,-10.75616168975,
    0.397235512733));
#8098 = VECTOR('',#8099,1.);
#8099 = DIRECTION('',(-0.179291346395,0.591044248199,0.786461257646));
#8100 = PLANE('',#8101);
#8101 = AXIS2_PLACEMENT_3D('',#8102,#8103,#8104);
#8102 = CARTESIAN_POINT('',(0.615366211299,-10.17852063933,
    1.179950417043));
#8103 = DIRECTION('',(-0.191180175137,0.76324316408,-0.617179077026));
#8104 = DIRECTION('',(1.387778780781E-17,0.628776891579,0.777585764155)
  );
#8105 = ADVANCED_FACE('',(#8106),#8123,.T.);
#8106 = FACE_BOUND('',#8107,.T.);
#8107 = EDGE_LOOP('',(#8108,#8109,#8117));
#8108 = ORIENTED_EDGE('',*,*,#8095,.T.);
#8109 = ORIENTED_EDGE('',*,*,#8110,.T.);
#8110 = EDGE_CURVE('',#8088,#8111,#8113,.T.);
#8111 = VERTEX_POINT('',#8112);
#8112 = CARTESIAN_POINT('',(1.054705500603,-10.70860481262,
    0.360419392586));
#8113 = LINE('',#8114,#8115);
#8114 = CARTESIAN_POINT('',(0.493483960629,-9.626798629761,
    1.899999976158));
#8115 = VECTOR('',#8116,1.);
#8116 = DIRECTION('',(0.285817834766,-0.55094018814,-0.784074661255));
#8117 = ORIENTED_EDGE('',*,*,#8118,.F.);
#8118 = EDGE_CURVE('',#8065,#8111,#8119,.T.);
#8119 = LINE('',#8120,#8121);
#8120 = CARTESIAN_POINT('',(0.836072564125,-10.75616168975,
    0.397235512733));
#8121 = VECTOR('',#8122,1.);
#8122 = DIRECTION('',(0.964184943256,0.209728806747,-0.162361395714));
#8123 = PLANE('',#8124);
#8124 = AXIS2_PLACEMENT_3D('',#8125,#8126,#8127);
#8125 = CARTESIAN_POINT('',(0.732632932757,-10.21000234724,
    1.097241773279));
#8126 = DIRECTION('',(-0.265072669155,0.740828186675,-0.617179129504));
#8127 = DIRECTION('',(0.,0.640075634957,0.768311903809));
#8128 = ADVANCED_FACE('',(#8129),#8146,.T.);
#8129 = FACE_BOUND('',#8130,.T.);
#8130 = EDGE_LOOP('',(#8131,#8132,#8140));
#8131 = ORIENTED_EDGE('',*,*,#8110,.F.);
#8132 = ORIENTED_EDGE('',*,*,#8133,.F.);
#8133 = EDGE_CURVE('',#8134,#8088,#8136,.T.);
#8134 = VERTEX_POINT('',#8135);
#8135 = CARTESIAN_POINT('',(0.65056180954,-9.570594787598,1.899999976158
    ));
#8136 = LINE('',#8137,#8138);
#8137 = CARTESIAN_POINT('',(0.65056180954,-9.570594787598,1.899999976158
    ));
#8138 = VECTOR('',#8139,1.);
#8139 = DIRECTION('',(-0.941543135188,-0.336892452543,0.));
#8140 = ORIENTED_EDGE('',*,*,#8141,.F.);
#8141 = EDGE_CURVE('',#8111,#8134,#8142,.T.);
#8142 = LINE('',#8143,#8144);
#8143 = CARTESIAN_POINT('',(1.054705500603,-10.70860481262,
    0.360419392586));
#8144 = VECTOR('',#8145,1.);
#8145 = DIRECTION('',(-0.20654263802,0.581594115806,0.78682172259));
#8146 = PLANE('',#8147);
#8147 = AXIS2_PLACEMENT_3D('',#8148,#8149,#8150);
#8148 = CARTESIAN_POINT('',(0.803447084942,-10.13102182328,
    1.161631527054));
#8149 = DIRECTION('',(-0.265074584628,0.740827387452,-0.617179266166));
#8150 = DIRECTION('',(0.,0.640076126243,0.768311494521));
#8151 = ADVANCED_FACE('',(#8152),#8178,.T.);
#8152 = FACE_BOUND('',#8153,.T.);
#8153 = EDGE_LOOP('',(#8154,#8164,#8172));
#8154 = ORIENTED_EDGE('',*,*,#8155,.T.);
#8155 = EDGE_CURVE('',#8156,#8158,#8160,.T.);
#8156 = VERTEX_POINT('',#8157);
#8157 = CARTESIAN_POINT('',(2.052169322968,-10.31695270538,
    0.119073286653));
#8158 = VERTEX_POINT('',#8159);
#8159 = CARTESIAN_POINT('',(2.145993471146,-10.78863811492,
    0.600000023842));
#8160 = LINE('',#8161,#8162);
#8161 = CARTESIAN_POINT('',(2.052169322968,-10.31695270538,
    0.119073286653));
#8162 = VECTOR('',#8163,1.);
#8163 = DIRECTION('',(0.13794974813,-0.693519575793,0.707107109979));
#8164 = ORIENTED_EDGE('',*,*,#8165,.T.);
#8165 = EDGE_CURVE('',#8158,#8166,#8168,.T.);
#8166 = VERTEX_POINT('',#8167);
#8167 = CARTESIAN_POINT('',(1.946449279785,-10.37175559997,
    0.157817572355));
#8168 = LINE('',#8169,#8170);
#8169 = CARTESIAN_POINT('',(2.145993471146,-10.78863811492,
    0.600000023842));
#8170 = VECTOR('',#8171,1.);
#8171 = DIRECTION('',(-0.311965220271,0.6517495935,-0.691303239334));
#8172 = ORIENTED_EDGE('',*,*,#8173,.T.);
#8173 = EDGE_CURVE('',#8166,#8156,#8174,.T.);
#8174 = LINE('',#8175,#8176);
#8175 = CARTESIAN_POINT('',(1.946449279785,-10.37175559997,
    0.157817572355));
#8176 = VECTOR('',#8177,1.);
#8177 = DIRECTION('',(0.844243300805,0.437636754882,-0.309398319036));
#8178 = PLANE('',#8179);
#8179 = AXIS2_PLACEMENT_3D('',#8180,#8181,#8182);
#8180 = CARTESIAN_POINT('',(2.067036202196,-10.54686111066,
    0.348951871131));
#8181 = DIRECTION('',(0.103815473975,-0.699875341342,-0.706680163826));
#8182 = DIRECTION('',(6.938893903907E-18,-0.710519401997,0.703677610406)
  );
#8183 = ADVANCED_FACE('',(#8184),#8201,.T.);
#8184 = FACE_BOUND('',#8185,.T.);
#8185 = EDGE_LOOP('',(#8186,#8187,#8195));
#8186 = ORIENTED_EDGE('',*,*,#8165,.F.);
#8187 = ORIENTED_EDGE('',*,*,#8188,.F.);
#8188 = EDGE_CURVE('',#8189,#8158,#8191,.T.);
#8189 = VERTEX_POINT('',#8190);
#8190 = CARTESIAN_POINT('',(1.6683614254,-10.49687957763,0.24088332057)
  );
#8191 = LINE('',#8192,#8193);
#8192 = CARTESIAN_POINT('',(1.6683614254,-10.49687957763,0.24088332057)
  );
#8193 = VECTOR('',#8194,1.);
#8194 = DIRECTION('',(0.718247558143,-0.43873701282,0.540028035201));
#8195 = ORIENTED_EDGE('',*,*,#8196,.T.);
#8196 = EDGE_CURVE('',#8189,#8166,#8197,.T.);
#8197 = LINE('',#8198,#8199);
#8198 = CARTESIAN_POINT('',(1.6683614254,-10.49687957763,0.24088332057)
  );
#8199 = VECTOR('',#8200,1.);
#8200 = DIRECTION('',(0.879880433613,0.395896972787,-0.262823152486));
#8201 = PLANE('',#8202);
#8202 = AXIS2_PLACEMENT_3D('',#8203,#8204,#8205);
#8203 = CARTESIAN_POINT('',(1.942597268788,-10.57741906937,
    0.360934575454));
#8204 = DIRECTION('',(0.103816830129,-0.699874921705,-0.706680380193));
#8205 = DIRECTION('',(6.938893903907E-18,-0.710519720664,0.70367728864)
  );
#8206 = ADVANCED_FACE('',(#8207),#8224,.T.);
#8207 = FACE_BOUND('',#8208,.T.);
#8208 = EDGE_LOOP('',(#8209,#8210,#8218));
#8209 = ORIENTED_EDGE('',*,*,#8188,.T.);
#8210 = ORIENTED_EDGE('',*,*,#8211,.F.);
#8211 = EDGE_CURVE('',#8212,#8158,#8214,.T.);
#8212 = VERTEX_POINT('',#8213);
#8213 = CARTESIAN_POINT('',(1.391571879387,-10.60344791412,0.30576312542
    ));
#8214 = LINE('',#8215,#8216);
#8215 = CARTESIAN_POINT('',(1.391571879387,-10.60344791412,0.30576312542
    ));
#8216 = VECTOR('',#8217,1.);
#8217 = DIRECTION('',(0.908201929317,-0.222939135756,0.354213773495));
#8218 = ORIENTED_EDGE('',*,*,#8219,.T.);
#8219 = EDGE_CURVE('',#8212,#8189,#8220,.T.);
#8220 = LINE('',#8221,#8222);
#8221 = CARTESIAN_POINT('',(1.391571879387,-10.60344791412,0.30576312542
    ));
#8222 = VECTOR('',#8223,1.);
#8223 = DIRECTION('',(0.911663372035,0.35100476298,-0.213694998667));
#8224 = PLANE('',#8225);
#8225 = AXIS2_PLACEMENT_3D('',#8226,#8227,#8228);
#8226 = CARTESIAN_POINT('',(1.779634362424,-10.65173417279,
    0.410593581719));
#8227 = DIRECTION('',(0.103816357925,-0.699875308553,-0.706680066441));
#8228 = DIRECTION('',(-6.938893903907E-18,-0.710519369996,0.703677642718
    ));
#8229 = ADVANCED_FACE('',(#8230),#8252,.T.);
#8230 = FACE_BOUND('',#8231,.T.);
#8231 = EDGE_LOOP('',(#8232,#8240,#8246));
#8232 = ORIENTED_EDGE('',*,*,#8233,.T.);
#8233 = EDGE_CURVE('',#8234,#7885,#8236,.T.);
#8234 = VERTEX_POINT('',#8235);
#8235 = CARTESIAN_POINT('',(1.11533343792,-10.692653656,0.353527933359)
  );
#8236 = LINE('',#8237,#8238);
#8237 = CARTESIAN_POINT('',(1.11533343792,-10.692653656,0.353527933359)
  );
#8238 = VECTOR('',#8239,1.);
#8239 = DIRECTION('',(-0.104298233265,-0.714262514678,0.692062814103));
#8240 = ORIENTED_EDGE('',*,*,#8241,.F.);
#8241 = EDGE_CURVE('',#8111,#7885,#8242,.T.);
#8242 = LINE('',#8243,#8244);
#8243 = CARTESIAN_POINT('',(1.054705500603,-10.70860481262,
    0.360419392586));
#8244 = VECTOR('',#8245,1.);
#8245 = DIRECTION('',(6.930864602745E-02,-0.70370212842,0.707106516759)
  );
#8246 = ORIENTED_EDGE('',*,*,#8247,.T.);
#8247 = EDGE_CURVE('',#8111,#8234,#8248,.T.);
#8248 = LINE('',#8249,#8250);
#8249 = CARTESIAN_POINT('',(1.054705500603,-10.70860481262,
    0.360419392586));
#8250 = VECTOR('',#8251,1.);
#8251 = DIRECTION('',(0.961297825511,0.25291660657,-0.109268846382));
#8252 = PLANE('',#8253);
#8253 = AXIS2_PLACEMENT_3D('',#8254,#8255,#8256);
#8254 = CARTESIAN_POINT('',(1.082234550886,-10.81348897635,
    0.468337433936));
#8255 = DIRECTION('',(0.103809555525,-0.699875410299,-0.706680964962));
#8256 = DIRECTION('',(6.938893903907E-18,-0.710519766179,0.703677242682)
  );
#8257 = ADVANCED_FACE('',(#8258),#8273,.T.);
#8258 = FACE_BOUND('',#8259,.T.);
#8259 = EDGE_LOOP('',(#8260,#8266,#8267));
#8260 = ORIENTED_EDGE('',*,*,#8261,.T.);
#8261 = EDGE_CURVE('',#8212,#7885,#8262,.T.);
#8262 = LINE('',#8263,#8264);
#8263 = CARTESIAN_POINT('',(1.391571879387,-10.60344791412,0.30576312542
    ));
#8264 = VECTOR('',#8265,1.);
#8265 = DIRECTION('',(-0.569473143168,-0.624353210512,0.534680659584));
#8266 = ORIENTED_EDGE('',*,*,#8233,.F.);
#8267 = ORIENTED_EDGE('',*,*,#8268,.T.);
#8268 = EDGE_CURVE('',#8234,#8212,#8269,.T.);
#8269 = LINE('',#8270,#8271);
#8270 = CARTESIAN_POINT('',(1.11533343792,-10.692653656,0.353527933359)
  );
#8271 = VECTOR('',#8272,1.);
#8272 = DIRECTION('',(0.938984801919,0.303226572763,-0.162361286444));
#8273 = PLANE('',#8274);
#8274 = AXIS2_PLACEMENT_3D('',#8275,#8276,#8277);
#8275 = CARTESIAN_POINT('',(1.198460982202,-10.75730553441,0.42976952182
    ));
#8276 = DIRECTION('',(0.103817864442,-0.699875425923,-0.706679728881));
#8277 = DIRECTION('',(0.,-0.71051914294,0.703677871981));
#8278 = ADVANCED_FACE('',(#8279),#8289,.T.);
#8279 = FACE_BOUND('',#8280,.T.);
#8280 = EDGE_LOOP('',(#8281,#8287,#8288));
#8281 = ORIENTED_EDGE('',*,*,#8282,.T.);
#8282 = EDGE_CURVE('',#8158,#7885,#8283,.T.);
#8283 = LINE('',#8284,#8285);
#8284 = CARTESIAN_POINT('',(2.145993471146,-10.78863811492,
    0.600000023842));
#8285 = VECTOR('',#8286,1.);
#8286 = DIRECTION('',(-0.98917651525,-0.146730438823,0.));
#8287 = ORIENTED_EDGE('',*,*,#8261,.F.);
#8288 = ORIENTED_EDGE('',*,*,#8211,.T.);
#8289 = PLANE('',#8290);
#8290 = AXIS2_PLACEMENT_3D('',#8291,#8292,#8293);
#8291 = CARTESIAN_POINT('',(1.580625218021,-10.78912688234,
    0.517427287519));
#8292 = DIRECTION('',(0.103816607358,-0.699874891093,-0.706680443238));
#8293 = DIRECTION('',(0.,-0.710519767439,0.70367724141));
#8294 = ADVANCED_FACE('',(#8295),#8312,.T.);
#8295 = FACE_BOUND('',#8296,.T.);
#8296 = EDGE_LOOP('',(#8297,#8305,#8306));
#8297 = ORIENTED_EDGE('',*,*,#8298,.T.);
#8298 = EDGE_CURVE('',#8299,#8158,#8301,.T.);
#8299 = VERTEX_POINT('',#8300);
#8300 = CARTESIAN_POINT('',(2.220406532288,-10.22040653228,
    6.623562425375E-02));
#8301 = LINE('',#8302,#8303);
#8302 = CARTESIAN_POINT('',(2.220406532288,-10.22040653228,
    6.623562425375E-02));
#8303 = VECTOR('',#8304,1.);
#8304 = DIRECTION('',(-9.501725217823E-02,-0.725568908938,0.681558126774
    ));
#8305 = ORIENTED_EDGE('',*,*,#8155,.F.);
#8306 = ORIENTED_EDGE('',*,*,#8307,.T.);
#8307 = EDGE_CURVE('',#8156,#8299,#8308,.T.);
#8308 = LINE('',#8309,#8310);
#8309 = CARTESIAN_POINT('',(2.052169322968,-10.31695270538,
    0.119073286653));
#8310 = VECTOR('',#8311,1.);
#8311 = DIRECTION('',(0.836838036275,0.480235675745,-0.262822747845));
#8312 = PLANE('',#8313);
#8313 = AXIS2_PLACEMENT_3D('',#8314,#8315,#8316);
#8314 = CARTESIAN_POINT('',(2.143157953915,-10.49576110987,
    0.314867640828));
#8315 = DIRECTION('',(0.171918507369,-0.686328778896,-0.706680149773));
#8316 = DIRECTION('',(-1.387778780781E-17,-0.71736080943,0.696701850933)
  );
#8317 = ADVANCED_FACE('',(#8318),#8335,.T.);
#8318 = FACE_BOUND('',#8319,.T.);
#8319 = EDGE_LOOP('',(#8320,#8328,#8329));
#8320 = ORIENTED_EDGE('',*,*,#8321,.T.);
#8321 = EDGE_CURVE('',#8322,#8158,#8324,.T.);
#8322 = VERTEX_POINT('',#8323);
#8323 = CARTESIAN_POINT('',(3.193131446838,-10.52634334564,
    0.600000023842));
#8324 = LINE('',#8325,#8326);
#8325 = CARTESIAN_POINT('',(3.193131446838,-10.52634334564,
    0.600000023842));
#8326 = VECTOR('',#8327,1.);
#8327 = DIRECTION('',(-0.970031174405,-0.242980494451,0.));
#8328 = ORIENTED_EDGE('',*,*,#8298,.F.);
#8329 = ORIENTED_EDGE('',*,*,#8330,.T.);
#8330 = EDGE_CURVE('',#8299,#8322,#8331,.T.);
#8331 = LINE('',#8332,#8333);
#8332 = CARTESIAN_POINT('',(2.220406532288,-10.22040653228,
    6.623562425375E-02));
#8333 = VECTOR('',#8334,1.);
#8334 = DIRECTION('',(0.845146514402,-0.265811461767,0.463758165413));
#8335 = PLANE('',#8336);
#8336 = AXIS2_PLACEMENT_3D('',#8337,#8338,#8339);
#8337 = CARTESIAN_POINT('',(2.557379789096,-10.50922868737,
    0.428716691751));
#8338 = DIRECTION('',(0.171916669521,-0.686328872661,-0.70668050581));
#8339 = DIRECTION('',(1.387778780781E-17,-0.71736093729,0.696701719282)
  );
#8340 = ADVANCED_FACE('',(#8341),#8358,.T.);
#8341 = FACE_BOUND('',#8342,.T.);
#8342 = EDGE_LOOP('',(#8343,#8351,#8352));
#8343 = ORIENTED_EDGE('',*,*,#8344,.T.);
#8344 = EDGE_CURVE('',#8345,#8322,#8347,.T.);
#8345 = VERTEX_POINT('',#8346);
#8346 = CARTESIAN_POINT('',(2.391087770462,-10.10945320129,0.));
#8347 = LINE('',#8348,#8349);
#8348 = CARTESIAN_POINT('',(2.391087770462,-10.10945320129,0.));
#8349 = VECTOR('',#8350,1.);
#8350 = DIRECTION('',(0.739258966027,-0.384255603697,0.553031474851));
#8351 = ORIENTED_EDGE('',*,*,#8330,.F.);
#8352 = ORIENTED_EDGE('',*,*,#8353,.T.);
#8353 = EDGE_CURVE('',#8299,#8345,#8354,.T.);
#8354 = LINE('',#8355,#8356);
#8355 = CARTESIAN_POINT('',(2.220406532288,-10.22040653228,
    6.623562425375E-02));
#8356 = VECTOR('',#8357,1.);
#8357 = DIRECTION('',(0.797280978167,0.518281805379,-0.30939782169));
#8358 = PLANE('',#8359);
#8359 = AXIS2_PLACEMENT_3D('',#8360,#8361,#8362);
#8360 = CARTESIAN_POINT('',(2.709519283668,-10.33059387666,
    0.292237921351));
#8361 = DIRECTION('',(0.171916926868,-0.686328528448,-0.706680777505));
#8362 = DIRECTION('',(-1.387778780781E-17,-0.717361245795,0.696701401629
    ));
#8363 = ADVANCED_FACE('',(#8364),#8381,.T.);
#8364 = FACE_BOUND('',#8365,.T.);
#8365 = EDGE_LOOP('',(#8366,#8374,#8375));
#8366 = ORIENTED_EDGE('',*,*,#8367,.T.);
#8367 = EDGE_CURVE('',#8368,#8322,#8370,.T.);
#8368 = VERTEX_POINT('',#8369);
#8369 = CARTESIAN_POINT('',(3.01896071434,-9.952179908752,0.));
#8370 = LINE('',#8371,#8372);
#8371 = CARTESIAN_POINT('',(3.01896071434,-9.952179908752,0.));
#8372 = VECTOR('',#8373,1.);
#8373 = DIRECTION('',(0.205262301458,-0.676658510754,0.707107238985));
#8374 = ORIENTED_EDGE('',*,*,#8344,.F.);
#8375 = ORIENTED_EDGE('',*,*,#8376,.F.);
#8376 = EDGE_CURVE('',#8368,#8345,#8377,.T.);
#8377 = LINE('',#8378,#8379);
#8378 = CARTESIAN_POINT('',(3.01896071434,-9.952179908752,0.));
#8379 = VECTOR('',#8380,1.);
#8380 = DIRECTION('',(-0.970031505383,-0.242979173108,0.));
#8381 = PLANE('',#8382);
#8382 = AXIS2_PLACEMENT_3D('',#8383,#8384,#8385);
#8383 = CARTESIAN_POINT('',(2.873488196983,-10.22004023197,
    0.224757195378));
#8384 = DIRECTION('',(0.171915846416,-0.686329553124,-0.706680045183));
#8385 = DIRECTION('',(0.,-0.717360365099,0.696702308439));
#8386 = ADVANCED_FACE('',(#8387),#8404,.T.);
#8387 = FACE_BOUND('',#8388,.T.);
#8388 = EDGE_LOOP('',(#8389,#8397,#8398));
#8389 = ORIENTED_EDGE('',*,*,#8390,.T.);
#8390 = EDGE_CURVE('',#8391,#8322,#8393,.T.);
#8391 = VERTEX_POINT('',#8392);
#8392 = CARTESIAN_POINT('',(3.979907751083,-9.608346939087,0.));
#8393 = LINE('',#8394,#8395);
#8394 = CARTESIAN_POINT('',(3.979907751083,-9.608346939087,0.));
#8395 = VECTOR('',#8396,1.);
#8396 = DIRECTION('',(-0.582919714956,-0.680140213619,0.444537845108));
#8397 = ORIENTED_EDGE('',*,*,#8367,.F.);
#8398 = ORIENTED_EDGE('',*,*,#8399,.T.);
#8399 = EDGE_CURVE('',#8368,#8391,#8400,.T.);
#8400 = LINE('',#8401,#8402);
#8401 = CARTESIAN_POINT('',(3.01896071434,-9.952179908752,0.));
#8402 = VECTOR('',#8403,1.);
#8403 = DIRECTION('',(0.941543871858,0.336890393698,0.));
#8404 = PLANE('',#8405);
#8405 = AXIS2_PLACEMENT_3D('',#8406,#8407,#8408);
#8406 = CARTESIAN_POINT('',(3.432248734422,-10.02163879513,
    0.204878405831));
#8407 = DIRECTION('',(0.23836115279,-0.666173589086,-0.706680062011));
#8408 = DIRECTION('',(0.,-0.727653520823,0.685944861948));
#8409 = ADVANCED_FACE('',(#8410),#8427,.T.);
#8410 = FACE_BOUND('',#8411,.T.);
#8411 = EDGE_LOOP('',(#8412,#8420,#8421));
#8412 = ORIENTED_EDGE('',*,*,#8413,.T.);
#8413 = EDGE_CURVE('',#8414,#8322,#8416,.T.);
#8414 = VERTEX_POINT('',#8415);
#8415 = CARTESIAN_POINT('',(4.20951795578,-10.16267490387,0.600000023842
    ));
#8416 = LINE('',#8417,#8418);
#8417 = CARTESIAN_POINT('',(4.20951795578,-10.16267490387,0.600000023842
    ));
#8418 = VECTOR('',#8419,1.);
#8419 = DIRECTION('',(-0.941544202169,-0.336889470541,0.));
#8420 = ORIENTED_EDGE('',*,*,#8390,.F.);
#8421 = ORIENTED_EDGE('',*,*,#8422,.T.);
#8422 = EDGE_CURVE('',#8391,#8414,#8423,.T.);
#8423 = LINE('',#8424,#8425);
#8424 = CARTESIAN_POINT('',(3.979907751083,-9.608346939087,0.));
#8425 = VECTOR('',#8426,1.);
#8426 = DIRECTION('',(0.270598152272,-0.653281604889,0.707106628947));
#8427 = PLANE('',#8428);
#8428 = AXIS2_PLACEMENT_3D('',#8429,#8430,#8431);
#8429 = CARTESIAN_POINT('',(3.755888826849,-10.11155372175,
    0.398802024193));
#8430 = DIRECTION('',(0.238360295124,-0.666173251248,-0.706680669772));
#8431 = DIRECTION('',(0.,-0.727653988904,0.685944365406));
#8432 = ADVANCED_FACE('',(#8433),#8443,.T.);
#8433 = FACE_BOUND('',#8434,.T.);
#8434 = EDGE_LOOP('',(#8435,#8436,#8442));
#8435 = ORIENTED_EDGE('',*,*,#8141,.T.);
#8436 = ORIENTED_EDGE('',*,*,#8437,.T.);
#8437 = EDGE_CURVE('',#8134,#8234,#8438,.T.);
#8438 = LINE('',#8439,#8440);
#8439 = CARTESIAN_POINT('',(0.65056180954,-9.570594787598,1.899999976158
    ));
#8440 = VECTOR('',#8441,1.);
#8441 = DIRECTION('',(0.236360407578,-0.57062495916,-0.786461005844));
#8442 = ORIENTED_EDGE('',*,*,#8247,.F.);
#8443 = PLANE('',#8444);
#8444 = AXIS2_PLACEMENT_3D('',#8445,#8446,#8447);
#8445 = CARTESIAN_POINT('',(0.871264368023,-10.14454205571,1.11627575456
    ));
#8446 = DIRECTION('',(-0.265065450103,0.740830646508,-0.617179277323));
#8447 = DIRECTION('',(0.,0.640074470885,0.768312873588));
#8448 = ADVANCED_FACE('',(#8449),#8459,.T.);
#8449 = FACE_BOUND('',#8450,.T.);
#8450 = EDGE_LOOP('',(#8451,#8452,#8458));
#8451 = ORIENTED_EDGE('',*,*,#8437,.F.);
#8452 = ORIENTED_EDGE('',*,*,#8453,.T.);
#8453 = EDGE_CURVE('',#8134,#8212,#8454,.T.);
#8454 = LINE('',#8455,#8456);
#8455 = CARTESIAN_POINT('',(0.65056180954,-9.570594787598,1.899999976158
    ));
#8456 = VECTOR('',#8457,1.);
#8457 = DIRECTION('',(0.363420490191,-0.506551806529,-0.781876470174));
#8458 = ORIENTED_EDGE('',*,*,#8268,.F.);
#8459 = PLANE('',#8460);
#8460 = AXIS2_PLACEMENT_3D('',#8461,#8462,#8463);
#8461 = CARTESIAN_POINT('',(0.973799503756,-10.1458075792,1.060896765874
    ));
#8462 = DIRECTION('',(-0.33641080671,0.711278657324,-0.617179423478));
#8463 = DIRECTION('',(0.,0.655377906252,0.755301131998));
#8464 = ADVANCED_FACE('',(#8465),#8482,.T.);
#8465 = FACE_BOUND('',#8466,.T.);
#8466 = EDGE_LOOP('',(#8467,#8475,#8481));
#8467 = ORIENTED_EDGE('',*,*,#8468,.T.);
#8468 = EDGE_CURVE('',#8212,#8469,#8471,.T.);
#8469 = VERTEX_POINT('',#8470);
#8470 = CARTESIAN_POINT('',(0.801374435425,-9.499266624451,
    1.899999976158));
#8471 = LINE('',#8472,#8473);
#8472 = CARTESIAN_POINT('',(1.391571879387,-10.60344791412,0.30576312542
    ));
#8473 = VECTOR('',#8474,1.);
#8474 = DIRECTION('',(-0.291153375795,0.544709424392,0.786461286232));
#8475 = ORIENTED_EDGE('',*,*,#8476,.T.);
#8476 = EDGE_CURVE('',#8469,#8189,#8477,.T.);
#8477 = LINE('',#8478,#8479);
#8478 = CARTESIAN_POINT('',(0.801374435425,-9.499266624451,
    1.899999976158));
#8479 = VECTOR('',#8480,1.);
#8480 = DIRECTION('',(0.408721290925,-0.470301929307,-0.782152799416));
#8481 = ORIENTED_EDGE('',*,*,#8219,.F.);
#8482 = PLANE('',#8483);
#8483 = AXIS2_PLACEMENT_3D('',#8484,#8485,#8486);
#8484 = CARTESIAN_POINT('',(1.191977418122,-10.05998610904,
    1.030851247492));
#8485 = DIRECTION('',(-0.404507207343,0.674880629033,-0.617179111575));
#8486 = DIRECTION('',(2.775557561563E-17,0.674855789675,0.737949634556)
  );
#8487 = ADVANCED_FACE('',(#8488),#8498,.T.);
#8488 = FACE_BOUND('',#8489,.T.);
#8489 = EDGE_LOOP('',(#8490,#8491,#8497));
#8490 = ORIENTED_EDGE('',*,*,#8453,.F.);
#8491 = ORIENTED_EDGE('',*,*,#8492,.F.);
#8492 = EDGE_CURVE('',#8469,#8134,#8493,.T.);
#8493 = LINE('',#8494,#8495);
#8494 = CARTESIAN_POINT('',(0.801374435425,-9.499266624451,
    1.899999976158));
#8495 = VECTOR('',#8496,1.);
#8496 = DIRECTION('',(-0.903991370455,-0.427550701255,0.));
#8497 = ORIENTED_EDGE('',*,*,#8468,.F.);
#8498 = PLANE('',#8499);
#8499 = AXIS2_PLACEMENT_3D('',#8500,#8501,#8502);
#8500 = CARTESIAN_POINT('',(1.045547587986,-10.04818294498,
    1.134297940122));
#8501 = DIRECTION('',(-0.336406629951,0.711281000235,-0.617178999991));
#8502 = DIRECTION('',(0.,0.655376418171,0.755302423209));
#8503 = ADVANCED_FACE('',(#8504),#8521,.T.);
#8504 = FACE_BOUND('',#8505,.T.);
#8505 = EDGE_LOOP('',(#8506,#8507,#8515));
#8506 = ORIENTED_EDGE('',*,*,#8476,.F.);
#8507 = ORIENTED_EDGE('',*,*,#8508,.F.);
#8508 = EDGE_CURVE('',#8509,#8469,#8511,.T.);
#8509 = VERTEX_POINT('',#8510);
#8510 = CARTESIAN_POINT('',(0.9444693923,-9.413497924805,1.899999976158)
  );
#8511 = LINE('',#8512,#8513);
#8512 = CARTESIAN_POINT('',(0.9444693923,-9.413497924805,1.899999976158)
  );
#8513 = VECTOR('',#8514,1.);
#8514 = DIRECTION('',(-0.85772627563,-0.514106638834,0.));
#8515 = ORIENTED_EDGE('',*,*,#8516,.T.);
#8516 = EDGE_CURVE('',#8509,#8189,#8517,.T.);
#8517 = LINE('',#8518,#8519);
#8518 = CARTESIAN_POINT('',(0.9444693923,-9.413497924805,1.899999976158)
  );
#8519 = VECTOR('',#8520,1.);
#8520 = DIRECTION('',(0.343142175142,-0.513548871742,-0.786461063226));
#8521 = PLANE('',#8522);
#8522 = AXIS2_PLACEMENT_3D('',#8523,#8524,#8525);
#8523 = CARTESIAN_POINT('',(1.255459115981,-9.956951260516,
    1.101912044903));
#8524 = DIRECTION('',(-0.40451062395,0.674878254286,-0.617179469039));
#8525 = DIRECTION('',(2.775557561563E-17,0.6748572957,0.737948257292));
#8526 = ADVANCED_FACE('',(#8527),#8537,.T.);
#8527 = FACE_BOUND('',#8528,.T.);
#8528 = EDGE_LOOP('',(#8529,#8530,#8536));
#8529 = ORIENTED_EDGE('',*,*,#8516,.F.);
#8530 = ORIENTED_EDGE('',*,*,#8531,.F.);
#8531 = EDGE_CURVE('',#8166,#8509,#8532,.T.);
#8532 = LINE('',#8533,#8534);
#8533 = CARTESIAN_POINT('',(1.946449279785,-10.37175559997,
    0.157817572355));
#8534 = VECTOR('',#8535,1.);
#8535 = DIRECTION('',(-0.450019262163,0.430382303406,0.782466444391));
#8536 = ORIENTED_EDGE('',*,*,#8196,.F.);
#8537 = PLANE('',#8538);
#8538 = AXIS2_PLACEMENT_3D('',#8539,#8540,#8541);
#8539 = CARTESIAN_POINT('',(1.406997108527,-9.957796912707,
    0.991385307016));
#8540 = DIRECTION('',(-0.468709842792,0.631981576585,-0.617179366251));
#8541 = DIRECTION('',(0.,0.698678711078,0.715435572701));
#8542 = ADVANCED_FACE('',(#8543),#8560,.T.);
#8543 = FACE_BOUND('',#8544,.T.);
#8544 = EDGE_LOOP('',(#8545,#8546,#8554));
#8545 = ORIENTED_EDGE('',*,*,#8531,.T.);
#8546 = ORIENTED_EDGE('',*,*,#8547,.F.);
#8547 = EDGE_CURVE('',#8548,#8509,#8550,.T.);
#8548 = VERTEX_POINT('',#8549);
#8549 = CARTESIAN_POINT('',(1.078468561172,-9.314117431641,
    1.899999976158));
#8550 = LINE('',#8551,#8552);
#8551 = CARTESIAN_POINT('',(1.078468561172,-9.314117431641,
    1.899999976158));
#8552 = VECTOR('',#8553,1.);
#8553 = DIRECTION('',(-0.803207713973,-0.595699058429,0.));
#8554 = ORIENTED_EDGE('',*,*,#8555,.T.);
#8555 = EDGE_CURVE('',#8548,#8166,#8556,.T.);
#8556 = LINE('',#8557,#8558);
#8557 = CARTESIAN_POINT('',(1.078468561172,-9.314117431641,
    1.899999976158));
#8558 = VECTOR('',#8559,1.);
#8559 = DIRECTION('',(0.391826410042,-0.477442134065,-0.786461107121));
#8560 = PLANE('',#8561);
#8561 = AXIS2_PLACEMENT_3D('',#8562,#8563,#8564);
#8562 = CARTESIAN_POINT('',(1.461953814108,-9.849598788849,
    1.060442208948));
#8563 = DIRECTION('',(-0.468709436742,0.631981920864,-0.617179322085));
#8564 = DIRECTION('',(0.,0.69867849067,0.715435787947));
#8565 = ADVANCED_FACE('',(#8566),#8576,.T.);
#8566 = FACE_BOUND('',#8567,.T.);
#8567 = EDGE_LOOP('',(#8568,#8569,#8575));
#8568 = ORIENTED_EDGE('',*,*,#8555,.F.);
#8569 = ORIENTED_EDGE('',*,*,#8570,.T.);
#8570 = EDGE_CURVE('',#8548,#8156,#8571,.T.);
#8571 = LINE('',#8572,#8573);
#8572 = CARTESIAN_POINT('',(1.078468561172,-9.314117431641,
    1.899999976158));
#8573 = VECTOR('',#8574,1.);
#8574 = DIRECTION('',(0.430089255023,-0.442958137364,-0.786645613512));
#8575 = ORIENTED_EDGE('',*,*,#8173,.F.);
#8576 = PLANE('',#8577);
#8577 = AXIS2_PLACEMENT_3D('',#8578,#8579,#8580);
#8578 = CARTESIAN_POINT('',(1.551690614836,-9.843100340275,
    0.995165886369));
#8579 = DIRECTION('',(-0.528396860333,0.582997782888,-0.617179344387));
#8580 = DIRECTION('',(0.,-0.726950719065,-0.686689632986));
#8581 = ADVANCED_FACE('',(#8582),#8599,.T.);
#8582 = FACE_BOUND('',#8583,.T.);
#8583 = EDGE_LOOP('',(#8584,#8592,#8598));
#8584 = ORIENTED_EDGE('',*,*,#8585,.T.);
#8585 = EDGE_CURVE('',#8156,#8586,#8588,.T.);
#8586 = VERTEX_POINT('',#8587);
#8587 = CARTESIAN_POINT('',(1.202081561089,-9.202081680298,
    1.899999976158));
#8588 = LINE('',#8589,#8590);
#8589 = CARTESIAN_POINT('',(2.052169322968,-10.31695270538,
    0.119073286653));
#8590 = VECTOR('',#8591,1.);
#8591 = DIRECTION('',(-0.375056651261,0.491878382454,0.785740520286));
#8592 = ORIENTED_EDGE('',*,*,#8593,.T.);
#8593 = EDGE_CURVE('',#8586,#8299,#8594,.T.);
#8594 = LINE('',#8595,#8596);
#8595 = CARTESIAN_POINT('',(1.202081561089,-9.202081680298,
    1.899999976158));
#8596 = VECTOR('',#8597,1.);
#8597 = DIRECTION('',(0.436737203492,-0.436737152366,-0.786461235427));
#8598 = ORIENTED_EDGE('',*,*,#8307,.F.);
#8599 = PLANE('',#8600);
#8600 = AXIS2_PLACEMENT_3D('',#8601,#8602,#8603);
#8601 = CARTESIAN_POINT('',(1.689322083783,-9.757392887977,
    0.958293534045));
#8602 = DIRECTION('',(-0.528398866163,0.582996125105,-0.617179193063));
#8603 = DIRECTION('',(0.,-0.726951609754,-0.686688690075));
#8604 = ADVANCED_FACE('',(#8605),#8615,.T.);
#8605 = FACE_BOUND('',#8606,.T.);
#8606 = EDGE_LOOP('',(#8607,#8608,#8614));
#8607 = ORIENTED_EDGE('',*,*,#8593,.F.);
#8608 = ORIENTED_EDGE('',*,*,#8609,.T.);
#8609 = EDGE_CURVE('',#8586,#8345,#8610,.T.);
#8610 = LINE('',#8611,#8612);
#8611 = CARTESIAN_POINT('',(1.202081561089,-9.202081680298,
    1.899999976158));
#8612 = VECTOR('',#8613,1.);
#8613 = DIRECTION('',(0.491717193026,-0.375246297133,-0.785750862914));
#8614 = ORIENTED_EDGE('',*,*,#8353,.F.);
#8615 = PLANE('',#8616);
#8616 = AXIS2_PLACEMENT_3D('',#8617,#8618,#8619);
#8617 = CARTESIAN_POINT('',(1.778456530913,-9.703785777758,
    0.926013247746));
#8618 = DIRECTION('',(-0.582997372305,0.52839753828,-0.617179151807));
#8619 = DIRECTION('',(-0.726950853517,0.,0.686689490651));
#8620 = ADVANCED_FACE('',(#8621),#8631,.T.);
#8621 = FACE_BOUND('',#8622,.T.);
#8622 = EDGE_LOOP('',(#8623,#8624,#8630));
#8623 = ORIENTED_EDGE('',*,*,#8570,.F.);
#8624 = ORIENTED_EDGE('',*,*,#8625,.F.);
#8625 = EDGE_CURVE('',#8586,#8548,#8626,.T.);
#8626 = LINE('',#8627,#8628);
#8627 = CARTESIAN_POINT('',(1.202081561089,-9.202081680298,
    1.899999976158));
#8628 = VECTOR('',#8629,1.);
#8629 = DIRECTION('',(-0.74095273951,-0.671557173897,0.));
#8630 = ORIENTED_EDGE('',*,*,#8585,.F.);
#8631 = PLANE('',#8632);
#8632 = AXIS2_PLACEMENT_3D('',#8633,#8634,#8635);
#8633 = CARTESIAN_POINT('',(1.580046015088,-9.76870756491,1.041162162225
    ));
#8634 = DIRECTION('',(-0.528396305539,0.582998299109,-0.617179331742));
#8635 = DIRECTION('',(-2.775557561563E-17,-0.726950408517,
    -0.686689961742));
#8636 = ADVANCED_FACE('',(#8637),#8654,.T.);
#8637 = FACE_BOUND('',#8638,.T.);
#8638 = EDGE_LOOP('',(#8639,#8640,#8648));
#8639 = ORIENTED_EDGE('',*,*,#8609,.F.);
#8640 = ORIENTED_EDGE('',*,*,#8641,.F.);
#8641 = EDGE_CURVE('',#8642,#8586,#8644,.T.);
#8642 = VERTEX_POINT('',#8643);
#8643 = CARTESIAN_POINT('',(1.314117789268,-9.078468322754,
    1.899999976158));
#8644 = LINE('',#8645,#8646);
#8645 = CARTESIAN_POINT('',(1.314117789268,-9.078468322754,
    1.899999976158));
#8646 = VECTOR('',#8647,1.);
#8647 = DIRECTION('',(-0.671557676419,-0.740952284053,0.));
#8648 = ORIENTED_EDGE('',*,*,#8649,.F.);
#8649 = EDGE_CURVE('',#8345,#8642,#8650,.T.);
#8650 = LINE('',#8651,#8652);
#8651 = CARTESIAN_POINT('',(2.391087770462,-10.10945320129,0.));
#8652 = VECTOR('',#8653,1.);
#8653 = DIRECTION('',(-0.445928547937,0.426888026464,0.786711092458));
#8654 = PLANE('',#8655);
#8655 = AXIS2_PLACEMENT_3D('',#8656,#8657,#8658);
#8656 = CARTESIAN_POINT('',(1.805675571118,-9.608713561761,
    0.981697651061));
#8657 = DIRECTION('',(-0.582998021377,0.528396774016,-0.617179193007));
#8658 = DIRECTION('',(-0.726950494761,2.775557561563E-17,0.686689870441)
  );
#8659 = ADVANCED_FACE('',(#8660),#8677,.T.);
#8660 = FACE_BOUND('',#8661,.T.);
#8661 = EDGE_LOOP('',(#8662,#8663,#8671));
#8662 = ORIENTED_EDGE('',*,*,#8649,.T.);
#8663 = ORIENTED_EDGE('',*,*,#8664,.T.);
#8664 = EDGE_CURVE('',#8642,#8665,#8667,.T.);
#8665 = VERTEX_POINT('',#8666);
#8666 = CARTESIAN_POINT('',(2.467562675476,-10.02507591247,0.));
#8667 = LINE('',#8668,#8669);
#8668 = CARTESIAN_POINT('',(1.314117789268,-9.078468322754,
    1.899999976158));
#8669 = VECTOR('',#8670,1.);
#8670 = DIRECTION('',(0.477441941926,-0.391826407385,-0.786461225087));
#8671 = ORIENTED_EDGE('',*,*,#8672,.F.);
#8672 = EDGE_CURVE('',#8345,#8665,#8673,.T.);
#8673 = LINE('',#8674,#8675);
#8674 = CARTESIAN_POINT('',(2.391087770462,-10.10945320129,0.));
#8675 = VECTOR('',#8676,1.);
#8676 = DIRECTION('',(0.67155793357,0.740952050985,0.));
#8677 = PLANE('',#8678);
#8678 = AXIS2_PLACEMENT_3D('',#8679,#8680,#8681);
#8679 = CARTESIAN_POINT('',(1.884565666108,-9.584248782529,
    0.928122204445));
#8680 = DIRECTION('',(-0.582997835892,0.528396974442,-0.617179196625));
#8681 = DIRECTION('',(-0.726950605831,0.,0.686689752859));
#8682 = ADVANCED_FACE('',(#8683),#8700,.T.);
#8683 = FACE_BOUND('',#8684,.T.);
#8684 = EDGE_LOOP('',(#8685,#8686,#8694));
#8685 = ORIENTED_EDGE('',*,*,#8664,.F.);
#8686 = ORIENTED_EDGE('',*,*,#8687,.T.);
#8687 = EDGE_CURVE('',#8642,#8688,#8690,.T.);
#8688 = VERTEX_POINT('',#8689);
#8689 = CARTESIAN_POINT('',(2.654172897339,-9.773461341858,0.));
#8690 = LINE('',#8691,#8692);
#8691 = CARTESIAN_POINT('',(1.314117789268,-9.078468322754,
    1.899999976158));
#8692 = VECTOR('',#8693,1.);
#8693 = DIRECTION('',(0.552218083365,-0.286396962819,-0.78296358031));
#8694 = ORIENTED_EDGE('',*,*,#8695,.F.);
#8695 = EDGE_CURVE('',#8665,#8688,#8696,.T.);
#8696 = LINE('',#8697,#8698);
#8697 = CARTESIAN_POINT('',(2.467562675476,-10.02507591247,0.));
#8698 = VECTOR('',#8699,1.);
#8699 = DIRECTION('',(0.595699588929,0.803207320528,0.));
#8700 = PLANE('',#8701);
#8701 = AXIS2_PLACEMENT_3D('',#8702,#8703,#8704);
#8702 = CARTESIAN_POINT('',(1.97546602734,-9.513672270888,0.892279023402
    ));
#8703 = DIRECTION('',(-0.63198170043,0.46870992026,-0.617179180604));
#8704 = DIRECTION('',(0.698678533427,0.,-0.715435746191));
#8705 = ADVANCED_FACE('',(#8706),#8723,.T.);
#8706 = FACE_BOUND('',#8707,.T.);
#8707 = EDGE_LOOP('',(#8708,#8709,#8717));
#8708 = ORIENTED_EDGE('',*,*,#8687,.F.);
#8709 = ORIENTED_EDGE('',*,*,#8710,.F.);
#8710 = EDGE_CURVE('',#8711,#8642,#8713,.T.);
#8711 = VERTEX_POINT('',#8712);
#8712 = CARTESIAN_POINT('',(1.413498282433,-8.944469451904,
    1.899999976158));
#8713 = LINE('',#8714,#8715);
#8714 = CARTESIAN_POINT('',(1.413498282433,-8.944469451904,
    1.899999976158));
#8715 = VECTOR('',#8716,1.);
#8716 = DIRECTION('',(-0.595699913164,-0.803207080059,0.));
#8717 = ORIENTED_EDGE('',*,*,#8718,.F.);
#8718 = EDGE_CURVE('',#8688,#8711,#8719,.T.);
#8719 = LINE('',#8720,#8721);
#8720 = CARTESIAN_POINT('',(2.654172897339,-9.773461341858,0.));
#8721 = VECTOR('',#8722,1.);
#8722 = DIRECTION('',(-0.513548678005,0.343142097088,0.78646122379));
#8723 = PLANE('',#8724);
#8724 = AXIS2_PLACEMENT_3D('',#8725,#8726,#8727);
#8725 = CARTESIAN_POINT('',(1.987450171999,-9.379848816541,
    0.981638217441));
#8726 = DIRECTION('',(-0.631981526875,0.468710186983,-0.617179155761));
#8727 = DIRECTION('',(0.698678617241,-2.775557561563E-17,-0.71543566434)
  );
#8728 = ADVANCED_FACE('',(#8729),#8746,.T.);
#8729 = FACE_BOUND('',#8730,.T.);
#8730 = EDGE_LOOP('',(#8731,#8732,#8740));
#8731 = ORIENTED_EDGE('',*,*,#8718,.T.);
#8732 = ORIENTED_EDGE('',*,*,#8733,.T.);
#8733 = EDGE_CURVE('',#8711,#8734,#8736,.T.);
#8734 = VERTEX_POINT('',#8735);
#8735 = CARTESIAN_POINT('',(2.815222024918,-9.504767417908,0.));
#8736 = LINE('',#8737,#8738);
#8737 = CARTESIAN_POINT('',(1.413498282433,-8.944469451904,
    1.899999976158));
#8738 = VECTOR('',#8739,1.);
#8739 = DIRECTION('',(0.577630857093,-0.230890998362,-0.782963562249));
#8740 = ORIENTED_EDGE('',*,*,#8741,.F.);
#8741 = EDGE_CURVE('',#8688,#8734,#8742,.T.);
#8742 = LINE('',#8743,#8744);
#8743 = CARTESIAN_POINT('',(2.654172897339,-9.773461341858,0.));
#8744 = VECTOR('',#8745,1.);
#8745 = DIRECTION('',(0.514103184168,0.857728346289,0.));
#8746 = PLANE('',#8747);
#8747 = AXIS2_PLACEMENT_3D('',#8748,#8749,#8750);
#8748 = CARTESIAN_POINT('',(2.114319456656,-9.312754239501,
    0.892279029816));
#8749 = DIRECTION('',(-0.674880072842,0.404508019212,-0.617179187655));
#8750 = DIRECTION('',(0.674856137851,0.,-0.737949316149));
#8751 = ADVANCED_FACE('',(#8752),#8769,.T.);
#8752 = FACE_BOUND('',#8753,.T.);
#8753 = EDGE_LOOP('',(#8754,#8755,#8763));
#8754 = ORIENTED_EDGE('',*,*,#8733,.F.);
#8755 = ORIENTED_EDGE('',*,*,#8756,.F.);
#8756 = EDGE_CURVE('',#8757,#8711,#8759,.T.);
#8757 = VERTEX_POINT('',#8758);
#8758 = CARTESIAN_POINT('',(1.499266147614,-8.801374435425,
    1.899999976158));
#8759 = LINE('',#8760,#8761);
#8760 = CARTESIAN_POINT('',(1.499266147614,-8.801374435425,
    1.899999976158));
#8761 = VECTOR('',#8762,1.);
#8762 = DIRECTION('',(-0.514102801426,-0.857728575696,0.));
#8763 = ORIENTED_EDGE('',*,*,#8764,.F.);
#8764 = EDGE_CURVE('',#8734,#8757,#8765,.T.);
#8765 = LINE('',#8766,#8767);
#8766 = CARTESIAN_POINT('',(2.815222024918,-9.504767417908,0.));
#8767 = VECTOR('',#8768,1.);
#8768 = DIRECTION('',(-0.544709598905,0.291153309901,0.786461189757));
#8769 = PLANE('',#8770);
#8770 = AXIS2_PLACEMENT_3D('',#8771,#8772,#8773);
#8771 = CARTESIAN_POINT('',(2.113128882435,-9.178400426473,0.9816382882)
  );
#8772 = DIRECTION('',(-0.674880234868,0.404507706988,-0.617179215116));
#8773 = DIRECTION('',(0.674856065972,2.775557561563E-17,-0.737949381882)
  );
#8774 = ADVANCED_FACE('',(#8775),#8792,.T.);
#8775 = FACE_BOUND('',#8776,.T.);
#8776 = EDGE_LOOP('',(#8777,#8778,#8786));
#8777 = ORIENTED_EDGE('',*,*,#8764,.T.);
#8778 = ORIENTED_EDGE('',*,*,#8779,.T.);
#8779 = EDGE_CURVE('',#8757,#8780,#8782,.T.);
#8780 = VERTEX_POINT('',#8781);
#8781 = CARTESIAN_POINT('',(2.949158906937,-9.221581459045,0.));
#8782 = LINE('',#8783,#8784);
#8783 = CARTESIAN_POINT('',(1.499266147614,-8.801374435425,
    1.899999976158));
#8784 = VECTOR('',#8785,1.);
#8785 = DIRECTION('',(0.597480654387,-0.173161474072,-0.782963582506));
#8786 = ORIENTED_EDGE('',*,*,#8787,.F.);
#8787 = EDGE_CURVE('',#8734,#8780,#8788,.T.);
#8788 = LINE('',#8789,#8790);
#8789 = CARTESIAN_POINT('',(2.815222024918,-9.504767417908,0.));
#8790 = VECTOR('',#8791,1.);
#8791 = DIRECTION('',(0.427554828521,0.903989418416,0.));
#8792 = PLANE('',#8793);
#8793 = AXIS2_PLACEMENT_3D('',#8794,#8795,#8796);
#8794 = CARTESIAN_POINT('',(2.232810904198,-9.099193433515,0.89227899454
    ));
#8795 = DIRECTION('',(-0.711279313407,0.336409805998,-0.617179212829));
#8796 = DIRECTION('',(0.655377433777,0.,-0.755301541966));
#8797 = ADVANCED_FACE('',(#8798),#8815,.T.);
#8798 = FACE_BOUND('',#8799,.T.);
#8799 = EDGE_LOOP('',(#8800,#8801,#8809));
#8800 = ORIENTED_EDGE('',*,*,#8779,.F.);
#8801 = ORIENTED_EDGE('',*,*,#8802,.F.);
#8802 = EDGE_CURVE('',#8803,#8757,#8805,.T.);
#8803 = VERTEX_POINT('',#8804);
#8804 = CARTESIAN_POINT('',(1.570595264435,-8.650562286377,
    1.899999976158));
#8805 = LINE('',#8806,#8807);
#8806 = CARTESIAN_POINT('',(1.570595264435,-8.650562286377,
    1.899999976158));
#8807 = VECTOR('',#8808,1.);
#8808 = DIRECTION('',(-0.427556477446,-0.903988638532,0.));
#8809 = ORIENTED_EDGE('',*,*,#8810,.F.);
#8810 = EDGE_CURVE('',#8780,#8803,#8811,.T.);
#8811 = LINE('',#8812,#8813);
#8812 = CARTESIAN_POINT('',(2.949158906937,-9.221581459045,0.));
#8813 = VECTOR('',#8814,1.);
#8814 = DIRECTION('',(-0.570624686308,0.236360242091,0.78646125355));
#8815 = PLANE('',#8816);
#8816 = AXIS2_PLACEMENT_3D('',#8817,#8818,#8819);
#8817 = CARTESIAN_POINT('',(2.218457097733,-8.965603341774,
    0.981638200147));
#8818 = DIRECTION('',(-0.711278779375,0.336411141058,-0.617179100572));
#8819 = DIRECTION('',(0.655377646484,0.,-0.755301357399));
#8820 = ADVANCED_FACE('',(#8821),#8838,.T.);
#8821 = FACE_BOUND('',#8822,.T.);
#8822 = EDGE_LOOP('',(#8823,#8824,#8832));
#8823 = ORIENTED_EDGE('',*,*,#8810,.T.);
#8824 = ORIENTED_EDGE('',*,*,#8825,.T.);
#8825 = EDGE_CURVE('',#8803,#8826,#8828,.T.);
#8826 = VERTEX_POINT('',#8827);
#8827 = CARTESIAN_POINT('',(3.054693937302,-8.926630973816,0.));
#8828 = LINE('',#8829,#8830);
#8829 = CARTESIAN_POINT('',(1.570595264435,-8.650562286377,
    1.899999976158));
#8830 = VECTOR('',#8831,1.);
#8831 = DIRECTION('',(0.611576444519,-0.113764070674,-0.782963593492));
#8832 = ORIENTED_EDGE('',*,*,#8833,.F.);
#8833 = EDGE_CURVE('',#8780,#8826,#8834,.T.);
#8834 = LINE('',#8835,#8836);
#8835 = CARTESIAN_POINT('',(2.949158906937,-9.221581459045,0.));
#8836 = VECTOR('',#8837,1.);
#8837 = DIRECTION('',(0.336890021051,0.941544005194,0.));
#8838 = PLANE('',#8839);
#8839 = AXIS2_PLACEMENT_3D('',#8840,#8841,#8842);
#8840 = CARTESIAN_POINT('',(2.329799166641,-8.875046947007,
    0.892278976576));
#8841 = DIRECTION('',(-0.74082816056,0.265072703166,-0.617179146244));
#8842 = DIRECTION('',(0.640075658525,0.,-0.768311884175));
#8843 = ADVANCED_FACE('',(#8844),#8859,.T.);
#8844 = FACE_BOUND('',#8845,.T.);
#8845 = EDGE_LOOP('',(#8846,#8847,#8853));
#8846 = ORIENTED_EDGE('',*,*,#8825,.F.);
#8847 = ORIENTED_EDGE('',*,*,#8848,.F.);
#8848 = EDGE_CURVE('',#6878,#8803,#8849,.T.);
#8849 = LINE('',#8850,#8851);
#8850 = CARTESIAN_POINT('',(1.626798629761,-8.493483543396,
    1.899999976158));
#8851 = VECTOR('',#8852,1.);
#8852 = DIRECTION('',(-0.336888218818,-0.941544650042,0.));
#8853 = ORIENTED_EDGE('',*,*,#8854,.F.);
#8854 = EDGE_CURVE('',#8826,#6878,#8855,.T.);
#8855 = LINE('',#8856,#8857);
#8856 = CARTESIAN_POINT('',(3.054693937302,-8.926630973816,0.));
#8857 = VECTOR('',#8858,1.);
#8858 = DIRECTION('',(-0.59104433809,0.179291391292,0.786461179856));
#8859 = PLANE('',#8860);
#8860 = AXIS2_PLACEMENT_3D('',#8861,#8862,#8863);
#8861 = CARTESIAN_POINT('',(2.302420191434,-8.743506680548,
    0.981638420119));
#8862 = DIRECTION('',(-0.740828580941,0.265071253999,-0.617179264042));
#8863 = DIRECTION('',(0.640075516238,0.,-0.768312002713));
#8864 = ADVANCED_FACE('',(#8865),#8882,.T.);
#8865 = FACE_BOUND('',#8866,.T.);
#8866 = EDGE_LOOP('',(#8867,#8868,#8876));
#8867 = ORIENTED_EDGE('',*,*,#8854,.T.);
#8868 = ORIENTED_EDGE('',*,*,#8869,.T.);
#8869 = EDGE_CURVE('',#6878,#8870,#8872,.T.);
#8870 = VERTEX_POINT('',#8871);
#8871 = CARTESIAN_POINT('',(3.130810499191,-8.622756958008,0.));
#8872 = LINE('',#8873,#8874);
#8873 = CARTESIAN_POINT('',(1.626798629761,-8.493483543396,
    1.899999976158));
#8874 = VECTOR('',#8875,1.);
#8875 = DIRECTION('',(0.619782368377,-5.327177577832E-02,-0.782963558382
    ));
#8876 = ORIENTED_EDGE('',*,*,#8877,.F.);
#8877 = EDGE_CURVE('',#8826,#8870,#8878,.T.);
#8878 = LINE('',#8879,#8880);
#8879 = CARTESIAN_POINT('',(3.054693937302,-8.926630973816,0.));
#8880 = VECTOR('',#8881,1.);
#8881 = DIRECTION('',(0.242980430382,0.970031190453,0.));
#8882 = PLANE('',#8883);
#8883 = AXIS2_PLACEMENT_3D('',#8884,#8885,#8886);
#8884 = CARTESIAN_POINT('',(2.404350100391,-8.642472752181,
    0.892279058471));
#8885 = DIRECTION('',(-0.763242457251,0.191182492454,-0.617179233309));
#8886 = DIRECTION('',(0.628777339933,1.387778780781E-17,-0.777585401604)
  );
#8887 = ADVANCED_FACE('',(#8888),#8898,.T.);
#8888 = FACE_BOUND('',#8889,.T.);
#8889 = EDGE_LOOP('',(#8890,#8891,#8892));
#8890 = ORIENTED_EDGE('',*,*,#8869,.F.);
#8891 = ORIENTED_EDGE('',*,*,#6877,.F.);
#8892 = ORIENTED_EDGE('',*,*,#8893,.F.);
#8893 = EDGE_CURVE('',#8870,#6854,#8894,.T.);
#8894 = LINE('',#8895,#8896);
#8895 = CARTESIAN_POINT('',(3.130810499191,-8.622756958008,0.));
#8896 = VECTOR('',#8897,1.);
#8897 = DIRECTION('',(-0.605771929314,0.120495525877,0.786461186518));
#8898 = PLANE('',#8899);
#8899 = AXIS2_PLACEMENT_3D('',#8900,#8901,#8902);
#8900 = CARTESIAN_POINT('',(2.364209999708,-8.514249933656,
    0.981638190145));
#8901 = DIRECTION('',(-0.76324240068,0.191182796154,-0.617179209192));
#8902 = DIRECTION('',(0.628777353255,0.,-0.777585390831));
#8903 = ADVANCED_FACE('',(#8904),#8915,.T.);
#8904 = FACE_BOUND('',#8905,.T.);
#8905 = EDGE_LOOP('',(#8906,#8907,#8908,#8914));
#8906 = ORIENTED_EDGE('',*,*,#6885,.F.);
#8907 = ORIENTED_EDGE('',*,*,#8848,.T.);
#8908 = ORIENTED_EDGE('',*,*,#8909,.T.);
#8909 = EDGE_CURVE('',#8803,#5900,#8910,.T.);
#8910 = LINE('',#8911,#8912);
#8911 = CARTESIAN_POINT('',(1.570595264435,-8.650562286377,
    1.899999976158));
#8912 = VECTOR('',#8913,1.);
#8913 = DIRECTION('',(0.,0.,1.));
#8914 = ORIENTED_EDGE('',*,*,#5899,.F.);
#8915 = PLANE('',#8916);
#8916 = AXIS2_PLACEMENT_3D('',#8917,#8918,#8919);
#8917 = CARTESIAN_POINT('',(1.598696947098,-8.572022914886,
    2.449999988079));
#8918 = DIRECTION('',(-0.941544650042,0.336888218818,-0.));
#8919 = DIRECTION('',(-0.336888218818,-0.941544650042,0.));
#8920 = ADVANCED_FACE('',(#8921),#8932,.T.);
#8921 = FACE_BOUND('',#8922,.T.);
#8922 = EDGE_LOOP('',(#8923,#8924,#8925,#8931));
#8923 = ORIENTED_EDGE('',*,*,#8909,.F.);
#8924 = ORIENTED_EDGE('',*,*,#8802,.T.);
#8925 = ORIENTED_EDGE('',*,*,#8926,.T.);
#8926 = EDGE_CURVE('',#8757,#5908,#8927,.T.);
#8927 = LINE('',#8928,#8929);
#8928 = CARTESIAN_POINT('',(1.499266147614,-8.801374435425,
    1.899999976158));
#8929 = VECTOR('',#8930,1.);
#8930 = DIRECTION('',(0.,0.,1.));
#8931 = ORIENTED_EDGE('',*,*,#5907,.F.);
#8932 = PLANE('',#8933);
#8933 = AXIS2_PLACEMENT_3D('',#8934,#8935,#8936);
#8934 = CARTESIAN_POINT('',(1.534930706024,-8.725968360901,
    2.449999988079));
#8935 = DIRECTION('',(-0.903988638532,0.427556477446,-0.));
#8936 = DIRECTION('',(-0.427556477446,-0.903988638532,0.));
#8937 = ADVANCED_FACE('',(#8938),#8949,.T.);
#8938 = FACE_BOUND('',#8939,.T.);
#8939 = EDGE_LOOP('',(#8940,#8941,#8942,#8948));
#8940 = ORIENTED_EDGE('',*,*,#8926,.F.);
#8941 = ORIENTED_EDGE('',*,*,#8756,.T.);
#8942 = ORIENTED_EDGE('',*,*,#8943,.T.);
#8943 = EDGE_CURVE('',#8711,#5916,#8944,.T.);
#8944 = LINE('',#8945,#8946);
#8945 = CARTESIAN_POINT('',(1.413498282433,-8.944469451904,
    1.899999976158));
#8946 = VECTOR('',#8947,1.);
#8947 = DIRECTION('',(0.,0.,1.));
#8948 = ORIENTED_EDGE('',*,*,#5915,.F.);
#8949 = PLANE('',#8950);
#8950 = AXIS2_PLACEMENT_3D('',#8951,#8952,#8953);
#8951 = CARTESIAN_POINT('',(1.456382215023,-8.872921943665,
    2.449999988079));
#8952 = DIRECTION('',(-0.857728575696,0.514102801426,-0.));
#8953 = DIRECTION('',(-0.514102801426,-0.857728575696,0.));
#8954 = ADVANCED_FACE('',(#8955),#8966,.T.);
#8955 = FACE_BOUND('',#8956,.T.);
#8956 = EDGE_LOOP('',(#8957,#8958,#8959,#8965));
#8957 = ORIENTED_EDGE('',*,*,#8943,.F.);
#8958 = ORIENTED_EDGE('',*,*,#8710,.T.);
#8959 = ORIENTED_EDGE('',*,*,#8960,.T.);
#8960 = EDGE_CURVE('',#8642,#5924,#8961,.T.);
#8961 = LINE('',#8962,#8963);
#8962 = CARTESIAN_POINT('',(1.314117789268,-9.078468322754,
    1.899999976158));
#8963 = VECTOR('',#8964,1.);
#8964 = DIRECTION('',(0.,0.,1.));
#8965 = ORIENTED_EDGE('',*,*,#5923,.F.);
#8966 = PLANE('',#8967);
#8967 = AXIS2_PLACEMENT_3D('',#8968,#8969,#8970);
#8968 = CARTESIAN_POINT('',(1.363808035851,-9.011468887329,
    2.449999988079));
#8969 = DIRECTION('',(-0.803207080059,0.595699913164,-0.));
#8970 = DIRECTION('',(-0.595699913164,-0.803207080059,0.));
#8971 = ADVANCED_FACE('',(#8972),#8983,.T.);
#8972 = FACE_BOUND('',#8973,.T.);
#8973 = EDGE_LOOP('',(#8974,#8975,#8976,#8982));
#8974 = ORIENTED_EDGE('',*,*,#8960,.F.);
#8975 = ORIENTED_EDGE('',*,*,#8641,.T.);
#8976 = ORIENTED_EDGE('',*,*,#8977,.T.);
#8977 = EDGE_CURVE('',#8586,#5932,#8978,.T.);
#8978 = LINE('',#8979,#8980);
#8979 = CARTESIAN_POINT('',(1.202081561089,-9.202081680298,
    1.899999976158));
#8980 = VECTOR('',#8981,1.);
#8981 = DIRECTION('',(0.,0.,1.));
#8982 = ORIENTED_EDGE('',*,*,#5931,.F.);
#8983 = PLANE('',#8984);
#8984 = AXIS2_PLACEMENT_3D('',#8985,#8986,#8987);
#8985 = CARTESIAN_POINT('',(1.258099675179,-9.140275001526,
    2.449999988079));
#8986 = DIRECTION('',(-0.740952284053,0.671557676419,-0.));
#8987 = DIRECTION('',(-0.671557676419,-0.740952284053,0.));
#8988 = ADVANCED_FACE('',(#8989),#9000,.T.);
#8989 = FACE_BOUND('',#8990,.T.);
#8990 = EDGE_LOOP('',(#8991,#8992,#8993,#8999));
#8991 = ORIENTED_EDGE('',*,*,#8977,.F.);
#8992 = ORIENTED_EDGE('',*,*,#8625,.T.);
#8993 = ORIENTED_EDGE('',*,*,#8994,.T.);
#8994 = EDGE_CURVE('',#8548,#5940,#8995,.T.);
#8995 = LINE('',#8996,#8997);
#8996 = CARTESIAN_POINT('',(1.078468561172,-9.314117431641,
    1.899999976158));
#8997 = VECTOR('',#8998,1.);
#8998 = DIRECTION('',(0.,0.,1.));
#8999 = ORIENTED_EDGE('',*,*,#5939,.F.);
#9000 = PLANE('',#9001);
#9001 = AXIS2_PLACEMENT_3D('',#9002,#9003,#9004);
#9002 = CARTESIAN_POINT('',(1.140275061131,-9.258099555969,
    2.449999988079));
#9003 = DIRECTION('',(-0.671557173897,0.74095273951,0.));
#9004 = DIRECTION('',(0.74095273951,0.671557173897,0.));
#9005 = ADVANCED_FACE('',(#9006),#9017,.T.);
#9006 = FACE_BOUND('',#9007,.T.);
#9007 = EDGE_LOOP('',(#9008,#9009,#9010,#9016));
#9008 = ORIENTED_EDGE('',*,*,#8994,.F.);
#9009 = ORIENTED_EDGE('',*,*,#8547,.T.);
#9010 = ORIENTED_EDGE('',*,*,#9011,.T.);
#9011 = EDGE_CURVE('',#8509,#5948,#9012,.T.);
#9012 = LINE('',#9013,#9014);
#9013 = CARTESIAN_POINT('',(0.9444693923,-9.413497924805,1.899999976158)
  );
#9014 = VECTOR('',#9015,1.);
#9015 = DIRECTION('',(0.,0.,1.));
#9016 = ORIENTED_EDGE('',*,*,#5947,.F.);
#9017 = PLANE('',#9018);
#9018 = AXIS2_PLACEMENT_3D('',#9019,#9020,#9021);
#9019 = CARTESIAN_POINT('',(1.011468976736,-9.363807678223,
    2.449999988079));
#9020 = DIRECTION('',(-0.595699058429,0.803207713973,0.));
#9021 = DIRECTION('',(0.803207713973,0.595699058429,0.));
#9022 = ADVANCED_FACE('',(#9023),#9034,.T.);
#9023 = FACE_BOUND('',#9024,.T.);
#9024 = EDGE_LOOP('',(#9025,#9026,#9027,#9033));
#9025 = ORIENTED_EDGE('',*,*,#9011,.F.);
#9026 = ORIENTED_EDGE('',*,*,#8508,.T.);
#9027 = ORIENTED_EDGE('',*,*,#9028,.T.);
#9028 = EDGE_CURVE('',#8469,#5956,#9029,.T.);
#9029 = LINE('',#9030,#9031);
#9030 = CARTESIAN_POINT('',(0.801374435425,-9.499266624451,
    1.899999976158));
#9031 = VECTOR('',#9032,1.);
#9032 = DIRECTION('',(0.,0.,1.));
#9033 = ORIENTED_EDGE('',*,*,#5955,.F.);
#9034 = PLANE('',#9035);
#9035 = AXIS2_PLACEMENT_3D('',#9036,#9037,#9038);
#9036 = CARTESIAN_POINT('',(0.872921913862,-9.456382274628,
    2.449999988079));
#9037 = DIRECTION('',(-0.514106638834,0.85772627563,0.));
#9038 = DIRECTION('',(0.85772627563,0.514106638834,0.));
#9039 = ADVANCED_FACE('',(#9040),#9051,.T.);
#9040 = FACE_BOUND('',#9041,.T.);
#9041 = EDGE_LOOP('',(#9042,#9043,#9044,#9050));
#9042 = ORIENTED_EDGE('',*,*,#9028,.F.);
#9043 = ORIENTED_EDGE('',*,*,#8492,.T.);
#9044 = ORIENTED_EDGE('',*,*,#9045,.T.);
#9045 = EDGE_CURVE('',#8134,#5964,#9046,.T.);
#9046 = LINE('',#9047,#9048);
#9047 = CARTESIAN_POINT('',(0.65056180954,-9.570594787598,1.899999976158
    ));
#9048 = VECTOR('',#9049,1.);
#9049 = DIRECTION('',(0.,0.,1.));
#9050 = ORIENTED_EDGE('',*,*,#5963,.F.);
#9051 = PLANE('',#9052);
#9052 = AXIS2_PLACEMENT_3D('',#9053,#9054,#9055);
#9053 = CARTESIAN_POINT('',(0.725968122482,-9.534930706024,
    2.449999988079));
#9054 = DIRECTION('',(-0.427550701255,0.903991370455,0.));
#9055 = DIRECTION('',(0.903991370455,0.427550701255,0.));
#9056 = ADVANCED_FACE('',(#9057),#9068,.T.);
#9057 = FACE_BOUND('',#9058,.T.);
#9058 = EDGE_LOOP('',(#9059,#9060,#9061,#9067));
#9059 = ORIENTED_EDGE('',*,*,#9045,.F.);
#9060 = ORIENTED_EDGE('',*,*,#8133,.T.);
#9061 = ORIENTED_EDGE('',*,*,#9062,.T.);
#9062 = EDGE_CURVE('',#8088,#5972,#9063,.T.);
#9063 = LINE('',#9064,#9065);
#9064 = CARTESIAN_POINT('',(0.493483960629,-9.626798629761,
    1.899999976158));
#9065 = VECTOR('',#9066,1.);
#9066 = DIRECTION('',(0.,0.,1.));
#9067 = ORIENTED_EDGE('',*,*,#5971,.F.);
#9068 = PLANE('',#9069);
#9069 = AXIS2_PLACEMENT_3D('',#9070,#9071,#9072);
#9070 = CARTESIAN_POINT('',(0.572022885084,-9.598696708679,
    2.449999988079));
#9071 = DIRECTION('',(-0.336892452543,0.941543135188,0.));
#9072 = DIRECTION('',(0.941543135188,0.336892452543,0.));
#9073 = ADVANCED_FACE('',(#9074),#9085,.T.);
#9074 = FACE_BOUND('',#9075,.T.);
#9075 = EDGE_LOOP('',(#9076,#9077,#9078,#9084));
#9076 = ORIENTED_EDGE('',*,*,#9062,.F.);
#9077 = ORIENTED_EDGE('',*,*,#8087,.T.);
#9078 = ORIENTED_EDGE('',*,*,#9079,.T.);
#9079 = EDGE_CURVE('',#8042,#5980,#9080,.T.);
#9080 = LINE('',#9081,#9082);
#9081 = CARTESIAN_POINT('',(0.331653535366,-9.66733455658,1.899999976158
    ));
#9082 = VECTOR('',#9083,1.);
#9083 = DIRECTION('',(0.,0.,1.));
#9084 = ORIENTED_EDGE('',*,*,#5979,.F.);
#9085 = PLANE('',#9086);
#9086 = AXIS2_PLACEMENT_3D('',#9087,#9088,#9089);
#9087 = CARTESIAN_POINT('',(0.412568747997,-9.64706659317,2.449999988079
    ));
#9088 = DIRECTION('',(-0.242977447368,0.970031937655,0.));
#9089 = DIRECTION('',(0.970031937655,0.242977447368,0.));
#9090 = ADVANCED_FACE('',(#9091),#9102,.T.);
#9091 = FACE_BOUND('',#9092,.T.);
#9092 = EDGE_LOOP('',(#9093,#9094,#9095,#9101));
#9093 = ORIENTED_EDGE('',*,*,#9079,.F.);
#9094 = ORIENTED_EDGE('',*,*,#8041,.T.);
#9095 = ORIENTED_EDGE('',*,*,#9096,.T.);
#9096 = EDGE_CURVE('',#8002,#5988,#9097,.T.);
#9097 = LINE('',#9098,#9099);
#9098 = CARTESIAN_POINT('',(0.166629135609,-9.691814422607,
    1.899999976158));
#9099 = VECTOR('',#9100,1.);
#9100 = DIRECTION('',(0.,0.,1.));
#9101 = ORIENTED_EDGE('',*,*,#5987,.F.);
#9102 = PLANE('',#9103);
#9103 = AXIS2_PLACEMENT_3D('',#9104,#9105,#9106);
#9104 = CARTESIAN_POINT('',(0.249141335487,-9.679574489594,
    2.449999988079));
#9105 = DIRECTION('',(-0.146735217661,0.989175806365,0.));
#9106 = DIRECTION('',(0.989175806365,0.146735217661,0.));
#9107 = ADVANCED_FACE('',(#9108),#9119,.T.);
#9108 = FACE_BOUND('',#9109,.T.);
#9109 = EDGE_LOOP('',(#9110,#9111,#9112,#9118));
#9110 = ORIENTED_EDGE('',*,*,#9096,.F.);
#9111 = ORIENTED_EDGE('',*,*,#8025,.T.);
#9112 = ORIENTED_EDGE('',*,*,#9113,.F.);
#9113 = EDGE_CURVE('',#5996,#7964,#9114,.T.);
#9114 = LINE('',#9115,#9116);
#9115 = CARTESIAN_POINT('',(0.,-9.699999809265,3.));
#9116 = VECTOR('',#9117,1.);
#9117 = DIRECTION('',(0.,0.,-1.));
#9118 = ORIENTED_EDGE('',*,*,#5995,.F.);
#9119 = PLANE('',#9120);
#9120 = AXIS2_PLACEMENT_3D('',#9121,#9122,#9123);
#9121 = CARTESIAN_POINT('',(8.331456780434E-02,-9.695907115936,
    2.449999988079));
#9122 = DIRECTION('',(-4.906421893497E-02,0.998795625952,0.));
#9123 = DIRECTION('',(0.998795625952,4.906421893497E-02,0.));
#9124 = ADVANCED_FACE('',(#9125),#9141,.T.);
#9125 = FACE_BOUND('',#9126,.T.);
#9126 = EDGE_LOOP('',(#9127,#9128,#9134,#9135));
#9127 = ORIENTED_EDGE('',*,*,#7696,.T.);
#9128 = ORIENTED_EDGE('',*,*,#9129,.T.);
#9129 = EDGE_CURVE('',#7579,#6028,#9130,.T.);
#9130 = LINE('',#9131,#9132);
#9131 = CARTESIAN_POINT('',(-0.65056180954,-9.570594787598,
    1.899999976158));
#9132 = VECTOR('',#9133,1.);
#9133 = DIRECTION('',(0.,0.,1.));
#9134 = ORIENTED_EDGE('',*,*,#6027,.F.);
#9135 = ORIENTED_EDGE('',*,*,#9136,.F.);
#9136 = EDGE_CURVE('',#7697,#6020,#9137,.T.);
#9137 = LINE('',#9138,#9139);
#9138 = CARTESIAN_POINT('',(-0.493483960629,-9.626798629761,
    1.899999976158));
#9139 = VECTOR('',#9140,1.);
#9140 = DIRECTION('',(0.,0.,1.));
#9141 = PLANE('',#9142);
#9142 = AXIS2_PLACEMENT_3D('',#9143,#9144,#9145);
#9143 = CARTESIAN_POINT('',(-0.572022885084,-9.598696708679,
    2.449999988079));
#9144 = DIRECTION('',(0.336892452543,0.941543135188,0.));
#9145 = DIRECTION('',(0.941543135188,-0.336892452543,0.));
#9146 = ADVANCED_FACE('',(#9147),#9158,.T.);
#9147 = FACE_BOUND('',#9148,.T.);
#9148 = EDGE_LOOP('',(#9149,#9150,#9151,#9157));
#9149 = ORIENTED_EDGE('',*,*,#9129,.F.);
#9150 = ORIENTED_EDGE('',*,*,#7680,.T.);
#9151 = ORIENTED_EDGE('',*,*,#9152,.T.);
#9152 = EDGE_CURVE('',#7625,#6036,#9153,.T.);
#9153 = LINE('',#9154,#9155);
#9154 = CARTESIAN_POINT('',(-0.801374435425,-9.499266624451,
    1.899999976158));
#9155 = VECTOR('',#9156,1.);
#9156 = DIRECTION('',(0.,0.,1.));
#9157 = ORIENTED_EDGE('',*,*,#6035,.F.);
#9158 = PLANE('',#9159);
#9159 = AXIS2_PLACEMENT_3D('',#9160,#9161,#9162);
#9160 = CARTESIAN_POINT('',(-0.725968122482,-9.534930706024,
    2.449999988079));
#9161 = DIRECTION('',(0.427550701255,0.903991370455,0.));
#9162 = DIRECTION('',(0.903991370455,-0.427550701255,0.));
#9163 = ADVANCED_FACE('',(#9164),#9175,.T.);
#9164 = FACE_BOUND('',#9165,.T.);
#9165 = EDGE_LOOP('',(#9166,#9167,#9168,#9174));
#9166 = ORIENTED_EDGE('',*,*,#9152,.F.);
#9167 = ORIENTED_EDGE('',*,*,#7664,.T.);
#9168 = ORIENTED_EDGE('',*,*,#9169,.T.);
#9169 = EDGE_CURVE('',#7602,#6044,#9170,.T.);
#9170 = LINE('',#9171,#9172);
#9171 = CARTESIAN_POINT('',(-0.9444693923,-9.413497924805,1.899999976158
    ));
#9172 = VECTOR('',#9173,1.);
#9173 = DIRECTION('',(0.,0.,1.));
#9174 = ORIENTED_EDGE('',*,*,#6043,.F.);
#9175 = PLANE('',#9176);
#9176 = AXIS2_PLACEMENT_3D('',#9177,#9178,#9179);
#9177 = CARTESIAN_POINT('',(-0.872921913862,-9.456382274628,
    2.449999988079));
#9178 = DIRECTION('',(0.514106638834,0.85772627563,0.));
#9179 = DIRECTION('',(0.85772627563,-0.514106638834,0.));
#9180 = ADVANCED_FACE('',(#9181),#9192,.T.);
#9181 = FACE_BOUND('',#9182,.T.);
#9182 = EDGE_LOOP('',(#9183,#9184,#9185,#9191));
#9183 = ORIENTED_EDGE('',*,*,#9169,.F.);
#9184 = ORIENTED_EDGE('',*,*,#7648,.T.);
#9185 = ORIENTED_EDGE('',*,*,#9186,.T.);
#9186 = EDGE_CURVE('',#7501,#6052,#9187,.T.);
#9187 = LINE('',#9188,#9189);
#9188 = CARTESIAN_POINT('',(-1.078468561172,-9.314117431641,
    1.899999976158));
#9189 = VECTOR('',#9190,1.);
#9190 = DIRECTION('',(0.,0.,1.));
#9191 = ORIENTED_EDGE('',*,*,#6051,.F.);
#9192 = PLANE('',#9193);
#9193 = AXIS2_PLACEMENT_3D('',#9194,#9195,#9196);
#9194 = CARTESIAN_POINT('',(-1.011468976736,-9.363807678223,
    2.449999988079));
#9195 = DIRECTION('',(0.595699058429,0.803207713973,0.));
#9196 = DIRECTION('',(0.803207713973,-0.595699058429,0.));
#9197 = ADVANCED_FACE('',(#9198),#9209,.T.);
#9198 = FACE_BOUND('',#9199,.T.);
#9199 = EDGE_LOOP('',(#9200,#9201,#9202,#9208));
#9200 = ORIENTED_EDGE('',*,*,#9186,.F.);
#9201 = ORIENTED_EDGE('',*,*,#7524,.T.);
#9202 = ORIENTED_EDGE('',*,*,#9203,.T.);
#9203 = EDGE_CURVE('',#7462,#6060,#9204,.T.);
#9204 = LINE('',#9205,#9206);
#9205 = CARTESIAN_POINT('',(-1.202081561089,-9.202081680298,
    1.899999976158));
#9206 = VECTOR('',#9207,1.);
#9207 = DIRECTION('',(0.,0.,1.));
#9208 = ORIENTED_EDGE('',*,*,#6059,.F.);
#9209 = PLANE('',#9210);
#9210 = AXIS2_PLACEMENT_3D('',#9211,#9212,#9213);
#9211 = CARTESIAN_POINT('',(-1.140275061131,-9.258099555969,
    2.449999988079));
#9212 = DIRECTION('',(0.671557173897,0.74095273951,0.));
#9213 = DIRECTION('',(0.74095273951,-0.671557173897,0.));
#9214 = ADVANCED_FACE('',(#9215),#9226,.T.);
#9215 = FACE_BOUND('',#9216,.T.);
#9216 = EDGE_LOOP('',(#9217,#9218,#9219,#9225));
#9217 = ORIENTED_EDGE('',*,*,#9203,.F.);
#9218 = ORIENTED_EDGE('',*,*,#7539,.T.);
#9219 = ORIENTED_EDGE('',*,*,#9220,.T.);
#9220 = EDGE_CURVE('',#7118,#6068,#9221,.T.);
#9221 = LINE('',#9222,#9223);
#9222 = CARTESIAN_POINT('',(-1.314117789268,-9.078468322754,
    1.899999976158));
#9223 = VECTOR('',#9224,1.);
#9224 = DIRECTION('',(0.,0.,1.));
#9225 = ORIENTED_EDGE('',*,*,#6067,.F.);
#9226 = PLANE('',#9227);
#9227 = AXIS2_PLACEMENT_3D('',#9228,#9229,#9230);
#9228 = CARTESIAN_POINT('',(-1.258099675179,-9.140275001526,
    2.449999988079));
#9229 = DIRECTION('',(0.740952284053,0.671557676419,0.));
#9230 = DIRECTION('',(-0.671557676419,0.740952284053,0.));
#9231 = ADVANCED_FACE('',(#9232),#9243,.T.);
#9232 = FACE_BOUND('',#9233,.T.);
#9233 = EDGE_LOOP('',(#9234,#9235,#9241,#9242));
#9234 = ORIENTED_EDGE('',*,*,#7963,.T.);
#9235 = ORIENTED_EDGE('',*,*,#9236,.T.);
#9236 = EDGE_CURVE('',#7924,#6004,#9237,.T.);
#9237 = LINE('',#9238,#9239);
#9238 = CARTESIAN_POINT('',(-0.166629135609,-9.691814422607,
    1.899999976158));
#9239 = VECTOR('',#9240,1.);
#9240 = DIRECTION('',(0.,0.,1.));
#9241 = ORIENTED_EDGE('',*,*,#6003,.F.);
#9242 = ORIENTED_EDGE('',*,*,#9113,.T.);
#9243 = PLANE('',#9244);
#9244 = AXIS2_PLACEMENT_3D('',#9245,#9246,#9247);
#9245 = CARTESIAN_POINT('',(-8.331456780434E-02,-9.695907115936,
    2.449999988079));
#9246 = DIRECTION('',(4.906421893497E-02,0.998795625952,0.));
#9247 = DIRECTION('',(0.998795625952,-4.906421893497E-02,0.));
#9248 = ADVANCED_FACE('',(#9249),#9260,.T.);
#9249 = FACE_BOUND('',#9250,.T.);
#9250 = EDGE_LOOP('',(#9251,#9252,#9253,#9259));
#9251 = ORIENTED_EDGE('',*,*,#9236,.F.);
#9252 = ORIENTED_EDGE('',*,*,#7947,.T.);
#9253 = ORIENTED_EDGE('',*,*,#9254,.T.);
#9254 = EDGE_CURVE('',#7743,#6012,#9255,.T.);
#9255 = LINE('',#9256,#9257);
#9256 = CARTESIAN_POINT('',(-0.331653535366,-9.66733455658,
    1.899999976158));
#9257 = VECTOR('',#9258,1.);
#9258 = DIRECTION('',(0.,0.,1.));
#9259 = ORIENTED_EDGE('',*,*,#6011,.F.);
#9260 = PLANE('',#9261);
#9261 = AXIS2_PLACEMENT_3D('',#9262,#9263,#9264);
#9262 = CARTESIAN_POINT('',(-0.249141335487,-9.679574489594,
    2.449999988079));
#9263 = DIRECTION('',(0.146735217661,0.989175806365,0.));
#9264 = DIRECTION('',(0.989175806365,-0.146735217661,0.));
#9265 = ADVANCED_FACE('',(#9266),#9272,.T.);
#9266 = FACE_BOUND('',#9267,.T.);
#9267 = EDGE_LOOP('',(#9268,#9269,#9270,#9271));
#9268 = ORIENTED_EDGE('',*,*,#9254,.F.);
#9269 = ORIENTED_EDGE('',*,*,#7742,.T.);
#9270 = ORIENTED_EDGE('',*,*,#9136,.T.);
#9271 = ORIENTED_EDGE('',*,*,#6019,.F.);
#9272 = PLANE('',#9273);
#9273 = AXIS2_PLACEMENT_3D('',#9274,#9275,#9276);
#9274 = CARTESIAN_POINT('',(-0.412568747997,-9.64706659317,
    2.449999988079));
#9275 = DIRECTION('',(0.242977447368,0.970031937655,0.));
#9276 = DIRECTION('',(0.970031937655,-0.242977447368,0.));
#9277 = ADVANCED_FACE('',(#9278),#9289,.T.);
#9278 = FACE_BOUND('',#9279,.T.);
#9279 = EDGE_LOOP('',(#9280,#9281,#9287,#9288));
#9280 = ORIENTED_EDGE('',*,*,#7117,.T.);
#9281 = ORIENTED_EDGE('',*,*,#9282,.T.);
#9282 = EDGE_CURVE('',#7072,#6076,#9283,.T.);
#9283 = LINE('',#9284,#9285);
#9284 = CARTESIAN_POINT('',(-1.413498282433,-8.944469451904,
    1.899999976158));
#9285 = VECTOR('',#9286,1.);
#9286 = DIRECTION('',(0.,0.,1.));
#9287 = ORIENTED_EDGE('',*,*,#6075,.F.);
#9288 = ORIENTED_EDGE('',*,*,#9220,.F.);
#9289 = PLANE('',#9290);
#9290 = AXIS2_PLACEMENT_3D('',#9291,#9292,#9293);
#9291 = CARTESIAN_POINT('',(-1.363808035851,-9.011468887329,
    2.449999988079));
#9292 = DIRECTION('',(0.803207080059,0.595699913164,0.));
#9293 = DIRECTION('',(-0.595699913164,0.803207080059,0.));
#9294 = ADVANCED_FACE('',(#9295),#9306,.T.);
#9295 = FACE_BOUND('',#9296,.T.);
#9296 = EDGE_LOOP('',(#9297,#9298,#9299,#9305));
#9297 = ORIENTED_EDGE('',*,*,#9282,.F.);
#9298 = ORIENTED_EDGE('',*,*,#7071,.T.);
#9299 = ORIENTED_EDGE('',*,*,#9300,.T.);
#9300 = EDGE_CURVE('',#7026,#6084,#9301,.T.);
#9301 = LINE('',#9302,#9303);
#9302 = CARTESIAN_POINT('',(-1.499266147614,-8.801374435425,
    1.899999976158));
#9303 = VECTOR('',#9304,1.);
#9304 = DIRECTION('',(0.,0.,1.));
#9305 = ORIENTED_EDGE('',*,*,#6083,.F.);
#9306 = PLANE('',#9307);
#9307 = AXIS2_PLACEMENT_3D('',#9308,#9309,#9310);
#9308 = CARTESIAN_POINT('',(-1.456382215023,-8.872921943665,
    2.449999988079));
#9309 = DIRECTION('',(0.857728575696,0.514102801426,0.));
#9310 = DIRECTION('',(-0.514102801426,0.857728575696,0.));
#9311 = ADVANCED_FACE('',(#9312),#9323,.T.);
#9312 = FACE_BOUND('',#9313,.T.);
#9313 = EDGE_LOOP('',(#9314,#9315,#9321,#9322));
#9314 = ORIENTED_EDGE('',*,*,#7025,.T.);
#9315 = ORIENTED_EDGE('',*,*,#9316,.T.);
#9316 = EDGE_CURVE('',#6980,#6092,#9317,.T.);
#9317 = LINE('',#9318,#9319);
#9318 = CARTESIAN_POINT('',(-1.570595264435,-8.650562286377,
    1.899999976158));
#9319 = VECTOR('',#9320,1.);
#9320 = DIRECTION('',(0.,0.,1.));
#9321 = ORIENTED_EDGE('',*,*,#6091,.F.);
#9322 = ORIENTED_EDGE('',*,*,#9300,.F.);
#9323 = PLANE('',#9324);
#9324 = AXIS2_PLACEMENT_3D('',#9325,#9326,#9327);
#9325 = CARTESIAN_POINT('',(-1.534930706024,-8.725968360901,
    2.449999988079));
#9326 = DIRECTION('',(0.903988638532,0.427556477446,0.));
#9327 = DIRECTION('',(-0.427556477446,0.903988638532,0.));
#9328 = ADVANCED_FACE('',(#9329),#9340,.T.);
#9329 = FACE_BOUND('',#9330,.T.);
#9330 = EDGE_LOOP('',(#9331,#9332,#9333,#9339));
#9331 = ORIENTED_EDGE('',*,*,#9316,.F.);
#9332 = ORIENTED_EDGE('',*,*,#6979,.T.);
#9333 = ORIENTED_EDGE('',*,*,#9334,.T.);
#9334 = EDGE_CURVE('',#6903,#6100,#9335,.T.);
#9335 = LINE('',#9336,#9337);
#9336 = CARTESIAN_POINT('',(-1.626798629761,-8.493483543396,
    1.899999976158));
#9337 = VECTOR('',#9338,1.);
#9338 = DIRECTION('',(0.,0.,1.));
#9339 = ORIENTED_EDGE('',*,*,#6099,.F.);
#9340 = PLANE('',#9341);
#9341 = AXIS2_PLACEMENT_3D('',#9342,#9343,#9344);
#9342 = CARTESIAN_POINT('',(-1.598696947098,-8.572022914886,
    2.449999988079));
#9343 = DIRECTION('',(0.941544650042,0.336888218818,0.));
#9344 = DIRECTION('',(-0.336888218818,0.941544650042,0.));
#9345 = ADVANCED_FACE('',(#9346),#9362,.T.);
#9346 = FACE_BOUND('',#9347,.T.);
#9347 = EDGE_LOOP('',(#9348,#9349,#9355,#9361));
#9348 = ORIENTED_EDGE('',*,*,#307,.F.);
#9349 = ORIENTED_EDGE('',*,*,#9350,.F.);
#9350 = EDGE_CURVE('',#2571,#232,#9351,.T.);
#9351 = LINE('',#9352,#9353);
#9352 = CARTESIAN_POINT('',(4.20951795578,10.16267490387,0.600000023842)
  );
#9353 = VECTOR('',#9354,1.);
#9354 = DIRECTION('',(0.903989202284,-0.427555285494,0.));
#9355 = ORIENTED_EDGE('',*,*,#9356,.F.);
#9356 = EDGE_CURVE('',#4530,#2571,#9357,.T.);
#9357 = LINE('',#9358,#9359);
#9358 = CARTESIAN_POINT('',(4.20951795578,10.16267490387,3.));
#9359 = VECTOR('',#9360,1.);
#9360 = DIRECTION('',(0.,0.,-1.));
#9361 = ORIENTED_EDGE('',*,*,#4529,.T.);
#9362 = PLANE('',#9363);
#9363 = AXIS2_PLACEMENT_3D('',#9364,#9365,#9366);
#9364 = CARTESIAN_POINT('',(4.697441101074,9.931904315948,1.800000011921
    ));
#9365 = DIRECTION('',(0.427555285494,0.903989202284,0.));
#9366 = DIRECTION('',(0.903989202284,-0.427555285494,0.));
#9367 = ADVANCED_FACE('',(#9368),#10074,.T.);
#9368 = FACE_BOUND('',#9369,.T.);
#9369 = EDGE_LOOP('',(#9370,#9371,#9372,#9373,#9374,#9375,#9376,#9377,
    #9383,#9384,#9385,#9386,#9387,#9388,#9389,#9397,#9405,#9413,#9421,
    #9429,#9437,#9445,#9453,#9461,#9469,#9477,#9485,#9493,#9501,#9509,
    #9517,#9523,#9524,#9525,#9526,#9527,#9528,#9529,#9530,#9531,#9537,
    #9538,#9544,#9545,#9551,#9552,#9553,#9554,#9555,#9561,#9562,#9563,
    #9571,#9579,#9587,#9595,#9603,#9611,#9619,#9627,#9635,#9643,#9651,
    #9659,#9667,#9675,#9683,#9691,#9699,#9707,#9715,#9723,#9731,#9739,
    #9747,#9753,#9754,#9755,#9756,#9757,#9758,#9759,#9760,#9761,#9769,
    #9777,#9785,#9793,#9801,#9809,#9817,#9825,#9833,#9841,#9849,#9857,
    #9865,#9873,#9881,#9889,#9897,#9905,#9913,#9921,#9929,#9937,#9945,
    #9951,#9952,#9953,#9954,#9955,#9956,#9957,#9958,#9959,#9967,#9975,
    #9983,#9991,#9997,#9998,#9999,#10000,#10001,#10007,#10008,#10009,
    #10015,#10016,#10017,#10023,#10024,#10025,#10026,#10027,#10033,
    #10034,#10035,#10041,#10042,#10043,#10049,#10050,#10051,#10052,
    #10053,#10059,#10060,#10066,#10067,#10073));
#9370 = ORIENTED_EDGE('',*,*,#981,.T.);
#9371 = ORIENTED_EDGE('',*,*,#944,.T.);
#9372 = ORIENTED_EDGE('',*,*,#898,.T.);
#9373 = ORIENTED_EDGE('',*,*,#852,.T.);
#9374 = ORIENTED_EDGE('',*,*,#2764,.T.);
#9375 = ORIENTED_EDGE('',*,*,#2509,.T.);
#9376 = ORIENTED_EDGE('',*,*,#2555,.T.);
#9377 = ORIENTED_EDGE('',*,*,#9378,.T.);
#9378 = EDGE_CURVE('',#2548,#224,#9379,.T.);
#9379 = LINE('',#9380,#9381);
#9380 = CARTESIAN_POINT('',(3.979907751083,9.608346939087,0.));
#9381 = VECTOR('',#9382,1.);
#9382 = DIRECTION('',(0.903989219522,-0.427555249048,0.));
#9383 = ORIENTED_EDGE('',*,*,#223,.T.);
#9384 = ORIENTED_EDGE('',*,*,#178,.T.);
#9385 = ORIENTED_EDGE('',*,*,#76,.T.);
#9386 = ORIENTED_EDGE('',*,*,#139,.T.);
#9387 = ORIENTED_EDGE('',*,*,#269,.T.);
#9388 = ORIENTED_EDGE('',*,*,#31,.T.);
#9389 = ORIENTED_EDGE('',*,*,#9390,.T.);
#9390 = EDGE_CURVE('',#22,#9391,#9393,.T.);
#9391 = VERTEX_POINT('',#9392);
#9392 = CARTESIAN_POINT('',(9.608346939087,3.979907751083,0.));
#9393 = LINE('',#9394,#9395);
#9394 = CARTESIAN_POINT('',(9.171980857849,4.902525901794,0.));
#9395 = VECTOR('',#9396,1.);
#9396 = DIRECTION('',(0.427555249048,-0.903989219522,0.));
#9397 = ORIENTED_EDGE('',*,*,#9398,.T.);
#9398 = EDGE_CURVE('',#9391,#9399,#9401,.T.);
#9399 = VERTEX_POINT('',#9400);
#9400 = CARTESIAN_POINT('',(9.952179908752,3.01896071434,0.));
#9401 = LINE('',#9402,#9403);
#9402 = CARTESIAN_POINT('',(9.608346939087,3.979907751083,0.));
#9403 = VECTOR('',#9404,1.);
#9404 = DIRECTION('',(0.336890393698,-0.941543871858,0.));
#9405 = ORIENTED_EDGE('',*,*,#9406,.T.);
#9406 = EDGE_CURVE('',#9399,#9407,#9409,.T.);
#9407 = VERTEX_POINT('',#9408);
#9408 = CARTESIAN_POINT('',(10.200166702271,2.028939247131,0.));
#9409 = LINE('',#9410,#9411);
#9410 = CARTESIAN_POINT('',(9.952179908752,3.01896071434,0.));
#9411 = VECTOR('',#9412,1.);
#9412 = DIRECTION('',(0.2429795582,-0.970031408923,0.));
#9413 = ORIENTED_EDGE('',*,*,#9414,.T.);
#9414 = EDGE_CURVE('',#9407,#9415,#9417,.T.);
#9415 = VERTEX_POINT('',#9416);
#9416 = CARTESIAN_POINT('',(10.349921226501,1.019378304482,0.));
#9417 = LINE('',#9418,#9419);
#9418 = CARTESIAN_POINT('',(10.200166702271,2.028939247131,0.));
#9419 = VECTOR('',#9420,1.);
#9420 = DIRECTION('',(0.146730766693,-0.989176466615,0.));
#9421 = ORIENTED_EDGE('',*,*,#9422,.T.);
#9422 = EDGE_CURVE('',#9415,#9423,#9425,.T.);
#9423 = VERTEX_POINT('',#9424);
#9424 = CARTESIAN_POINT('',(10.39999961853,0.,0.));
#9425 = LINE('',#9426,#9427);
#9426 = CARTESIAN_POINT('',(10.349921226501,1.019378304482,0.));
#9427 = VECTOR('',#9428,1.);
#9428 = DIRECTION('',(4.906723174446E-02,-0.998795477948,0.));
#9429 = ORIENTED_EDGE('',*,*,#9430,.T.);
#9430 = EDGE_CURVE('',#9423,#9431,#9433,.T.);
#9431 = VERTEX_POINT('',#9432);
#9432 = CARTESIAN_POINT('',(10.349921226501,-1.019378304482,0.));
#9433 = LINE('',#9434,#9435);
#9434 = CARTESIAN_POINT('',(10.39999961853,0.,0.));
#9435 = VECTOR('',#9436,1.);
#9436 = DIRECTION('',(-4.906723174446E-02,-0.998795477948,0.));
#9437 = ORIENTED_EDGE('',*,*,#9438,.T.);
#9438 = EDGE_CURVE('',#9431,#9439,#9441,.T.);
#9439 = VERTEX_POINT('',#9440);
#9440 = CARTESIAN_POINT('',(10.200166702271,-2.028939247131,0.));
#9441 = LINE('',#9442,#9443);
#9442 = CARTESIAN_POINT('',(10.349921226501,-1.019378304482,0.));
#9443 = VECTOR('',#9444,1.);
#9444 = DIRECTION('',(-0.146730766693,-0.989176466615,0.));
#9445 = ORIENTED_EDGE('',*,*,#9446,.T.);
#9446 = EDGE_CURVE('',#9439,#9447,#9449,.T.);
#9447 = VERTEX_POINT('',#9448);
#9448 = CARTESIAN_POINT('',(9.952179908752,-3.01896071434,0.));
#9449 = LINE('',#9450,#9451);
#9450 = CARTESIAN_POINT('',(10.200166702271,-2.028939247131,0.));
#9451 = VECTOR('',#9452,1.);
#9452 = DIRECTION('',(-0.2429795582,-0.970031408923,0.));
#9453 = ORIENTED_EDGE('',*,*,#9454,.T.);
#9454 = EDGE_CURVE('',#9447,#9455,#9457,.T.);
#9455 = VERTEX_POINT('',#9456);
#9456 = CARTESIAN_POINT('',(9.608346939087,-3.979907751083,0.));
#9457 = LINE('',#9458,#9459);
#9458 = CARTESIAN_POINT('',(9.952179908752,-3.01896071434,0.));
#9459 = VECTOR('',#9460,1.);
#9460 = DIRECTION('',(-0.336890393698,-0.941543871858,0.));
#9461 = ORIENTED_EDGE('',*,*,#9462,.T.);
#9462 = EDGE_CURVE('',#9455,#9463,#9465,.T.);
#9463 = VERTEX_POINT('',#9464);
#9464 = CARTESIAN_POINT('',(9.171980857849,-4.902525901794,0.));
#9465 = LINE('',#9466,#9467);
#9466 = CARTESIAN_POINT('',(9.608346939087,-3.979907751083,0.));
#9467 = VECTOR('',#9468,1.);
#9468 = DIRECTION('',(-0.427555249048,-0.903989219522,0.));
#9469 = ORIENTED_EDGE('',*,*,#9470,.T.);
#9470 = EDGE_CURVE('',#9463,#9471,#9473,.T.);
#9471 = VERTEX_POINT('',#9472);
#9472 = CARTESIAN_POINT('',(8.647283554077,-5.777930259705,0.));
#9473 = LINE('',#9474,#9475);
#9474 = CARTESIAN_POINT('',(9.171980857849,-4.902525901794,0.));
#9475 = VECTOR('',#9476,1.);
#9476 = DIRECTION('',(-0.514102833575,-0.857728556427,0.));
#9477 = ORIENTED_EDGE('',*,*,#9478,.T.);
#9478 = EDGE_CURVE('',#9471,#9479,#9481,.T.);
#9479 = VERTEX_POINT('',#9480);
#9480 = CARTESIAN_POINT('',(8.039308547974,-6.597690105438,0.));
#9481 = LINE('',#9482,#9483);
#9482 = CARTESIAN_POINT('',(8.647283554077,-5.777930259705,0.));
#9483 = VECTOR('',#9484,1.);
#9484 = DIRECTION('',(-0.595699095074,-0.803207686796,0.));
#9485 = ORIENTED_EDGE('',*,*,#9486,.T.);
#9486 = EDGE_CURVE('',#9479,#9487,#9489,.T.);
#9487 = VERTEX_POINT('',#9488);
#9488 = CARTESIAN_POINT('',(7.353910446167,-7.353910446167,0.));
#9489 = LINE('',#9490,#9491);
#9490 = CARTESIAN_POINT('',(8.039308547974,-6.597690105438,0.));
#9491 = VECTOR('',#9492,1.);
#9492 = DIRECTION('',(-0.671558920868,-0.740951156152,0.));
#9493 = ORIENTED_EDGE('',*,*,#9494,.T.);
#9494 = EDGE_CURVE('',#9487,#9495,#9497,.T.);
#9495 = VERTEX_POINT('',#9496);
#9496 = CARTESIAN_POINT('',(6.597690105438,-8.039308547974,0.));
#9497 = LINE('',#9498,#9499);
#9498 = CARTESIAN_POINT('',(7.353910446167,-7.353910446167,0.));
#9499 = VECTOR('',#9500,1.);
#9500 = DIRECTION('',(-0.740951156152,-0.671558920868,0.));
#9501 = ORIENTED_EDGE('',*,*,#9502,.T.);
#9502 = EDGE_CURVE('',#9495,#9503,#9505,.T.);
#9503 = VERTEX_POINT('',#9504);
#9504 = CARTESIAN_POINT('',(5.777930259705,-8.647283554077,0.));
#9505 = LINE('',#9506,#9507);
#9506 = CARTESIAN_POINT('',(6.597690105438,-8.039308547974,0.));
#9507 = VECTOR('',#9508,1.);
#9508 = DIRECTION('',(-0.803207686796,-0.595699095074,0.));
#9509 = ORIENTED_EDGE('',*,*,#9510,.T.);
#9510 = EDGE_CURVE('',#9503,#9511,#9513,.T.);
#9511 = VERTEX_POINT('',#9512);
#9512 = CARTESIAN_POINT('',(4.902525901794,-9.171980857849,0.));
#9513 = LINE('',#9514,#9515);
#9514 = CARTESIAN_POINT('',(5.777930259705,-8.647283554077,0.));
#9515 = VECTOR('',#9516,1.);
#9516 = DIRECTION('',(-0.857728556427,-0.514102833575,0.));
#9517 = ORIENTED_EDGE('',*,*,#9518,.T.);
#9518 = EDGE_CURVE('',#9511,#8391,#9519,.T.);
#9519 = LINE('',#9520,#9521);
#9520 = CARTESIAN_POINT('',(4.902525901794,-9.171980857849,0.));
#9521 = VECTOR('',#9522,1.);
#9522 = DIRECTION('',(-0.903989219522,-0.427555249048,0.));
#9523 = ORIENTED_EDGE('',*,*,#8399,.F.);
#9524 = ORIENTED_EDGE('',*,*,#8376,.T.);
#9525 = ORIENTED_EDGE('',*,*,#8672,.T.);
#9526 = ORIENTED_EDGE('',*,*,#8695,.T.);
#9527 = ORIENTED_EDGE('',*,*,#8741,.T.);
#9528 = ORIENTED_EDGE('',*,*,#8787,.T.);
#9529 = ORIENTED_EDGE('',*,*,#8833,.T.);
#9530 = ORIENTED_EDGE('',*,*,#8877,.T.);
#9531 = ORIENTED_EDGE('',*,*,#9532,.T.);
#9532 = EDGE_CURVE('',#8870,#6807,#9533,.T.);
#9533 = LINE('',#9534,#9535);
#9534 = CARTESIAN_POINT('',(3.130810499191,-8.622756958008,0.));
#9535 = VECTOR('',#9536,1.);
#9536 = DIRECTION('',(0.146729960868,0.989176586148,0.));
#9537 = ORIENTED_EDGE('',*,*,#6822,.T.);
#9538 = ORIENTED_EDGE('',*,*,#9539,.T.);
#9539 = EDGE_CURVE('',#6815,#6713,#9540,.T.);
#9540 = LINE('',#9541,#9542);
#9541 = CARTESIAN_POINT('',(3.192146539688,-8.,0.));
#9542 = VECTOR('',#9543,1.);
#9543 = DIRECTION('',(-4.906772480305E-02,0.998795453725,0.));
#9544 = ORIENTED_EDGE('',*,*,#6728,.T.);
#9545 = ORIENTED_EDGE('',*,*,#9546,.T.);
#9546 = EDGE_CURVE('',#6721,#6495,#9547,.T.);
#9547 = LINE('',#9548,#9549);
#9548 = CARTESIAN_POINT('',(3.130810499191,-7.377243041992,0.));
#9549 = VECTOR('',#9550,1.);
#9550 = DIRECTION('',(-0.24298007161,0.970031280321,0.));
#9551 = ORIENTED_EDGE('',*,*,#6512,.T.);
#9552 = ORIENTED_EDGE('',*,*,#6558,.T.);
#9553 = ORIENTED_EDGE('',*,*,#6595,.T.);
#9554 = ORIENTED_EDGE('',*,*,#6457,.T.);
#9555 = ORIENTED_EDGE('',*,*,#9556,.T.);
#9556 = EDGE_CURVE('',#6450,#6366,#9557,.T.);
#9557 = LINE('',#9558,#9559);
#9558 = CARTESIAN_POINT('',(2.467562675476,-5.974923610687,0.));
#9559 = VECTOR('',#9560,1.);
#9560 = DIRECTION('',(-0.671559174755,0.740950926042,0.));
#9561 = ORIENTED_EDGE('',*,*,#6374,.T.);
#9562 = ORIENTED_EDGE('',*,*,#6328,.T.);
#9563 = ORIENTED_EDGE('',*,*,#9564,.T.);
#9564 = EDGE_CURVE('',#6298,#9565,#9567,.T.);
#9565 = VERTEX_POINT('',#9566);
#9566 = CARTESIAN_POINT('',(1.504767537117,-5.184778213501,0.));
#9567 = LINE('',#9568,#9569);
#9568 = CARTESIAN_POINT('',(1.773461580276,-5.345827102661,0.));
#9569 = VECTOR('',#9570,1.);
#9570 = DIRECTION('',(-0.857728782475,0.514102456437,0.));
#9571 = ORIENTED_EDGE('',*,*,#9572,.T.);
#9572 = EDGE_CURVE('',#9565,#9573,#9575,.T.);
#9573 = VERTEX_POINT('',#9574);
#9574 = CARTESIAN_POINT('',(1.221581578255,-5.050841331482,0.));
#9575 = LINE('',#9576,#9577);
#9576 = CARTESIAN_POINT('',(1.504767537117,-5.184778213501,0.));
#9577 = VECTOR('',#9578,1.);
#9578 = DIRECTION('',(-0.903989418416,0.427554828521,0.));
#9579 = ORIENTED_EDGE('',*,*,#9580,.T.);
#9580 = EDGE_CURVE('',#9573,#9581,#9583,.T.);
#9581 = VERTEX_POINT('',#9582);
#9582 = CARTESIAN_POINT('',(0.926631271839,-4.945306301117,0.));
#9583 = LINE('',#9584,#9585);
#9584 = CARTESIAN_POINT('',(1.221581578255,-5.050841331482,0.));
#9585 = VECTOR('',#9586,1.);
#9586 = DIRECTION('',(-0.941543940409,0.336890202111,0.));
#9587 = ORIENTED_EDGE('',*,*,#9588,.T.);
#9588 = EDGE_CURVE('',#9581,#9589,#9591,.T.);
#9589 = VERTEX_POINT('',#9590);
#9590 = CARTESIAN_POINT('',(0.622756898403,-4.869189739227,0.));
#9591 = LINE('',#9592,#9593);
#9592 = CARTESIAN_POINT('',(0.926631271839,-4.945306301117,0.));
#9593 = VECTOR('',#9594,1.);
#9594 = DIRECTION('',(-0.970031257854,0.242980161303,0.));
#9595 = ORIENTED_EDGE('',*,*,#9596,.T.);
#9596 = EDGE_CURVE('',#9589,#9597,#9599,.T.);
#9597 = VERTEX_POINT('',#9598);
#9598 = CARTESIAN_POINT('',(0.312885075808,-4.823224544525,0.));
#9599 = LINE('',#9600,#9601);
#9600 = CARTESIAN_POINT('',(0.622756898403,-4.869189739227,0.));
#9601 = VECTOR('',#9602,1.);
#9602 = DIRECTION('',(-0.989176485924,0.146730636524,0.));
#9603 = ORIENTED_EDGE('',*,*,#9604,.T.);
#9604 = EDGE_CURVE('',#9597,#9605,#9607,.T.);
#9605 = VERTEX_POINT('',#9606);
#9606 = CARTESIAN_POINT('',(0.,-4.807853221893,0.));
#9607 = LINE('',#9608,#9609);
#9608 = CARTESIAN_POINT('',(0.312885075808,-4.823224544525,0.));
#9609 = VECTOR('',#9610,1.);
#9610 = DIRECTION('',(-0.998795414822,4.906851669037E-02,0.));
#9611 = ORIENTED_EDGE('',*,*,#9612,.T.);
#9612 = EDGE_CURVE('',#9605,#9613,#9615,.T.);
#9613 = VERTEX_POINT('',#9614);
#9614 = CARTESIAN_POINT('',(-0.312885075808,-4.823224544525,0.));
#9615 = LINE('',#9616,#9617);
#9616 = CARTESIAN_POINT('',(0.,-4.807853221893,0.));
#9617 = VECTOR('',#9618,1.);
#9618 = DIRECTION('',(-0.998795414822,-4.906851669037E-02,0.));
#9619 = ORIENTED_EDGE('',*,*,#9620,.T.);
#9620 = EDGE_CURVE('',#9613,#9621,#9623,.T.);
#9621 = VERTEX_POINT('',#9622);
#9622 = CARTESIAN_POINT('',(-0.622756898403,-4.869189739227,0.));
#9623 = LINE('',#9624,#9625);
#9624 = CARTESIAN_POINT('',(-0.312885075808,-4.823224544525,0.));
#9625 = VECTOR('',#9626,1.);
#9626 = DIRECTION('',(-0.989176485924,-0.146730636524,0.));
#9627 = ORIENTED_EDGE('',*,*,#9628,.T.);
#9628 = EDGE_CURVE('',#9621,#9629,#9631,.T.);
#9629 = VERTEX_POINT('',#9630);
#9630 = CARTESIAN_POINT('',(-0.926631271839,-4.945306301117,0.));
#9631 = LINE('',#9632,#9633);
#9632 = CARTESIAN_POINT('',(-0.622756898403,-4.869189739227,0.));
#9633 = VECTOR('',#9634,1.);
#9634 = DIRECTION('',(-0.970031257854,-0.242980161303,0.));
#9635 = ORIENTED_EDGE('',*,*,#9636,.T.);
#9636 = EDGE_CURVE('',#9629,#9637,#9639,.T.);
#9637 = VERTEX_POINT('',#9638);
#9638 = CARTESIAN_POINT('',(-1.221581578255,-5.050841331482,0.));
#9639 = LINE('',#9640,#9641);
#9640 = CARTESIAN_POINT('',(-0.926631271839,-4.945306301117,0.));
#9641 = VECTOR('',#9642,1.);
#9642 = DIRECTION('',(-0.941543940409,-0.336890202111,0.));
#9643 = ORIENTED_EDGE('',*,*,#9644,.T.);
#9644 = EDGE_CURVE('',#9637,#9645,#9647,.T.);
#9645 = VERTEX_POINT('',#9646);
#9646 = CARTESIAN_POINT('',(-1.504767537117,-5.184778213501,0.));
#9647 = LINE('',#9648,#9649);
#9648 = CARTESIAN_POINT('',(-1.221581578255,-5.050841331482,0.));
#9649 = VECTOR('',#9650,1.);
#9650 = DIRECTION('',(-0.903989418416,-0.427554828521,0.));
#9651 = ORIENTED_EDGE('',*,*,#9652,.T.);
#9652 = EDGE_CURVE('',#9645,#9653,#9655,.T.);
#9653 = VERTEX_POINT('',#9654);
#9654 = CARTESIAN_POINT('',(-1.773461580276,-5.345827102661,0.));
#9655 = LINE('',#9656,#9657);
#9656 = CARTESIAN_POINT('',(-1.504767537117,-5.184778213501,0.));
#9657 = VECTOR('',#9658,1.);
#9658 = DIRECTION('',(-0.857728782475,-0.514102456437,0.));
#9659 = ORIENTED_EDGE('',*,*,#9660,.T.);
#9660 = EDGE_CURVE('',#9653,#9661,#9663,.T.);
#9661 = VERTEX_POINT('',#9662);
#9662 = CARTESIAN_POINT('',(-2.025076389313,-5.532437324524,0.));
#9663 = LINE('',#9664,#9665);
#9664 = CARTESIAN_POINT('',(-1.773461580276,-5.345827102661,0.));
#9665 = VECTOR('',#9666,1.);
#9666 = DIRECTION('',(-0.803207590604,-0.595699224774,0.));
#9667 = ORIENTED_EDGE('',*,*,#9668,.T.);
#9668 = EDGE_CURVE('',#9661,#9669,#9671,.T.);
#9669 = VERTEX_POINT('',#9670);
#9670 = CARTESIAN_POINT('',(-2.257188558578,-5.74281167984,0.));
#9671 = LINE('',#9672,#9673);
#9672 = CARTESIAN_POINT('',(-2.025076389313,-5.532437324524,0.));
#9673 = VECTOR('',#9674,1.);
#9674 = DIRECTION('',(-0.740950890575,-0.671559213887,0.));
#9675 = ORIENTED_EDGE('',*,*,#9676,.T.);
#9676 = EDGE_CURVE('',#9669,#9677,#9679,.T.);
#9677 = VERTEX_POINT('',#9678);
#9678 = CARTESIAN_POINT('',(-2.467562675476,-5.974923610687,0.));
#9679 = LINE('',#9680,#9681);
#9680 = CARTESIAN_POINT('',(-2.257188558578,-5.74281167984,0.));
#9681 = VECTOR('',#9682,1.);
#9682 = DIRECTION('',(-0.671559174755,-0.740950926042,0.));
#9683 = ORIENTED_EDGE('',*,*,#9684,.T.);
#9684 = EDGE_CURVE('',#9677,#9685,#9687,.T.);
#9685 = VERTEX_POINT('',#9686);
#9686 = CARTESIAN_POINT('',(-2.654172897339,-6.226538181305,0.));
#9687 = LINE('',#9688,#9689);
#9688 = CARTESIAN_POINT('',(-2.467562675476,-5.974923610687,0.));
#9689 = VECTOR('',#9690,1.);
#9690 = DIRECTION('',(-0.595699588929,-0.803207320528,0.));
#9691 = ORIENTED_EDGE('',*,*,#9692,.T.);
#9692 = EDGE_CURVE('',#9685,#9693,#9695,.T.);
#9693 = VERTEX_POINT('',#9694);
#9694 = CARTESIAN_POINT('',(-2.815222024918,-6.495232582092,0.));
#9695 = LINE('',#9696,#9697);
#9696 = CARTESIAN_POINT('',(-2.654172897339,-6.226538181305,0.));
#9697 = VECTOR('',#9698,1.);
#9698 = DIRECTION('',(-0.514102512953,-0.8577287486,0.));
#9699 = ORIENTED_EDGE('',*,*,#9700,.T.);
#9700 = EDGE_CURVE('',#9693,#9701,#9703,.T.);
#9701 = VERTEX_POINT('',#9702);
#9702 = CARTESIAN_POINT('',(-2.949158906937,-6.778418540955,0.));
#9703 = LINE('',#9704,#9705);
#9704 = CARTESIAN_POINT('',(-2.815222024918,-6.495232582092,0.));
#9705 = VECTOR('',#9706,1.);
#9706 = DIRECTION('',(-0.427554828521,-0.903989418416,0.));
#9707 = ORIENTED_EDGE('',*,*,#9708,.T.);
#9708 = EDGE_CURVE('',#9701,#9709,#9711,.T.);
#9709 = VERTEX_POINT('',#9710);
#9710 = CARTESIAN_POINT('',(-3.054693937302,-7.073368549347,0.));
#9711 = LINE('',#9712,#9713);
#9712 = CARTESIAN_POINT('',(-2.949158906937,-6.778418540955,0.));
#9713 = VECTOR('',#9714,1.);
#9714 = DIRECTION('',(-0.336890503878,-0.941543832435,0.));
#9715 = ORIENTED_EDGE('',*,*,#9716,.T.);
#9716 = EDGE_CURVE('',#9709,#9717,#9719,.T.);
#9717 = VERTEX_POINT('',#9718);
#9718 = CARTESIAN_POINT('',(-3.130810499191,-7.377243041992,0.));
#9719 = LINE('',#9720,#9721);
#9720 = CARTESIAN_POINT('',(-3.054693937302,-7.073368549347,0.));
#9721 = VECTOR('',#9722,1.);
#9722 = DIRECTION('',(-0.24298007161,-0.970031280321,0.));
#9723 = ORIENTED_EDGE('',*,*,#9724,.T.);
#9724 = EDGE_CURVE('',#9717,#9725,#9727,.T.);
#9725 = VERTEX_POINT('',#9726);
#9726 = CARTESIAN_POINT('',(-3.176775455475,-7.687114715576,0.));
#9727 = LINE('',#9728,#9729);
#9728 = CARTESIAN_POINT('',(-3.130810499191,-7.377243041992,0.));
#9729 = VECTOR('',#9730,1.);
#9730 = DIRECTION('',(-0.146729960868,-0.989176586148,0.));
#9731 = ORIENTED_EDGE('',*,*,#9732,.T.);
#9732 = EDGE_CURVE('',#9725,#9733,#9735,.T.);
#9733 = VERTEX_POINT('',#9734);
#9734 = CARTESIAN_POINT('',(-3.192146539688,-8.,0.));
#9735 = LINE('',#9736,#9737);
#9736 = CARTESIAN_POINT('',(-3.176775455475,-7.687114715576,0.));
#9737 = VECTOR('',#9738,1.);
#9738 = DIRECTION('',(-4.906772480305E-02,-0.998795453725,0.));
#9739 = ORIENTED_EDGE('',*,*,#9740,.T.);
#9740 = EDGE_CURVE('',#9733,#9741,#9743,.T.);
#9741 = VERTEX_POINT('',#9742);
#9742 = CARTESIAN_POINT('',(-3.176775455475,-8.312885284424,0.));
#9743 = LINE('',#9744,#9745);
#9744 = CARTESIAN_POINT('',(-3.192146539688,-8.,0.));
#9745 = VECTOR('',#9746,1.);
#9746 = DIRECTION('',(4.906772480305E-02,-0.998795453725,0.));
#9747 = ORIENTED_EDGE('',*,*,#9748,.T.);
#9748 = EDGE_CURVE('',#9741,#6956,#9749,.T.);
#9749 = LINE('',#9750,#9751);
#9750 = CARTESIAN_POINT('',(-3.176775455475,-8.312885284424,0.));
#9751 = VECTOR('',#9752,1.);
#9752 = DIRECTION('',(0.146729960868,-0.989176586148,0.));
#9753 = ORIENTED_EDGE('',*,*,#6964,.T.);
#9754 = ORIENTED_EDGE('',*,*,#6918,.T.);
#9755 = ORIENTED_EDGE('',*,*,#7010,.T.);
#9756 = ORIENTED_EDGE('',*,*,#7056,.T.);
#9757 = ORIENTED_EDGE('',*,*,#7102,.T.);
#9758 = ORIENTED_EDGE('',*,*,#7425,.T.);
#9759 = ORIENTED_EDGE('',*,*,#7226,.F.);
#9760 = ORIENTED_EDGE('',*,*,#7272,.F.);
#9761 = ORIENTED_EDGE('',*,*,#9762,.T.);
#9762 = EDGE_CURVE('',#7249,#9763,#9765,.T.);
#9763 = VERTEX_POINT('',#9764);
#9764 = CARTESIAN_POINT('',(-4.902525901794,-9.171980857849,0.));
#9765 = LINE('',#9766,#9767);
#9766 = CARTESIAN_POINT('',(-3.979907751083,-9.608346939087,0.));
#9767 = VECTOR('',#9768,1.);
#9768 = DIRECTION('',(-0.903989219522,0.427555249048,0.));
#9769 = ORIENTED_EDGE('',*,*,#9770,.T.);
#9770 = EDGE_CURVE('',#9763,#9771,#9773,.T.);
#9771 = VERTEX_POINT('',#9772);
#9772 = CARTESIAN_POINT('',(-5.777930259705,-8.647283554077,0.));
#9773 = LINE('',#9774,#9775);
#9774 = CARTESIAN_POINT('',(-4.902525901794,-9.171980857849,0.));
#9775 = VECTOR('',#9776,1.);
#9776 = DIRECTION('',(-0.857728556427,0.514102833575,0.));
#9777 = ORIENTED_EDGE('',*,*,#9778,.F.);
#9778 = EDGE_CURVE('',#9779,#9771,#9781,.T.);
#9779 = VERTEX_POINT('',#9780);
#9780 = CARTESIAN_POINT('',(-6.597690105438,-8.039308547974,0.));
#9781 = LINE('',#9782,#9783);
#9782 = CARTESIAN_POINT('',(-6.597690105438,-8.039308547974,0.));
#9783 = VECTOR('',#9784,1.);
#9784 = DIRECTION('',(0.803207686796,-0.595699095074,0.));
#9785 = ORIENTED_EDGE('',*,*,#9786,.F.);
#9786 = EDGE_CURVE('',#9787,#9779,#9789,.T.);
#9787 = VERTEX_POINT('',#9788);
#9788 = CARTESIAN_POINT('',(-7.353910446167,-7.353910446167,0.));
#9789 = LINE('',#9790,#9791);
#9790 = CARTESIAN_POINT('',(-7.353910446167,-7.353910446167,0.));
#9791 = VECTOR('',#9792,1.);
#9792 = DIRECTION('',(0.740951156152,-0.671558920868,0.));
#9793 = ORIENTED_EDGE('',*,*,#9794,.F.);
#9794 = EDGE_CURVE('',#9795,#9787,#9797,.T.);
#9795 = VERTEX_POINT('',#9796);
#9796 = CARTESIAN_POINT('',(-8.039308547974,-6.597690105438,0.));
#9797 = LINE('',#9798,#9799);
#9798 = CARTESIAN_POINT('',(-8.039308547974,-6.597690105438,0.));
#9799 = VECTOR('',#9800,1.);
#9800 = DIRECTION('',(0.671558920868,-0.740951156152,0.));
#9801 = ORIENTED_EDGE('',*,*,#9802,.F.);
#9802 = EDGE_CURVE('',#9803,#9795,#9805,.T.);
#9803 = VERTEX_POINT('',#9804);
#9804 = CARTESIAN_POINT('',(-8.647283554077,-5.777930259705,0.));
#9805 = LINE('',#9806,#9807);
#9806 = CARTESIAN_POINT('',(-8.647283554077,-5.777930259705,0.));
#9807 = VECTOR('',#9808,1.);
#9808 = DIRECTION('',(0.595699095074,-0.803207686796,0.));
#9809 = ORIENTED_EDGE('',*,*,#9810,.T.);
#9810 = EDGE_CURVE('',#9803,#9811,#9813,.T.);
#9811 = VERTEX_POINT('',#9812);
#9812 = CARTESIAN_POINT('',(-9.171980857849,-4.902525901794,0.));
#9813 = LINE('',#9814,#9815);
#9814 = CARTESIAN_POINT('',(-8.647283554077,-5.777930259705,0.));
#9815 = VECTOR('',#9816,1.);
#9816 = DIRECTION('',(-0.514102833575,0.857728556427,0.));
#9817 = ORIENTED_EDGE('',*,*,#9818,.F.);
#9818 = EDGE_CURVE('',#9819,#9811,#9821,.T.);
#9819 = VERTEX_POINT('',#9820);
#9820 = CARTESIAN_POINT('',(-9.608346939087,-3.979907751083,0.));
#9821 = LINE('',#9822,#9823);
#9822 = CARTESIAN_POINT('',(-9.608346939087,-3.979907751083,0.));
#9823 = VECTOR('',#9824,1.);
#9824 = DIRECTION('',(0.427555249048,-0.903989219522,0.));
#9825 = ORIENTED_EDGE('',*,*,#9826,.F.);
#9826 = EDGE_CURVE('',#9827,#9819,#9829,.T.);
#9827 = VERTEX_POINT('',#9828);
#9828 = CARTESIAN_POINT('',(-9.952179908752,-3.01896071434,0.));
#9829 = LINE('',#9830,#9831);
#9830 = CARTESIAN_POINT('',(-9.952179908752,-3.01896071434,0.));
#9831 = VECTOR('',#9832,1.);
#9832 = DIRECTION('',(0.336890393698,-0.941543871858,0.));
#9833 = ORIENTED_EDGE('',*,*,#9834,.T.);
#9834 = EDGE_CURVE('',#9827,#9835,#9837,.T.);
#9835 = VERTEX_POINT('',#9836);
#9836 = CARTESIAN_POINT('',(-10.20016670227,-2.028939247131,0.));
#9837 = LINE('',#9838,#9839);
#9838 = CARTESIAN_POINT('',(-9.952179908752,-3.01896071434,0.));
#9839 = VECTOR('',#9840,1.);
#9840 = DIRECTION('',(-0.2429795582,0.970031408923,0.));
#9841 = ORIENTED_EDGE('',*,*,#9842,.F.);
#9842 = EDGE_CURVE('',#9843,#9835,#9845,.T.);
#9843 = VERTEX_POINT('',#9844);
#9844 = CARTESIAN_POINT('',(-10.3499212265,-1.019378304482,0.));
#9845 = LINE('',#9846,#9847);
#9846 = CARTESIAN_POINT('',(-10.3499212265,-1.019378304482,0.));
#9847 = VECTOR('',#9848,1.);
#9848 = DIRECTION('',(0.146730766693,-0.989176466615,0.));
#9849 = ORIENTED_EDGE('',*,*,#9850,.T.);
#9850 = EDGE_CURVE('',#9843,#9851,#9853,.T.);
#9851 = VERTEX_POINT('',#9852);
#9852 = CARTESIAN_POINT('',(-10.39999961853,0.,0.));
#9853 = LINE('',#9854,#9855);
#9854 = CARTESIAN_POINT('',(-10.3499212265,-1.019378304482,0.));
#9855 = VECTOR('',#9856,1.);
#9856 = DIRECTION('',(-4.906723174446E-02,0.998795477948,0.));
#9857 = ORIENTED_EDGE('',*,*,#9858,.T.);
#9858 = EDGE_CURVE('',#9851,#9859,#9861,.T.);
#9859 = VERTEX_POINT('',#9860);
#9860 = CARTESIAN_POINT('',(-10.3499212265,1.019378304482,0.));
#9861 = LINE('',#9862,#9863);
#9862 = CARTESIAN_POINT('',(-10.39999961853,0.,0.));
#9863 = VECTOR('',#9864,1.);
#9864 = DIRECTION('',(4.906723174446E-02,0.998795477948,0.));
#9865 = ORIENTED_EDGE('',*,*,#9866,.T.);
#9866 = EDGE_CURVE('',#9859,#9867,#9869,.T.);
#9867 = VERTEX_POINT('',#9868);
#9868 = CARTESIAN_POINT('',(-10.20016670227,2.028939247131,0.));
#9869 = LINE('',#9870,#9871);
#9870 = CARTESIAN_POINT('',(-10.3499212265,1.019378304482,0.));
#9871 = VECTOR('',#9872,1.);
#9872 = DIRECTION('',(0.146730766693,0.989176466615,0.));
#9873 = ORIENTED_EDGE('',*,*,#9874,.T.);
#9874 = EDGE_CURVE('',#9867,#9875,#9877,.T.);
#9875 = VERTEX_POINT('',#9876);
#9876 = CARTESIAN_POINT('',(-9.952179908752,3.01896071434,0.));
#9877 = LINE('',#9878,#9879);
#9878 = CARTESIAN_POINT('',(-10.20016670227,2.028939247131,0.));
#9879 = VECTOR('',#9880,1.);
#9880 = DIRECTION('',(0.2429795582,0.970031408923,0.));
#9881 = ORIENTED_EDGE('',*,*,#9882,.T.);
#9882 = EDGE_CURVE('',#9875,#9883,#9885,.T.);
#9883 = VERTEX_POINT('',#9884);
#9884 = CARTESIAN_POINT('',(-9.608346939087,3.979907751083,0.));
#9885 = LINE('',#9886,#9887);
#9886 = CARTESIAN_POINT('',(-9.952179908752,3.01896071434,0.));
#9887 = VECTOR('',#9888,1.);
#9888 = DIRECTION('',(0.336890393698,0.941543871858,0.));
#9889 = ORIENTED_EDGE('',*,*,#9890,.T.);
#9890 = EDGE_CURVE('',#9883,#9891,#9893,.T.);
#9891 = VERTEX_POINT('',#9892);
#9892 = CARTESIAN_POINT('',(-9.171980857849,4.902525901794,0.));
#9893 = LINE('',#9894,#9895);
#9894 = CARTESIAN_POINT('',(-9.608346939087,3.979907751083,0.));
#9895 = VECTOR('',#9896,1.);
#9896 = DIRECTION('',(0.427555249048,0.903989219522,0.));
#9897 = ORIENTED_EDGE('',*,*,#9898,.T.);
#9898 = EDGE_CURVE('',#9891,#9899,#9901,.T.);
#9899 = VERTEX_POINT('',#9900);
#9900 = CARTESIAN_POINT('',(-8.647283554077,5.777930259705,0.));
#9901 = LINE('',#9902,#9903);
#9902 = CARTESIAN_POINT('',(-9.171980857849,4.902525901794,0.));
#9903 = VECTOR('',#9904,1.);
#9904 = DIRECTION('',(0.514102833575,0.857728556427,0.));
#9905 = ORIENTED_EDGE('',*,*,#9906,.T.);
#9906 = EDGE_CURVE('',#9899,#9907,#9909,.T.);
#9907 = VERTEX_POINT('',#9908);
#9908 = CARTESIAN_POINT('',(-8.039308547974,6.597690105438,0.));
#9909 = LINE('',#9910,#9911);
#9910 = CARTESIAN_POINT('',(-8.647283554077,5.777930259705,0.));
#9911 = VECTOR('',#9912,1.);
#9912 = DIRECTION('',(0.595699095074,0.803207686796,0.));
#9913 = ORIENTED_EDGE('',*,*,#9914,.T.);
#9914 = EDGE_CURVE('',#9907,#9915,#9917,.T.);
#9915 = VERTEX_POINT('',#9916);
#9916 = CARTESIAN_POINT('',(-7.353910446167,7.353910446167,0.));
#9917 = LINE('',#9918,#9919);
#9918 = CARTESIAN_POINT('',(-8.039308547974,6.597690105438,0.));
#9919 = VECTOR('',#9920,1.);
#9920 = DIRECTION('',(0.671558920868,0.740951156152,0.));
#9921 = ORIENTED_EDGE('',*,*,#9922,.T.);
#9922 = EDGE_CURVE('',#9915,#9923,#9925,.T.);
#9923 = VERTEX_POINT('',#9924);
#9924 = CARTESIAN_POINT('',(-6.597690105438,8.039308547974,0.));
#9925 = LINE('',#9926,#9927);
#9926 = CARTESIAN_POINT('',(-7.353910446167,7.353910446167,0.));
#9927 = VECTOR('',#9928,1.);
#9928 = DIRECTION('',(0.740951156152,0.671558920868,0.));
#9929 = ORIENTED_EDGE('',*,*,#9930,.T.);
#9930 = EDGE_CURVE('',#9923,#9931,#9933,.T.);
#9931 = VERTEX_POINT('',#9932);
#9932 = CARTESIAN_POINT('',(-5.777930259705,8.647283554077,0.));
#9933 = LINE('',#9934,#9935);
#9934 = CARTESIAN_POINT('',(-6.597690105438,8.039308547974,0.));
#9935 = VECTOR('',#9936,1.);
#9936 = DIRECTION('',(0.803207686796,0.595699095074,0.));
#9937 = ORIENTED_EDGE('',*,*,#9938,.T.);
#9938 = EDGE_CURVE('',#9931,#9939,#9941,.T.);
#9939 = VERTEX_POINT('',#9940);
#9940 = CARTESIAN_POINT('',(-4.902525901794,9.171980857849,0.));
#9941 = LINE('',#9942,#9943);
#9942 = CARTESIAN_POINT('',(-5.777930259705,8.647283554077,0.));
#9943 = VECTOR('',#9944,1.);
#9944 = DIRECTION('',(0.857728556427,0.514102833575,0.));
#9945 = ORIENTED_EDGE('',*,*,#9946,.T.);
#9946 = EDGE_CURVE('',#9939,#1444,#9947,.T.);
#9947 = LINE('',#9948,#9949);
#9948 = CARTESIAN_POINT('',(-4.902525901794,9.171980857849,0.));
#9949 = VECTOR('',#9950,1.);
#9950 = DIRECTION('',(0.903989219522,0.427555249048,0.));
#9951 = ORIENTED_EDGE('',*,*,#1473,.T.);
#9952 = ORIENTED_EDGE('',*,*,#1496,.F.);
#9953 = ORIENTED_EDGE('',*,*,#1181,.T.);
#9954 = ORIENTED_EDGE('',*,*,#1411,.T.);
#9955 = ORIENTED_EDGE('',*,*,#1374,.T.);
#9956 = ORIENTED_EDGE('',*,*,#1328,.T.);
#9957 = ORIENTED_EDGE('',*,*,#1282,.T.);
#9958 = ORIENTED_EDGE('',*,*,#1213,.T.);
#9959 = ORIENTED_EDGE('',*,*,#9960,.T.);
#9960 = EDGE_CURVE('',#1206,#9961,#9963,.T.);
#9961 = VERTEX_POINT('',#9962);
#9962 = CARTESIAN_POINT('',(-3.176775455475,8.312885284424,0.));
#9963 = LINE('',#9964,#9965);
#9964 = CARTESIAN_POINT('',(-3.130810499191,8.622756958008,0.));
#9965 = VECTOR('',#9966,1.);
#9966 = DIRECTION('',(-0.146729960868,-0.989176586148,0.));
#9967 = ORIENTED_EDGE('',*,*,#9968,.T.);
#9968 = EDGE_CURVE('',#9961,#9969,#9971,.T.);
#9969 = VERTEX_POINT('',#9970);
#9970 = CARTESIAN_POINT('',(-3.192146539688,8.,0.));
#9971 = LINE('',#9972,#9973);
#9972 = CARTESIAN_POINT('',(-3.176775455475,8.312885284424,0.));
#9973 = VECTOR('',#9974,1.);
#9974 = DIRECTION('',(-4.906772480305E-02,-0.998795453725,0.));
#9975 = ORIENTED_EDGE('',*,*,#9976,.T.);
#9976 = EDGE_CURVE('',#9969,#9977,#9979,.T.);
#9977 = VERTEX_POINT('',#9978);
#9978 = CARTESIAN_POINT('',(-3.176775455475,7.687114715576,0.));
#9979 = LINE('',#9980,#9981);
#9980 = CARTESIAN_POINT('',(-3.192146539688,8.,0.));
#9981 = VECTOR('',#9982,1.);
#9982 = DIRECTION('',(4.906772480305E-02,-0.998795453725,0.));
#9983 = ORIENTED_EDGE('',*,*,#9984,.T.);
#9984 = EDGE_CURVE('',#9977,#9985,#9987,.T.);
#9985 = VERTEX_POINT('',#9986);
#9986 = CARTESIAN_POINT('',(-3.130810499191,7.377243041992,0.));
#9987 = LINE('',#9988,#9989);
#9988 = CARTESIAN_POINT('',(-3.176775455475,7.687114715576,0.));
#9989 = VECTOR('',#9990,1.);
#9990 = DIRECTION('',(0.146729960868,-0.989176586148,0.));
#9991 = ORIENTED_EDGE('',*,*,#9992,.T.);
#9992 = EDGE_CURVE('',#9985,#338,#9993,.T.);
#9993 = LINE('',#9994,#9995);
#9994 = CARTESIAN_POINT('',(-3.130810499191,7.377243041992,0.));
#9995 = VECTOR('',#9996,1.);
#9996 = DIRECTION('',(0.24298007161,-0.970031280321,0.));
#9997 = ORIENTED_EDGE('',*,*,#355,.T.);
#9998 = ORIENTED_EDGE('',*,*,#401,.T.);
#9999 = ORIENTED_EDGE('',*,*,#447,.T.);
#10000 = ORIENTED_EDGE('',*,*,#493,.T.);
#10001 = ORIENTED_EDGE('',*,*,#10002,.T.);
#10002 = EDGE_CURVE('',#486,#648,#10003,.T.);
#10003 = LINE('',#10004,#10005);
#10004 = CARTESIAN_POINT('',(-2.467562675476,5.974923610687,0.));
#10005 = VECTOR('',#10006,1.);
#10006 = DIRECTION('',(0.671559174755,-0.740950926042,0.));
#10007 = ORIENTED_EDGE('',*,*,#665,.T.);
#10008 = ORIENTED_EDGE('',*,*,#711,.T.);
#10009 = ORIENTED_EDGE('',*,*,#10010,.T.);
#10010 = EDGE_CURVE('',#704,#4272,#10011,.T.);
#10011 = LINE('',#10012,#10013);
#10012 = CARTESIAN_POINT('',(-1.773461580276,5.345827102661,0.));
#10013 = VECTOR('',#10014,1.);
#10014 = DIRECTION('',(0.857728782475,-0.514102456437,0.));
#10015 = ORIENTED_EDGE('',*,*,#4289,.T.);
#10016 = ORIENTED_EDGE('',*,*,#4333,.T.);
#10017 = ORIENTED_EDGE('',*,*,#10018,.T.);
#10018 = EDGE_CURVE('',#4326,#3954,#10019,.T.);
#10019 = LINE('',#10020,#10021);
#10020 = CARTESIAN_POINT('',(-0.926631271839,4.945306301117,0.));
#10021 = VECTOR('',#10022,1.);
#10022 = DIRECTION('',(0.970031257854,-0.242980161303,0.));
#10023 = ORIENTED_EDGE('',*,*,#3971,.T.);
#10024 = ORIENTED_EDGE('',*,*,#4017,.T.);
#10025 = ORIENTED_EDGE('',*,*,#4063,.T.);
#10026 = ORIENTED_EDGE('',*,*,#4107,.T.);
#10027 = ORIENTED_EDGE('',*,*,#10028,.T.);
#10028 = EDGE_CURVE('',#4100,#3776,#10029,.T.);
#10029 = LINE('',#10030,#10031);
#10030 = CARTESIAN_POINT('',(0.622756898403,4.869189739227,0.));
#10031 = VECTOR('',#10032,1.);
#10032 = DIRECTION('',(0.970031257854,0.242980161303,0.));
#10033 = ORIENTED_EDGE('',*,*,#3793,.T.);
#10034 = ORIENTED_EDGE('',*,*,#3837,.T.);
#10035 = ORIENTED_EDGE('',*,*,#10036,.T.);
#10036 = EDGE_CURVE('',#3830,#3628,#10037,.T.);
#10037 = LINE('',#10038,#10039);
#10038 = CARTESIAN_POINT('',(1.504767537117,5.184778213501,0.));
#10039 = VECTOR('',#10040,1.);
#10040 = DIRECTION('',(0.857728782475,0.514102456437,0.));
#10041 = ORIENTED_EDGE('',*,*,#3636,.T.);
#10042 = ORIENTED_EDGE('',*,*,#3659,.T.);
#10043 = ORIENTED_EDGE('',*,*,#10044,.T.);
#10044 = EDGE_CURVE('',#3652,#3280,#10045,.T.);
#10045 = LINE('',#10046,#10047);
#10046 = CARTESIAN_POINT('',(2.257188558578,5.74281167984,0.));
#10047 = VECTOR('',#10048,1.);
#10048 = DIRECTION('',(0.671559174755,0.740950926042,0.));
#10049 = ORIENTED_EDGE('',*,*,#3297,.T.);
#10050 = ORIENTED_EDGE('',*,*,#3343,.T.);
#10051 = ORIENTED_EDGE('',*,*,#3389,.T.);
#10052 = ORIENTED_EDGE('',*,*,#3433,.T.);
#10053 = ORIENTED_EDGE('',*,*,#10054,.T.);
#10054 = EDGE_CURVE('',#3426,#3172,#10055,.T.);
#10055 = LINE('',#10056,#10057);
#10056 = CARTESIAN_POINT('',(3.054693937302,7.073368549347,0.));
#10057 = VECTOR('',#10058,1.);
#10058 = DIRECTION('',(0.24298007161,0.970031280321,0.));
#10059 = ORIENTED_EDGE('',*,*,#3187,.T.);
#10060 = ORIENTED_EDGE('',*,*,#10061,.T.);
#10061 = EDGE_CURVE('',#3180,#3064,#10062,.T.);
#10062 = LINE('',#10063,#10064);
#10063 = CARTESIAN_POINT('',(3.176775455475,7.687114715576,0.));
#10064 = VECTOR('',#10065,1.);
#10065 = DIRECTION('',(4.906772480305E-02,0.998795453725,0.));
#10066 = ORIENTED_EDGE('',*,*,#3079,.T.);
#10067 = ORIENTED_EDGE('',*,*,#10068,.T.);
#10068 = EDGE_CURVE('',#3072,#780,#10069,.T.);
#10069 = LINE('',#10070,#10071);
#10070 = CARTESIAN_POINT('',(3.176775455475,8.312885284424,0.));
#10071 = VECTOR('',#10072,1.);
#10072 = DIRECTION('',(-0.146729960868,0.989176586148,0.));
#10073 = ORIENTED_EDGE('',*,*,#797,.T.);
#10074 = PLANE('',#10075);
#10075 = AXIS2_PLACEMENT_3D('',#10076,#10077,#10078);
#10076 = CARTESIAN_POINT('',(5.424564159626E-17,-4.705646017989E-17,0.)
  );
#10077 = DIRECTION('',(-0.,-0.,-1.));
#10078 = DIRECTION('',(-1.,0.,0.));
#10079 = ADVANCED_FACE('',(#10080),#10104,.T.);
#10080 = FACE_BOUND('',#10081,.T.);
#10081 = EDGE_LOOP('',(#10082,#10090,#10098));
#10082 = ORIENTED_EDGE('',*,*,#10083,.F.);
#10083 = EDGE_CURVE('',#9455,#10084,#10086,.T.);
#10084 = VERTEX_POINT('',#10085);
#10085 = CARTESIAN_POINT('',(10.16267490387,-4.20951795578,
    0.600000023842));
#10086 = LINE('',#10087,#10088);
#10087 = CARTESIAN_POINT('',(9.608346939087,-3.979907751083,0.));
#10088 = VECTOR('',#10089,1.);
#10089 = DIRECTION('',(0.653281604889,-0.270598152272,0.707106628947));
#10090 = ORIENTED_EDGE('',*,*,#10091,.T.);
#10091 = EDGE_CURVE('',#9455,#10092,#10094,.T.);
#10092 = VERTEX_POINT('',#10093);
#10093 = CARTESIAN_POINT('',(10.526343345642,-3.193131446838,
    0.600000023842));
#10094 = LINE('',#10095,#10096);
#10095 = CARTESIAN_POINT('',(9.608346939087,-3.979907751083,0.));
#10096 = VECTOR('',#10097,1.);
#10097 = DIRECTION('',(0.680140213619,0.582919714956,0.444537845108));
#10098 = ORIENTED_EDGE('',*,*,#10099,.T.);
#10099 = EDGE_CURVE('',#10092,#10084,#10100,.T.);
#10100 = LINE('',#10101,#10102);
#10101 = CARTESIAN_POINT('',(10.526343345642,-3.193131446838,
    0.600000023842));
#10102 = VECTOR('',#10103,1.);
#10103 = DIRECTION('',(-0.336889470541,-0.941544202169,0.));
#10104 = PLANE('',#10105);
#10105 = AXIS2_PLACEMENT_3D('',#10106,#10107,#10108);
#10106 = CARTESIAN_POINT('',(10.111553721751,-3.755888826849,
    0.398802024193));
#10107 = DIRECTION('',(0.666173251248,-0.238360295124,-0.706680669772));
#10108 = DIRECTION('',(-0.727653988904,-1.387778780781E-17,
    -0.685944365406));
#10109 = ADVANCED_FACE('',(#10110),#10120,.T.);
#10110 = FACE_BOUND('',#10111,.T.);
#10111 = EDGE_LOOP('',(#10112,#10113,#10114));
#10112 = ORIENTED_EDGE('',*,*,#10091,.F.);
#10113 = ORIENTED_EDGE('',*,*,#9454,.F.);
#10114 = ORIENTED_EDGE('',*,*,#10115,.T.);
#10115 = EDGE_CURVE('',#9447,#10092,#10116,.T.);
#10116 = LINE('',#10117,#10118);
#10117 = CARTESIAN_POINT('',(9.952179908752,-3.01896071434,0.));
#10118 = VECTOR('',#10119,1.);
#10119 = DIRECTION('',(0.676658510754,-0.205262301458,0.707107238985));
#10120 = PLANE('',#10121);
#10121 = AXIS2_PLACEMENT_3D('',#10122,#10123,#10124);
#10122 = CARTESIAN_POINT('',(10.021638795136,-3.432248734422,
    0.204878405831));
#10123 = DIRECTION('',(0.666173589086,-0.23836115279,-0.706680062011));
#10124 = DIRECTION('',(-0.727653520823,-2.775557561563E-17,
    -0.685944861948));
#10125 = ADVANCED_FACE('',(#10126),#10136,.T.);
#10126 = FACE_BOUND('',#10127,.T.);
#10127 = EDGE_LOOP('',(#10128,#10129,#10130));
#10128 = ORIENTED_EDGE('',*,*,#10115,.F.);
#10129 = ORIENTED_EDGE('',*,*,#9446,.F.);
#10130 = ORIENTED_EDGE('',*,*,#10131,.T.);
#10131 = EDGE_CURVE('',#9439,#10092,#10132,.T.);
#10132 = LINE('',#10133,#10134);
#10133 = CARTESIAN_POINT('',(10.200166702271,-2.028939247131,0.));
#10134 = VECTOR('',#10135,1.);
#10135 = DIRECTION('',(0.241663072445,-0.862545708329,0.444537805435));
#10136 = PLANE('',#10137);
#10137 = AXIS2_PLACEMENT_3D('',#10138,#10139,#10140);
#10138 = CARTESIAN_POINT('',(10.239543327017,-2.713913737131,
    0.204878420715));
#10139 = DIRECTION('',(0.68632947819,-0.171916117206,-0.706680052083));
#10140 = DIRECTION('',(-0.717360406516,-1.387778780781E-17,
    -0.696702265795));
#10141 = ADVANCED_FACE('',(#10142),#10159,.T.);
#10142 = FACE_BOUND('',#10143,.T.);
#10143 = EDGE_LOOP('',(#10144,#10152,#10153));
#10144 = ORIENTED_EDGE('',*,*,#10145,.T.);
#10145 = EDGE_CURVE('',#10146,#10092,#10148,.T.);
#10146 = VERTEX_POINT('',#10147);
#10147 = CARTESIAN_POINT('',(10.788638114929,-2.145993471146,
    0.600000023842));
#10148 = LINE('',#10149,#10150);
#10149 = CARTESIAN_POINT('',(10.788638114929,-2.145993471146,
    0.600000023842));
#10150 = VECTOR('',#10151,1.);
#10151 = DIRECTION('',(-0.242980494451,-0.970031174405,0.));
#10152 = ORIENTED_EDGE('',*,*,#10131,.F.);
#10153 = ORIENTED_EDGE('',*,*,#10154,.T.);
#10154 = EDGE_CURVE('',#9439,#10146,#10155,.T.);
#10155 = LINE('',#10156,#10157);
#10156 = CARTESIAN_POINT('',(10.200166702271,-2.028939247131,0.));
#10157 = VECTOR('',#10158,1.);
#10158 = DIRECTION('',(0.693520054914,-0.137949694956,0.707106650438));
#10159 = PLANE('',#10160);
#10160 = AXIS2_PLACEMENT_3D('',#10161,#10162,#10163);
#10161 = CARTESIAN_POINT('',(10.494109601221,-2.4947709515,
    0.398802027453));
#10162 = DIRECTION('',(0.68632873261,-0.17191663444,-0.706680650363));
#10163 = DIRECTION('',(-0.717361079569,0.,-0.696701572784));
#10164 = ADVANCED_FACE('',(#10165),#10175,.T.);
#10165 = FACE_BOUND('',#10166,.T.);
#10166 = EDGE_LOOP('',(#10167,#10168,#10169));
#10167 = ORIENTED_EDGE('',*,*,#10154,.F.);
#10168 = ORIENTED_EDGE('',*,*,#9438,.F.);
#10169 = ORIENTED_EDGE('',*,*,#10170,.T.);
#10170 = EDGE_CURVE('',#9431,#10146,#10171,.T.);
#10171 = LINE('',#10172,#10173);
#10172 = CARTESIAN_POINT('',(10.349921226501,-1.019378304482,0.));
#10173 = VECTOR('',#10174,1.);
#10174 = DIRECTION('',(0.325043764193,-0.834705123575,0.444537858947));
#10175 = PLANE('',#10176);
#10176 = AXIS2_PLACEMENT_3D('',#10177,#10178,#10179);
#10177 = CARTESIAN_POINT('',(10.456247251488,-1.697194816383,
    0.204878444294));
#10178 = DIRECTION('',(0.699874640405,-0.103816807255,-0.706680662145));
#10179 = DIRECTION('',(-0.710520002442,6.938893903907E-18,
    -0.703677004122));
#10180 = ADVANCED_FACE('',(#10181),#10198,.T.);
#10181 = FACE_BOUND('',#10182,.T.);
#10182 = EDGE_LOOP('',(#10183,#10191,#10192));
#10183 = ORIENTED_EDGE('',*,*,#10184,.T.);
#10184 = EDGE_CURVE('',#10185,#10146,#10187,.T.);
#10185 = VERTEX_POINT('',#10186);
#10186 = CARTESIAN_POINT('',(10.947031974792,-1.078188538551,
    0.600000023842));
#10187 = LINE('',#10188,#10189);
#10188 = CARTESIAN_POINT('',(10.947031974792,-1.078188538551,
    0.600000023842));
#10189 = VECTOR('',#10190,1.);
#10190 = DIRECTION('',(-0.146730438823,-0.98917651525,0.));
#10191 = ORIENTED_EDGE('',*,*,#10170,.F.);
#10192 = ORIENTED_EDGE('',*,*,#10193,.T.);
#10193 = EDGE_CURVE('',#9431,#10185,#10194,.T.);
#10194 = LINE('',#10195,#10196);
#10195 = CARTESIAN_POINT('',(10.349921226501,-1.019378304482,0.));
#10196 = VECTOR('',#10197,1.);
#10197 = DIRECTION('',(0.703701805482,-6.93085294716E-02,0.707106849567)
  );
#10198 = PLANE('',#10199);
#10199 = AXIS2_PLACEMENT_3D('',#10200,#10201,#10202);
#10200 = CARTESIAN_POINT('',(10.688108130842,-1.454155370536,
    0.398802025417));
#10201 = DIRECTION('',(0.699874877806,-0.103816605387,-0.706680456686));
#10202 = DIRECTION('',(-0.710519780813,0.,-0.703677227906));
#10203 = ADVANCED_FACE('',(#10204),#10221,.T.);
#10204 = FACE_BOUND('',#10205,.T.);
#10205 = EDGE_LOOP('',(#10206,#10207,#10215));
#10206 = ORIENTED_EDGE('',*,*,#10193,.F.);
#10207 = ORIENTED_EDGE('',*,*,#10208,.T.);
#10208 = EDGE_CURVE('',#9431,#10209,#10211,.T.);
#10209 = VERTEX_POINT('',#10210);
#10210 = CARTESIAN_POINT('',(11.,0.,0.600000023842));
#10211 = LINE('',#10212,#10213);
#10212 = CARTESIAN_POINT('',(10.349921226501,-1.019378304482,0.));
#10213 = VECTOR('',#10214,1.);
#10214 = DIRECTION('',(0.48164098507,0.755253656549,0.444537822655));
#10215 = ORIENTED_EDGE('',*,*,#10216,.T.);
#10216 = EDGE_CURVE('',#10209,#10185,#10217,.T.);
#10217 = LINE('',#10218,#10219);
#10218 = CARTESIAN_POINT('',(11.,0.,0.600000023842));
#10219 = VECTOR('',#10220,1.);
#10220 = DIRECTION('',(-4.906769174822E-02,-0.998795455349,0.));
#10221 = PLANE('',#10222);
#10222 = AXIS2_PLACEMENT_3D('',#10223,#10224,#10225);
#10223 = CARTESIAN_POINT('',(10.766430762563,-0.65893226213,
    0.398802026287));
#10224 = DIRECTION('',(0.706680591833,-3.471700362551E-02,
    -0.706680458755));
#10225 = DIRECTION('',(0.707106714607,-3.469446951954E-18,0.707106847766
    ));
#10226 = ADVANCED_FACE('',(#10227),#10237,.T.);
#10227 = FACE_BOUND('',#10228,.T.);
#10228 = EDGE_LOOP('',(#10229,#10230,#10231));
#10229 = ORIENTED_EDGE('',*,*,#10208,.F.);
#10230 = ORIENTED_EDGE('',*,*,#9430,.F.);
#10231 = ORIENTED_EDGE('',*,*,#10232,.T.);
#10232 = EDGE_CURVE('',#9423,#10209,#10233,.T.);
#10233 = LINE('',#10234,#10235);
#10234 = CARTESIAN_POINT('',(10.39999961853,0.,0.));
#10235 = VECTOR('',#10236,1.);
#10236 = DIRECTION('',(0.707106991921,0.,0.707106570452));
#10237 = PLANE('',#10238);
#10238 = AXIS2_PLACEMENT_3D('',#10239,#10240,#10241);
#10239 = CARTESIAN_POINT('',(10.586439621564,-0.375328933375,
    0.204878442325));
#10240 = DIRECTION('',(0.706680323025,-3.471666416668E-02,
    -0.706680744239));
#10241 = DIRECTION('',(-0.707106991921,-3.469446951954E-18,
    -0.707106570452));
#10242 = ADVANCED_FACE('',(#10243),#10253,.T.);
#10243 = FACE_BOUND('',#10244,.T.);
#10244 = EDGE_LOOP('',(#10245,#10246,#10247));
#10245 = ORIENTED_EDGE('',*,*,#10232,.F.);
#10246 = ORIENTED_EDGE('',*,*,#9422,.F.);
#10247 = ORIENTED_EDGE('',*,*,#10248,.T.);
#10248 = EDGE_CURVE('',#9415,#10209,#10249,.T.);
#10249 = LINE('',#10250,#10251);
#10250 = CARTESIAN_POINT('',(10.349921226501,1.019378304482,0.));
#10251 = VECTOR('',#10252,1.);
#10252 = DIRECTION('',(0.48164098507,-0.755253656549,0.444537822655));
#10253 = PLANE('',#10254);
#10254 = AXIS2_PLACEMENT_3D('',#10255,#10256,#10257);
#10255 = CARTESIAN_POINT('',(10.586439621564,0.375328933375,
    0.204878442325));
#10256 = DIRECTION('',(0.706680323025,3.471666416668E-02,-0.706680744239
    ));
#10257 = DIRECTION('',(-0.707106991921,3.469446951954E-18,
    -0.707106570452));
#10258 = ADVANCED_FACE('',(#10259),#10276,.T.);
#10259 = FACE_BOUND('',#10260,.T.);
#10260 = EDGE_LOOP('',(#10261,#10269,#10270));
#10261 = ORIENTED_EDGE('',*,*,#10262,.T.);
#10262 = EDGE_CURVE('',#10263,#10209,#10265,.T.);
#10263 = VERTEX_POINT('',#10264);
#10264 = CARTESIAN_POINT('',(10.947031974792,1.078188538551,
    0.600000023842));
#10265 = LINE('',#10266,#10267);
#10266 = CARTESIAN_POINT('',(10.947031974792,1.078188538551,
    0.600000023842));
#10267 = VECTOR('',#10268,1.);
#10268 = DIRECTION('',(4.906769174822E-02,-0.998795455349,0.));
#10269 = ORIENTED_EDGE('',*,*,#10248,.F.);
#10270 = ORIENTED_EDGE('',*,*,#10271,.T.);
#10271 = EDGE_CURVE('',#9415,#10263,#10272,.T.);
#10272 = LINE('',#10273,#10274);
#10273 = CARTESIAN_POINT('',(10.349921226501,1.019378304482,0.));
#10274 = VECTOR('',#10275,1.);
#10275 = DIRECTION('',(0.703701805482,6.93085294716E-02,0.707106849567)
  );
#10276 = PLANE('',#10277);
#10277 = AXIS2_PLACEMENT_3D('',#10278,#10279,#10280);
#10278 = CARTESIAN_POINT('',(10.766430762563,0.65893226213,
    0.398802026287));
#10279 = DIRECTION('',(0.706680591833,3.471700362551E-02,-0.706680458755
    ));
#10280 = DIRECTION('',(0.707106714607,0.,0.707106847766));
#10281 = ADVANCED_FACE('',(#10282),#10299,.T.);
#10282 = FACE_BOUND('',#10283,.T.);
#10283 = EDGE_LOOP('',(#10284,#10285,#10293));
#10284 = ORIENTED_EDGE('',*,*,#10271,.F.);
#10285 = ORIENTED_EDGE('',*,*,#10286,.F.);
#10286 = EDGE_CURVE('',#10287,#9415,#10289,.T.);
#10287 = VERTEX_POINT('',#10288);
#10288 = CARTESIAN_POINT('',(10.788638114929,2.145993471146,
    0.600000023842));
#10289 = LINE('',#10290,#10291);
#10290 = CARTESIAN_POINT('',(10.788638114929,2.145993471146,
    0.600000023842));
#10291 = VECTOR('',#10292,1.);
#10292 = DIRECTION('',(-0.325043764193,-0.834705123575,-0.444537858947)
  );
#10293 = ORIENTED_EDGE('',*,*,#10294,.T.);
#10294 = EDGE_CURVE('',#10287,#10263,#10295,.T.);
#10295 = LINE('',#10296,#10297);
#10296 = CARTESIAN_POINT('',(10.788638114929,2.145993471146,
    0.600000023842));
#10297 = VECTOR('',#10298,1.);
#10298 = DIRECTION('',(0.146730438823,-0.98917651525,0.));
#10299 = PLANE('',#10300);
#10300 = AXIS2_PLACEMENT_3D('',#10301,#10302,#10303);
#10301 = CARTESIAN_POINT('',(10.688108130842,1.454155370536,
    0.398802025417));
#10302 = DIRECTION('',(0.699874877806,0.103816605387,-0.706680456686));
#10303 = DIRECTION('',(-0.710519780813,6.938893903907E-18,
    -0.703677227906));
#10304 = ADVANCED_FACE('',(#10305),#10315,.T.);
#10305 = FACE_BOUND('',#10306,.T.);
#10306 = EDGE_LOOP('',(#10307,#10308,#10309));
#10307 = ORIENTED_EDGE('',*,*,#10286,.T.);
#10308 = ORIENTED_EDGE('',*,*,#9414,.F.);
#10309 = ORIENTED_EDGE('',*,*,#10310,.T.);
#10310 = EDGE_CURVE('',#9407,#10287,#10311,.T.);
#10311 = LINE('',#10312,#10313);
#10312 = CARTESIAN_POINT('',(10.200166702271,2.028939247131,0.));
#10313 = VECTOR('',#10314,1.);
#10314 = DIRECTION('',(0.693520054914,0.137949694956,0.707106650438));
#10315 = PLANE('',#10316);
#10316 = AXIS2_PLACEMENT_3D('',#10317,#10318,#10319);
#10317 = CARTESIAN_POINT('',(10.456247251488,1.697194816383,
    0.204878444294));
#10318 = DIRECTION('',(0.699874640405,0.103816807255,-0.706680662145));
#10319 = DIRECTION('',(-0.710520002442,6.938893903907E-18,
    -0.703677004122));
#10320 = ADVANCED_FACE('',(#10321),#10338,.T.);
#10321 = FACE_BOUND('',#10322,.T.);
#10322 = EDGE_LOOP('',(#10323,#10324,#10332));
#10323 = ORIENTED_EDGE('',*,*,#10310,.F.);
#10324 = ORIENTED_EDGE('',*,*,#10325,.F.);
#10325 = EDGE_CURVE('',#10326,#9407,#10328,.T.);
#10326 = VERTEX_POINT('',#10327);
#10327 = CARTESIAN_POINT('',(10.526343345642,3.193131446838,
    0.600000023842));
#10328 = LINE('',#10329,#10330);
#10329 = CARTESIAN_POINT('',(10.526343345642,3.193131446838,
    0.600000023842));
#10330 = VECTOR('',#10331,1.);
#10331 = DIRECTION('',(-0.241663072445,-0.862545708329,-0.444537805435)
  );
#10332 = ORIENTED_EDGE('',*,*,#10333,.T.);
#10333 = EDGE_CURVE('',#10326,#10287,#10334,.T.);
#10334 = LINE('',#10335,#10336);
#10335 = CARTESIAN_POINT('',(10.526343345642,3.193131446838,
    0.600000023842));
#10336 = VECTOR('',#10337,1.);
#10337 = DIRECTION('',(0.242980494451,-0.970031174405,0.));
#10338 = PLANE('',#10339);
#10339 = AXIS2_PLACEMENT_3D('',#10340,#10341,#10342);
#10340 = CARTESIAN_POINT('',(10.494109601221,2.4947709515,0.398802027453
    ));
#10341 = DIRECTION('',(0.68632873261,0.17191663444,-0.706680650363));
#10342 = DIRECTION('',(-0.717361079569,1.387778780781E-17,
    -0.696701572784));
#10343 = ADVANCED_FACE('',(#10344),#10354,.T.);
#10344 = FACE_BOUND('',#10345,.T.);
#10345 = EDGE_LOOP('',(#10346,#10347,#10348));
#10346 = ORIENTED_EDGE('',*,*,#10325,.T.);
#10347 = ORIENTED_EDGE('',*,*,#9406,.F.);
#10348 = ORIENTED_EDGE('',*,*,#10349,.T.);
#10349 = EDGE_CURVE('',#9399,#10326,#10350,.T.);
#10350 = LINE('',#10351,#10352);
#10351 = CARTESIAN_POINT('',(9.952179908752,3.01896071434,0.));
#10352 = VECTOR('',#10353,1.);
#10353 = DIRECTION('',(0.676658510754,0.205262301458,0.707107238985));
#10354 = PLANE('',#10355);
#10355 = AXIS2_PLACEMENT_3D('',#10356,#10357,#10358);
#10356 = CARTESIAN_POINT('',(10.239543327017,2.713913737131,
    0.204878420715));
#10357 = DIRECTION('',(0.68632947819,0.171916117206,-0.706680052083));
#10358 = DIRECTION('',(-0.717360406516,1.387778780781E-17,
    -0.696702265795));
#10359 = ADVANCED_FACE('',(#10360),#10370,.T.);
#10360 = FACE_BOUND('',#10361,.T.);
#10361 = EDGE_LOOP('',(#10362,#10363,#10369));
#10362 = ORIENTED_EDGE('',*,*,#9398,.F.);
#10363 = ORIENTED_EDGE('',*,*,#10364,.T.);
#10364 = EDGE_CURVE('',#9391,#10326,#10365,.T.);
#10365 = LINE('',#10366,#10367);
#10366 = CARTESIAN_POINT('',(9.608346939087,3.979907751083,0.));
#10367 = VECTOR('',#10368,1.);
#10368 = DIRECTION('',(0.680140213619,-0.582919714956,0.444537845108));
#10369 = ORIENTED_EDGE('',*,*,#10349,.F.);
#10370 = PLANE('',#10371);
#10371 = AXIS2_PLACEMENT_3D('',#10372,#10373,#10374);
#10372 = CARTESIAN_POINT('',(10.021638795136,3.432248734422,
    0.204878405831));
#10373 = DIRECTION('',(0.666173589086,0.23836115279,-0.706680062011));
#10374 = DIRECTION('',(-0.727653520823,1.387778780781E-17,
    -0.685944861948));
#10375 = ADVANCED_FACE('',(#10376),#10393,.T.);
#10376 = FACE_BOUND('',#10377,.T.);
#10377 = EDGE_LOOP('',(#10378,#10379,#10387));
#10378 = ORIENTED_EDGE('',*,*,#10364,.F.);
#10379 = ORIENTED_EDGE('',*,*,#10380,.T.);
#10380 = EDGE_CURVE('',#9391,#10381,#10383,.T.);
#10381 = VERTEX_POINT('',#10382);
#10382 = CARTESIAN_POINT('',(10.16267490387,4.20951795578,0.600000023842
    ));
#10383 = LINE('',#10384,#10385);
#10384 = CARTESIAN_POINT('',(9.608346939087,3.979907751083,0.));
#10385 = VECTOR('',#10386,1.);
#10386 = DIRECTION('',(0.653281604889,0.270598152272,0.707106628947));
#10387 = ORIENTED_EDGE('',*,*,#10388,.T.);
#10388 = EDGE_CURVE('',#10381,#10326,#10389,.T.);
#10389 = LINE('',#10390,#10391);
#10390 = CARTESIAN_POINT('',(10.16267490387,4.20951795578,0.600000023842
    ));
#10391 = VECTOR('',#10392,1.);
#10392 = DIRECTION('',(0.336889470541,-0.941544202169,0.));
#10393 = PLANE('',#10394);
#10394 = AXIS2_PLACEMENT_3D('',#10395,#10396,#10397);
#10395 = CARTESIAN_POINT('',(10.111553721751,3.755888826849,
    0.398802024193));
#10396 = DIRECTION('',(0.666173251248,0.238360295124,-0.706680669772));
#10397 = DIRECTION('',(-0.727653988904,1.387778780781E-17,
    -0.685944365406));
#10398 = ADVANCED_FACE('',(#10399),#10416,.T.);
#10399 = FACE_BOUND('',#10400,.T.);
#10400 = EDGE_LOOP('',(#10401,#10409,#10415));
#10401 = ORIENTED_EDGE('',*,*,#10402,.T.);
#10402 = EDGE_CURVE('',#9503,#10403,#10405,.T.);
#10403 = VERTEX_POINT('',#10404);
#10404 = CARTESIAN_POINT('',(5.185364246368,-9.701133728027,
    0.600000023842));
#10405 = LINE('',#10406,#10407);
#10406 = CARTESIAN_POINT('',(5.777930259705,-8.647283554077,0.));
#10407 = VECTOR('',#10408,1.);
#10408 = DIRECTION('',(-0.439029975815,-0.780793710691,0.444537806806));
#10409 = ORIENTED_EDGE('',*,*,#10410,.F.);
#10410 = EDGE_CURVE('',#9511,#10403,#10411,.T.);
#10411 = LINE('',#10412,#10413);
#10412 = CARTESIAN_POINT('',(4.902525901794,-9.171980857849,0.));
#10413 = VECTOR('',#10414,1.);
#10414 = DIRECTION('',(0.333328112152,-0.623612500356,0.707106653235));
#10415 = ORIENTED_EDGE('',*,*,#9510,.F.);
#10416 = PLANE('',#10417);
#10417 = AXIS2_PLACEMENT_3D('',#10418,#10419,#10420);
#10418 = CARTESIAN_POINT('',(5.321423637612,-9.159477154971,
    0.204878438397));
#10419 = DIRECTION('',(0.363744538996,-0.606870956481,-0.706680658098));
#10420 = DIRECTION('',(0.,-0.758649072301,0.651499489713));
#10421 = ADVANCED_FACE('',(#10422),#10439,.T.);
#10422 = FACE_BOUND('',#10423,.T.);
#10423 = EDGE_LOOP('',(#10424,#10432,#10433));
#10424 = ORIENTED_EDGE('',*,*,#10425,.T.);
#10425 = EDGE_CURVE('',#10426,#10403,#10428,.T.);
#10426 = VERTEX_POINT('',#10427);
#10427 = CARTESIAN_POINT('',(6.111272335052,-9.146165847778,
    0.600000023842));
#10428 = LINE('',#10429,#10430);
#10429 = CARTESIAN_POINT('',(6.111272335052,-9.146165847778,
    0.600000023842));
#10430 = VECTOR('',#10431,1.);
#10431 = DIRECTION('',(-0.857728638929,-0.514102695929,0.));
#10432 = ORIENTED_EDGE('',*,*,#10402,.F.);
#10433 = ORIENTED_EDGE('',*,*,#10434,.T.);
#10434 = EDGE_CURVE('',#9503,#10426,#10435,.T.);
#10435 = LINE('',#10436,#10437);
#10436 = CARTESIAN_POINT('',(5.777930259705,-8.647283554077,0.));
#10437 = VECTOR('',#10438,1.);
#10438 = DIRECTION('',(0.392847263877,-0.587938212938,0.70710655847));
#10439 = PLANE('',#10440);
#10440 = AXIS2_PLACEMENT_3D('',#10441,#10442,#10443);
#10441 = CARTESIAN_POINT('',(5.656386641765,-9.184525466348,
    0.398801985888));
#10442 = DIRECTION('',(0.363744390529,-0.606870929635,-0.706680757572));
#10443 = DIRECTION('',(2.775557561563E-17,-0.758649131873,0.651499420344
    ));
#10444 = ADVANCED_FACE('',(#10445),#10462,.T.);
#10445 = FACE_BOUND('',#10446,.T.);
#10446 = EDGE_LOOP('',(#10447,#10455,#10456));
#10447 = ORIENTED_EDGE('',*,*,#10448,.T.);
#10448 = EDGE_CURVE('',#10449,#10426,#10451,.T.);
#10449 = VERTEX_POINT('',#10450);
#10450 = CARTESIAN_POINT('',(6.978326320648,-8.503114700317,
    0.600000023842));
#10451 = LINE('',#10452,#10453);
#10452 = CARTESIAN_POINT('',(6.978326320648,-8.503114700317,
    0.600000023842));
#10453 = VECTOR('',#10454,1.);
#10454 = DIRECTION('',(-0.80320749363,-0.595699355529,0.));
#10455 = ORIENTED_EDGE('',*,*,#10434,.F.);
#10456 = ORIENTED_EDGE('',*,*,#10457,.T.);
#10457 = EDGE_CURVE('',#9503,#10449,#10458,.T.);
#10458 = LINE('',#10459,#10460);
#10459 = CARTESIAN_POINT('',(5.777930259705,-8.647283554077,0.));
#10460 = VECTOR('',#10461,1.);
#10461 = DIRECTION('',(0.889368849406,0.106814152229,0.444537722348));
#10462 = PLANE('',#10463);
#10463 = AXIS2_PLACEMENT_3D('',#10464,#10465,#10466);
#10464 = CARTESIAN_POINT('',(6.320789797988,-8.740585508608,
    0.398802042283));
#10465 = DIRECTION('',(0.421476695028,-0.568295460948,-0.706680737401));
#10466 = DIRECTION('',(0.,-0.779278962839,0.626677188093));
#10467 = ADVANCED_FACE('',(#10468),#10478,.T.);
#10468 = FACE_BOUND('',#10469,.T.);
#10469 = EDGE_LOOP('',(#10470,#10471,#10472));
#10470 = ORIENTED_EDGE('',*,*,#10457,.F.);
#10471 = ORIENTED_EDGE('',*,*,#9502,.F.);
#10472 = ORIENTED_EDGE('',*,*,#10473,.T.);
#10473 = EDGE_CURVE('',#9495,#10449,#10474,.T.);
#10474 = LINE('',#10475,#10476);
#10475 = CARTESIAN_POINT('',(6.597690105438,-8.039308547974,0.));
#10476 = VECTOR('',#10477,1.);
#10477 = DIRECTION('',(0.448584049203,-0.546600753028,0.707106758269));
#10478 = PLANE('',#10479);
#10479 = AXIS2_PLACEMENT_3D('',#10480,#10481,#10482);
#10480 = CARTESIAN_POINT('',(6.425833044836,-8.421534429684,
    0.204878449662));
#10481 = DIRECTION('',(0.421476630341,-0.568295758872,-0.706680536399));
#10482 = DIRECTION('',(-2.775557561563E-17,-0.779278715352,
    0.626677495846));
#10483 = ADVANCED_FACE('',(#10484),#10501,.T.);
#10484 = FACE_BOUND('',#10485,.T.);
#10485 = EDGE_LOOP('',(#10486,#10494,#10495));
#10486 = ORIENTED_EDGE('',*,*,#10487,.T.);
#10487 = EDGE_CURVE('',#10488,#10449,#10490,.T.);
#10488 = VERTEX_POINT('',#10489);
#10489 = CARTESIAN_POINT('',(7.77817440033,-7.77817440033,0.600000023842
    ));
#10490 = LINE('',#10491,#10492);
#10491 = CARTESIAN_POINT('',(7.77817440033,-7.77817440033,0.600000023842
    ));
#10492 = VECTOR('',#10493,1.);
#10493 = DIRECTION('',(-0.740951006741,-0.671559085717,0.));
#10494 = ORIENTED_EDGE('',*,*,#10473,.F.);
#10495 = ORIENTED_EDGE('',*,*,#10496,.T.);
#10496 = EDGE_CURVE('',#9495,#10488,#10497,.T.);
#10497 = LINE('',#10498,#10499);
#10498 = CARTESIAN_POINT('',(6.597690105438,-8.039308547974,0.));
#10499 = VECTOR('',#10500,1.);
#10500 = DIRECTION('',(0.874616573682,0.193473351973,0.444537862412));
#10501 = PLANE('',#10502);
#10502 = AXIS2_PLACEMENT_3D('',#10503,#10504,#10505);
#10503 = CARTESIAN_POINT('',(7.147080658852,-8.078951444584,
    0.398802005378));
#10504 = DIRECTION('',(0.47515004831,-0.524247105186,-0.706680553217));
#10505 = DIRECTION('',(-2.775557561563E-17,-0.803132980798,
    0.595799811309));
#10506 = ADVANCED_FACE('',(#10507),#10517,.T.);
#10507 = FACE_BOUND('',#10508,.T.);
#10508 = EDGE_LOOP('',(#10509,#10510,#10511));
#10509 = ORIENTED_EDGE('',*,*,#10496,.F.);
#10510 = ORIENTED_EDGE('',*,*,#9494,.F.);
#10511 = ORIENTED_EDGE('',*,*,#10512,.T.);
#10512 = EDGE_CURVE('',#9487,#10488,#10513,.T.);
#10513 = LINE('',#10514,#10515);
#10514 = CARTESIAN_POINT('',(7.353910446167,-7.353910446167,0.));
#10515 = VECTOR('',#10516,1.);
#10516 = DIRECTION('',(0.499999922567,-0.499999922567,0.707106890693));
#10517 = PLANE('',#10518);
#10518 = AXIS2_PLACEMENT_3D('',#10519,#10520,#10521);
#10519 = CARTESIAN_POINT('',(7.220345544063,-7.751140795538,
    0.20487843399));
#10520 = DIRECTION('',(0.475150024176,-0.52424731296,-0.706680415308));
#10521 = DIRECTION('',(0.,-0.80313281217,0.595800038617));
#10522 = ADVANCED_FACE('',(#10523),#10533,.T.);
#10523 = FACE_BOUND('',#10524,.T.);
#10524 = EDGE_LOOP('',(#10525,#10526,#10527));
#10525 = ORIENTED_EDGE('',*,*,#10512,.F.);
#10526 = ORIENTED_EDGE('',*,*,#9486,.F.);
#10527 = ORIENTED_EDGE('',*,*,#10528,.T.);
#10528 = EDGE_CURVE('',#9479,#10488,#10529,.T.);
#10529 = LINE('',#10530,#10531);
#10530 = CARTESIAN_POINT('',(8.039308547974,-6.597690105438,0.));
#10531 = VECTOR('',#10532,1.);
#10532 = DIRECTION('',(-0.193473351973,-0.874616573682,0.444537862412));
#10533 = PLANE('',#10534);
#10534 = AXIS2_PLACEMENT_3D('',#10535,#10536,#10537);
#10535 = CARTESIAN_POINT('',(7.751140795538,-7.220345544063,
    0.20487843399));
#10536 = DIRECTION('',(0.52424731296,-0.475150024176,-0.706680415308));
#10537 = DIRECTION('',(-0.80313281217,0.,-0.595800038617));
#10538 = ADVANCED_FACE('',(#10539),#10556,.T.);
#10539 = FACE_BOUND('',#10540,.T.);
#10540 = EDGE_LOOP('',(#10541,#10549,#10550));
#10541 = ORIENTED_EDGE('',*,*,#10542,.T.);
#10542 = EDGE_CURVE('',#10543,#10488,#10545,.T.);
#10543 = VERTEX_POINT('',#10544);
#10544 = CARTESIAN_POINT('',(8.503114700317,-6.978326320648,
    0.600000023842));
#10545 = LINE('',#10546,#10547);
#10546 = CARTESIAN_POINT('',(8.503114700317,-6.978326320648,
    0.600000023842));
#10547 = VECTOR('',#10548,1.);
#10548 = DIRECTION('',(-0.671559085717,-0.740951006741,0.));
#10549 = ORIENTED_EDGE('',*,*,#10528,.F.);
#10550 = ORIENTED_EDGE('',*,*,#10551,.T.);
#10551 = EDGE_CURVE('',#9479,#10543,#10552,.T.);
#10552 = LINE('',#10553,#10554);
#10553 = CARTESIAN_POINT('',(8.039308547974,-6.597690105438,0.));
#10554 = VECTOR('',#10555,1.);
#10555 = DIRECTION('',(0.546600753028,-0.448584049203,0.707106758269));
#10556 = PLANE('',#10557);
#10557 = AXIS2_PLACEMENT_3D('',#10558,#10559,#10560);
#10558 = CARTESIAN_POINT('',(8.078951444584,-7.147080658852,
    0.398802005378));
#10559 = DIRECTION('',(0.524247105186,-0.47515004831,-0.706680553217));
#10560 = DIRECTION('',(-0.803132980798,-2.775557561563E-17,
    -0.595799811309));
#10561 = ADVANCED_FACE('',(#10562),#10572,.T.);
#10562 = FACE_BOUND('',#10563,.T.);
#10563 = EDGE_LOOP('',(#10564,#10565,#10566));
#10564 = ORIENTED_EDGE('',*,*,#10551,.F.);
#10565 = ORIENTED_EDGE('',*,*,#9478,.F.);
#10566 = ORIENTED_EDGE('',*,*,#10567,.T.);
#10567 = EDGE_CURVE('',#9471,#10543,#10568,.T.);
#10568 = LINE('',#10569,#10570);
#10569 = CARTESIAN_POINT('',(8.647283554077,-5.777930259705,0.));
#10570 = VECTOR('',#10571,1.);
#10571 = DIRECTION('',(-0.106814152229,-0.889368849406,0.444537722348));
#10572 = PLANE('',#10573);
#10573 = AXIS2_PLACEMENT_3D('',#10574,#10575,#10576);
#10574 = CARTESIAN_POINT('',(8.421534429684,-6.425833044836,
    0.204878449662));
#10575 = DIRECTION('',(0.568295758872,-0.421476630341,-0.706680536399));
#10576 = DIRECTION('',(-0.779278715352,-5.551115123126E-17,
    -0.626677495846));
#10577 = ADVANCED_FACE('',(#10578),#10595,.T.);
#10578 = FACE_BOUND('',#10579,.T.);
#10579 = EDGE_LOOP('',(#10580,#10588,#10589));
#10580 = ORIENTED_EDGE('',*,*,#10581,.T.);
#10581 = EDGE_CURVE('',#10582,#10543,#10584,.T.);
#10582 = VERTEX_POINT('',#10583);
#10583 = CARTESIAN_POINT('',(9.146165847778,-6.111272335052,
    0.600000023842));
#10584 = LINE('',#10585,#10586);
#10585 = CARTESIAN_POINT('',(9.146165847778,-6.111272335052,
    0.600000023842));
#10586 = VECTOR('',#10587,1.);
#10587 = DIRECTION('',(-0.595699355529,-0.80320749363,0.));
#10588 = ORIENTED_EDGE('',*,*,#10567,.F.);
#10589 = ORIENTED_EDGE('',*,*,#10590,.T.);
#10590 = EDGE_CURVE('',#9471,#10582,#10591,.T.);
#10591 = LINE('',#10592,#10593);
#10592 = CARTESIAN_POINT('',(8.647283554077,-5.777930259705,0.));
#10593 = VECTOR('',#10594,1.);
#10594 = DIRECTION('',(0.587938212938,-0.392847263877,0.70710655847));
#10595 = PLANE('',#10596);
#10596 = AXIS2_PLACEMENT_3D('',#10597,#10598,#10599);
#10597 = CARTESIAN_POINT('',(8.740585508608,-6.320789797988,
    0.398802042283));
#10598 = DIRECTION('',(0.568295460948,-0.421476695028,-0.706680737401));
#10599 = DIRECTION('',(-0.779278962839,0.,-0.626677188093));
#10600 = ADVANCED_FACE('',(#10601),#10618,.T.);
#10601 = FACE_BOUND('',#10602,.T.);
#10602 = EDGE_LOOP('',(#10603,#10604,#10612));
#10603 = ORIENTED_EDGE('',*,*,#10590,.F.);
#10604 = ORIENTED_EDGE('',*,*,#10605,.T.);
#10605 = EDGE_CURVE('',#9471,#10606,#10608,.T.);
#10606 = VERTEX_POINT('',#10607);
#10607 = CARTESIAN_POINT('',(9.701133728027,-5.185364246368,
    0.600000023842));
#10608 = LINE('',#10609,#10610);
#10609 = CARTESIAN_POINT('',(8.647283554077,-5.777930259705,0.));
#10610 = VECTOR('',#10611,1.);
#10611 = DIRECTION('',(0.780793710691,0.439029975815,0.444537806806));
#10612 = ORIENTED_EDGE('',*,*,#10613,.T.);
#10613 = EDGE_CURVE('',#10606,#10582,#10614,.T.);
#10614 = LINE('',#10615,#10616);
#10615 = CARTESIAN_POINT('',(9.701133728027,-5.185364246368,
    0.600000023842));
#10616 = VECTOR('',#10617,1.);
#10617 = DIRECTION('',(-0.514102695929,-0.857728638929,0.));
#10618 = PLANE('',#10619);
#10619 = AXIS2_PLACEMENT_3D('',#10620,#10621,#10622);
#10620 = CARTESIAN_POINT('',(9.184525466348,-5.656386641765,
    0.398801985888));
#10621 = DIRECTION('',(0.606870929635,-0.363744390529,-0.706680757572));
#10622 = DIRECTION('',(-0.758649131873,0.,-0.651499420344));
#10623 = ADVANCED_FACE('',(#10624),#10634,.T.);
#10624 = FACE_BOUND('',#10625,.T.);
#10625 = EDGE_LOOP('',(#10626,#10627,#10628));
#10626 = ORIENTED_EDGE('',*,*,#10605,.F.);
#10627 = ORIENTED_EDGE('',*,*,#9470,.F.);
#10628 = ORIENTED_EDGE('',*,*,#10629,.T.);
#10629 = EDGE_CURVE('',#9463,#10606,#10630,.T.);
#10630 = LINE('',#10631,#10632);
#10631 = CARTESIAN_POINT('',(9.171980857849,-4.902525901794,0.));
#10632 = VECTOR('',#10633,1.);
#10633 = DIRECTION('',(0.623612500356,-0.333328112152,0.707106653235));
#10634 = PLANE('',#10635);
#10635 = AXIS2_PLACEMENT_3D('',#10636,#10637,#10638);
#10636 = CARTESIAN_POINT('',(9.159477154971,-5.321423637612,
    0.204878438397));
#10637 = DIRECTION('',(0.606870956481,-0.363744538996,-0.706680658098));
#10638 = DIRECTION('',(-0.758649072301,0.,-0.651499489713));
#10639 = ADVANCED_FACE('',(#10640),#10655,.T.);
#10640 = FACE_BOUND('',#10641,.T.);
#10641 = EDGE_LOOP('',(#10642,#10648,#10654));
#10642 = ORIENTED_EDGE('',*,*,#10643,.T.);
#10643 = EDGE_CURVE('',#9565,#6242,#10644,.T.);
#10644 = LINE('',#10645,#10646);
#10645 = CARTESIAN_POINT('',(1.504767537117,-5.184778213501,0.));
#10646 = VECTOR('',#10647,1.);
#10647 = DIRECTION('',(-0.291153370713,-0.544709521673,0.786461220736));
#10648 = ORIENTED_EDGE('',*,*,#10649,.T.);
#10649 = EDGE_CURVE('',#6242,#9573,#10650,.T.);
#10650 = LINE('',#10651,#10652);
#10651 = CARTESIAN_POINT('',(0.801374435425,-6.500733852386,
    1.899999976158));
#10652 = VECTOR('',#10653,1.);
#10653 = DIRECTION('',(0.173161531888,0.597480586128,-0.782963621807));
#10654 = ORIENTED_EDGE('',*,*,#9572,.F.);
#10655 = PLANE('',#10656);
#10656 = AXIS2_PLACEMENT_3D('',#10657,#10658,#10659);
#10657 = CARTESIAN_POINT('',(1.099193497819,-5.767189220657,
    0.892278992111));
#10658 = DIRECTION('',(-0.336409820147,-0.711279343322,-0.61717917064));
#10659 = DIRECTION('',(2.775557561563E-17,0.655377392494,-0.755301577787
    ));
#10660 = ADVANCED_FACE('',(#10661),#10678,.T.);
#10661 = FACE_BOUND('',#10662,.T.);
#10662 = EDGE_LOOP('',(#10663,#10671,#10677));
#10663 = ORIENTED_EDGE('',*,*,#10664,.F.);
#10664 = EDGE_CURVE('',#10665,#6242,#10667,.T.);
#10665 = VERTEX_POINT('',#10666);
#10666 = CARTESIAN_POINT('',(0.65056180954,-6.429404735565,
    1.899999976158));
#10667 = LINE('',#10668,#10669);
#10668 = CARTESIAN_POINT('',(0.65056180954,-6.429404735565,
    1.899999976158));
#10669 = VECTOR('',#10670,1.);
#10670 = DIRECTION('',(0.903989161026,-0.427555372726,0.));
#10671 = ORIENTED_EDGE('',*,*,#10672,.T.);
#10672 = EDGE_CURVE('',#10665,#9573,#10673,.T.);
#10673 = LINE('',#10674,#10675);
#10674 = CARTESIAN_POINT('',(0.65056180954,-6.429404735565,
    1.899999976158));
#10675 = VECTOR('',#10676,1.);
#10676 = DIRECTION('',(0.236360488338,0.570624586478,-0.786461251976));
#10677 = ORIENTED_EDGE('',*,*,#10649,.F.);
#10678 = PLANE('',#10679);
#10679 = AXIS2_PLACEMENT_3D('',#10680,#10681,#10682);
#10680 = CARTESIAN_POINT('',(0.965603254707,-5.781543076423,
    0.981638279911));
#10681 = DIRECTION('',(-0.336410260765,-0.711279167073,-0.617179133591)
  );
#10682 = DIRECTION('',(0.,0.655377462695,-0.755301516873));
#10683 = ADVANCED_FACE('',(#10684),#10694,.T.);
#10684 = FACE_BOUND('',#10685,.T.);
#10685 = EDGE_LOOP('',(#10686,#10687,#10693));
#10686 = ORIENTED_EDGE('',*,*,#10672,.F.);
#10687 = ORIENTED_EDGE('',*,*,#10688,.F.);
#10688 = EDGE_CURVE('',#9581,#10665,#10689,.T.);
#10689 = LINE('',#10690,#10691);
#10690 = CARTESIAN_POINT('',(0.926631271839,-4.945306301117,0.));
#10691 = VECTOR('',#10692,1.);
#10692 = DIRECTION('',(-0.113764392686,-0.611576360801,0.782963612096));
#10693 = ORIENTED_EDGE('',*,*,#9580,.F.);
#10694 = PLANE('',#10695);
#10695 = AXIS2_PLACEMENT_3D('',#10696,#10697,#10698);
#10696 = CARTESIAN_POINT('',(0.875046828337,-5.670200981633,
    0.892279005122));
#10697 = DIRECTION('',(-0.265072846278,-0.740828111404,-0.617179143782)
  );
#10698 = DIRECTION('',(-2.775557561563E-17,0.640075682088,
    -0.768311864544));
#10699 = ADVANCED_FACE('',(#10700),#10717,.T.);
#10700 = FACE_BOUND('',#10701,.T.);
#10701 = EDGE_LOOP('',(#10702,#10710,#10716));
#10702 = ORIENTED_EDGE('',*,*,#10703,.F.);
#10703 = EDGE_CURVE('',#10704,#10665,#10706,.T.);
#10704 = VERTEX_POINT('',#10705);
#10705 = CARTESIAN_POINT('',(0.493483960629,-6.373201370239,
    1.899999976158));
#10706 = LINE('',#10707,#10708);
#10707 = CARTESIAN_POINT('',(0.493483960629,-6.373201370239,
    1.899999976158));
#10708 = VECTOR('',#10709,1.);
#10709 = DIRECTION('',(0.941544041809,-0.336889918719,0.));
#10710 = ORIENTED_EDGE('',*,*,#10711,.T.);
#10711 = EDGE_CURVE('',#10704,#9581,#10712,.T.);
#10712 = LINE('',#10713,#10714);
#10713 = CARTESIAN_POINT('',(0.493483960629,-6.373201370239,
    1.899999976158));
#10714 = VECTOR('',#10715,1.);
#10715 = DIRECTION('',(0.179291353992,0.591044279106,-0.786461232687));
#10716 = ORIENTED_EDGE('',*,*,#10688,.T.);
#10717 = PLANE('',#10718);
#10718 = AXIS2_PLACEMENT_3D('',#10719,#10720,#10721);
#10719 = CARTESIAN_POINT('',(0.7435068381,-5.697579806907,0.981638267181
    ));
#10720 = DIRECTION('',(-0.265072618404,-0.740828177507,-0.617179162306)
  );
#10721 = DIRECTION('',(0.,0.640075659714,-0.768311883184));
#10722 = ADVANCED_FACE('',(#10723),#10747,.T.);
#10723 = FACE_BOUND('',#10724,.T.);
#10724 = EDGE_LOOP('',(#10725,#10735,#10741));
#10725 = ORIENTED_EDGE('',*,*,#10726,.F.);
#10726 = EDGE_CURVE('',#10727,#10729,#10731,.T.);
#10727 = VERTEX_POINT('',#10728);
#10728 = CARTESIAN_POINT('',(0.166629135609,-6.30818605423,
    1.899999976158));
#10729 = VERTEX_POINT('',#10730);
#10730 = CARTESIAN_POINT('',(0.331653535366,-6.332664966583,
    1.899999976158));
#10731 = LINE('',#10732,#10733);
#10732 = CARTESIAN_POINT('',(0.166629135609,-6.30818605423,
    1.899999976158));
#10733 = VECTOR('',#10734,1.);
#10734 = DIRECTION('',(0.989176636073,-0.146729624299,0.));
#10735 = ORIENTED_EDGE('',*,*,#10736,.T.);
#10736 = EDGE_CURVE('',#10727,#9597,#10737,.T.);
#10737 = LINE('',#10738,#10739);
#10738 = CARTESIAN_POINT('',(0.166629135609,-6.30818605423,
    1.899999976158));
#10739 = VECTOR('',#10740,1.);
#10740 = DIRECTION('',(6.053927521328E-02,0.614665588248,-0.786461194707
    ));
#10741 = ORIENTED_EDGE('',*,*,#10742,.T.);
#10742 = EDGE_CURVE('',#9597,#10729,#10743,.T.);
#10743 = LINE('',#10744,#10745);
#10744 = CARTESIAN_POINT('',(0.312885075808,-4.823224544525,0.));
#10745 = VECTOR('',#10746,1.);
#10746 = DIRECTION('',(7.734221531313E-03,-0.622019435113,0.782963603342
    ));
#10747 = PLANE('',#10748);
#10748 = AXIS2_PLACEMENT_3D('',#10749,#10750,#10751);
#10749 = CARTESIAN_POINT('',(0.280040642946,-5.596769191525,
    0.981638266698));
#10750 = DIRECTION('',(-0.115450184275,-0.778306531217,-0.617179227142)
  );
#10751 = DIRECTION('',(0.,0.621333918484,-0.783545890003));
#10752 = ADVANCED_FACE('',(#10753),#10763,.T.);
#10753 = FACE_BOUND('',#10754,.T.);
#10754 = EDGE_LOOP('',(#10755,#10756,#10762));
#10755 = ORIENTED_EDGE('',*,*,#10736,.F.);
#10756 = ORIENTED_EDGE('',*,*,#10757,.F.);
#10757 = EDGE_CURVE('',#9605,#10727,#10758,.T.);
#10758 = LINE('',#10759,#10760);
#10759 = CARTESIAN_POINT('',(0.,-4.807853221893,0.));
#10760 = VECTOR('',#10761,1.);
#10761 = DIRECTION('',(6.866554547776E-02,-0.618266259104,0.78296352132)
  );
#10762 = ORIENTED_EDGE('',*,*,#9604,.F.);
#10763 = PLANE('',#10764);
#10764 = AXIS2_PLACEMENT_3D('',#10765,#10766,#10767);
#10765 = CARTESIAN_POINT('',(0.161062638673,-5.516508601355,
    0.892279004072));
#10766 = DIRECTION('',(-3.860821781804E-02,-0.785874803888,
    -0.617179226911));
#10767 = DIRECTION('',(0.,0.617639723761,-0.786461169818));
#10768 = ADVANCED_FACE('',(#10769),#10793,.T.);
#10769 = FACE_BOUND('',#10770,.T.);
#10770 = EDGE_LOOP('',(#10771,#10781,#10787));
#10771 = ORIENTED_EDGE('',*,*,#10772,.F.);
#10772 = EDGE_CURVE('',#10773,#10775,#10777,.T.);
#10773 = VERTEX_POINT('',#10774);
#10774 = CARTESIAN_POINT('',(-0.166629135609,-6.30818605423,
    1.899999976158));
#10775 = VERTEX_POINT('',#10776);
#10776 = CARTESIAN_POINT('',(0.,-6.300000190735,1.899999976158));
#10777 = LINE('',#10778,#10779);
#10778 = CARTESIAN_POINT('',(-0.166629135609,-6.30818605423,
    1.899999976158));
#10779 = VECTOR('',#10780,1.);
#10780 = DIRECTION('',(0.99879548588,4.906707027462E-02,0.));
#10781 = ORIENTED_EDGE('',*,*,#10782,.T.);
#10782 = EDGE_CURVE('',#10773,#9613,#10783,.T.);
#10783 = LINE('',#10784,#10785);
#10784 = CARTESIAN_POINT('',(-0.166629135609,-6.30818605423,
    1.899999976158));
#10785 = VECTOR('',#10786,1.);
#10786 = DIRECTION('',(-6.053927521328E-02,0.614665588248,
    -0.786461194707));
#10787 = ORIENTED_EDGE('',*,*,#10788,.T.);
#10788 = EDGE_CURVE('',#9613,#10775,#10789,.T.);
#10789 = LINE('',#10790,#10791);
#10790 = CARTESIAN_POINT('',(-0.312885075808,-4.823224544525,0.));
#10791 = VECTOR('',#10792,1.);
#10792 = DIRECTION('',(0.128935586384,-0.608558696542,0.782963554341));
#10793 = PLANE('',#10794);
#10794 = AXIS2_PLACEMENT_3D('',#10795,#10796,#10797);
#10795 = CARTESIAN_POINT('',(-0.194187330133,-5.588313444593,
    0.981638269876));
#10796 = DIRECTION('',(3.860708079167E-02,-0.785874881095,
    -0.617179199728));
#10797 = DIRECTION('',(0.,0.617639669404,-0.786461212507));
#10798 = ADVANCED_FACE('',(#10799),#10809,.T.);
#10799 = FACE_BOUND('',#10800,.T.);
#10800 = EDGE_LOOP('',(#10801,#10802,#10808));
#10801 = ORIENTED_EDGE('',*,*,#10782,.F.);
#10802 = ORIENTED_EDGE('',*,*,#10803,.F.);
#10803 = EDGE_CURVE('',#9621,#10773,#10804,.T.);
#10804 = LINE('',#10805,#10806);
#10805 = CARTESIAN_POINT('',(-0.622756898403,-4.869189739227,0.));
#10806 = VECTOR('',#10807,1.);
#10807 = DIRECTION('',(0.187963911841,-0.592990382421,0.782963584212));
#10808 = ORIENTED_EDGE('',*,*,#9620,.F.);
#10809 = PLANE('',#10810);
#10810 = AXIS2_PLACEMENT_3D('',#10811,#10812,#10813);
#10811 = CARTESIAN_POINT('',(-0.326537264004,-5.532806512229,
    0.892279002624));
#10812 = DIRECTION('',(0.115450982927,-0.77830642798,-0.617179207934));
#10813 = DIRECTION('',(0.,0.621333957211,-0.783545859294));
#10814 = ADVANCED_FACE('',(#10815),#10832,.T.);
#10815 = FACE_BOUND('',#10816,.T.);
#10816 = EDGE_LOOP('',(#10817,#10825,#10831));
#10817 = ORIENTED_EDGE('',*,*,#10818,.F.);
#10818 = EDGE_CURVE('',#10819,#10773,#10821,.T.);
#10819 = VERTEX_POINT('',#10820);
#10820 = CARTESIAN_POINT('',(-0.331653535366,-6.332664966583,
    1.899999976158));
#10821 = LINE('',#10822,#10823);
#10822 = CARTESIAN_POINT('',(-0.331653535366,-6.332664966583,
    1.899999976158));
#10823 = VECTOR('',#10824,1.);
#10824 = DIRECTION('',(0.989176636073,0.146729624299,0.));
#10825 = ORIENTED_EDGE('',*,*,#10826,.T.);
#10826 = EDGE_CURVE('',#10819,#9621,#10827,.T.);
#10827 = LINE('',#10828,#10829);
#10828 = CARTESIAN_POINT('',(-0.331653535366,-6.332664966583,
    1.899999976158));
#10829 = VECTOR('',#10830,1.);
#10830 = DIRECTION('',(-0.120495533081,0.60577186684,-0.786461233535));
#10831 = ORIENTED_EDGE('',*,*,#10803,.T.);
#10832 = PLANE('',#10833);
#10833 = AXIS2_PLACEMENT_3D('',#10834,#10835,#10836);
#10834 = CARTESIAN_POINT('',(-0.429638890908,-5.618960020906,
    0.981638267077));
#10835 = DIRECTION('',(0.115450193734,-0.778306594984,-0.617179144958));
#10836 = DIRECTION('',(-6.938893903907E-18,0.621333836434,
    -0.783545955067));
#10837 = ADVANCED_FACE('',(#10838),#10848,.T.);
#10838 = FACE_BOUND('',#10839,.T.);
#10839 = EDGE_LOOP('',(#10840,#10846,#10847));
#10840 = ORIENTED_EDGE('',*,*,#10841,.T.);
#10841 = EDGE_CURVE('',#9605,#10775,#10842,.T.);
#10842 = LINE('',#10843,#10844);
#10843 = CARTESIAN_POINT('',(0.,-4.807853221893,0.));
#10844 = VECTOR('',#10845,1.);
#10845 = DIRECTION('',(0.,-0.61763978569,0.786461121183));
#10846 = ORIENTED_EDGE('',*,*,#10788,.F.);
#10847 = ORIENTED_EDGE('',*,*,#9612,.F.);
#10848 = PLANE('',#10849);
#10849 = AXIS2_PLACEMENT_3D('',#10850,#10851,#10852);
#10850 = CARTESIAN_POINT('',(-8.313763924878E-02,-5.512680440417,
    0.892279005455));
#10851 = DIRECTION('',(3.860821543405E-02,-0.785874755362,
    -0.617179288851));
#10852 = DIRECTION('',(0.,0.61763978569,-0.786461121183));
#10853 = ADVANCED_FACE('',(#10854),#10864,.T.);
#10854 = FACE_BOUND('',#10855,.T.);
#10855 = EDGE_LOOP('',(#10856,#10857,#10863));
#10856 = ORIENTED_EDGE('',*,*,#10757,.T.);
#10857 = ORIENTED_EDGE('',*,*,#10858,.F.);
#10858 = EDGE_CURVE('',#10775,#10727,#10859,.T.);
#10859 = LINE('',#10860,#10861);
#10860 = CARTESIAN_POINT('',(0.,-6.300000190735,1.899999976158));
#10861 = VECTOR('',#10862,1.);
#10862 = DIRECTION('',(0.99879548588,-4.906707027462E-02,0.));
#10863 = ORIENTED_EDGE('',*,*,#10841,.F.);
#10864 = PLANE('',#10865);
#10865 = AXIS2_PLACEMENT_3D('',#10866,#10867,#10868);
#10866 = CARTESIAN_POINT('',(4.313436039435E-02,-5.58089255845,
    0.981638267803));
#10867 = DIRECTION('',(-3.86070763153E-02,-0.785874789975,
    -0.617179316034));
#10868 = DIRECTION('',(0.,0.61763978569,-0.786461121183));
#10869 = ADVANCED_FACE('',(#10870),#10880,.T.);
#10870 = FACE_BOUND('',#10871,.T.);
#10871 = EDGE_LOOP('',(#10872,#10878,#10879));
#10872 = ORIENTED_EDGE('',*,*,#10873,.F.);
#10873 = EDGE_CURVE('',#10729,#9589,#10874,.T.);
#10874 = LINE('',#10875,#10876);
#10875 = CARTESIAN_POINT('',(0.331653535366,-6.332664966583,
    1.899999976158));
#10876 = VECTOR('',#10877,1.);
#10877 = DIRECTION('',(0.120495533081,0.60577186684,-0.786461233535));
#10878 = ORIENTED_EDGE('',*,*,#10742,.F.);
#10879 = ORIENTED_EDGE('',*,*,#9596,.F.);
#10880 = PLANE('',#10881);
#10881 = AXIS2_PLACEMENT_3D('',#10882,#10883,#10884);
#10882 = CARTESIAN_POINT('',(0.403711800087,-5.54425420354,
    0.892279000625));
#10883 = DIRECTION('',(-0.115450987964,-0.778306461939,-0.617179164167)
  );
#10884 = DIRECTION('',(6.938893903907E-18,0.621333913515,-0.783545893944
    ));
#10885 = ADVANCED_FACE('',(#10886),#10903,.T.);
#10886 = FACE_BOUND('',#10887,.T.);
#10887 = EDGE_LOOP('',(#10888,#10896,#10902));
#10888 = ORIENTED_EDGE('',*,*,#10889,.T.);
#10889 = EDGE_CURVE('',#9637,#10890,#10892,.T.);
#10890 = VERTEX_POINT('',#10891);
#10891 = CARTESIAN_POINT('',(-0.65056180954,-6.429404735565,
    1.899999976158));
#10892 = LINE('',#10893,#10894);
#10893 = CARTESIAN_POINT('',(-1.221581578255,-5.050841331482,0.));
#10894 = VECTOR('',#10895,1.);
#10895 = DIRECTION('',(0.236360488338,-0.570624586478,0.786461251976));
#10896 = ORIENTED_EDGE('',*,*,#10897,.T.);
#10897 = EDGE_CURVE('',#10890,#9645,#10898,.T.);
#10898 = LINE('',#10899,#10900);
#10899 = CARTESIAN_POINT('',(-0.65056180954,-6.429404735565,
    1.899999976158));
#10900 = VECTOR('',#10901,1.);
#10901 = DIRECTION('',(-0.352006318437,0.512893306281,-0.782963605893));
#10902 = ORIENTED_EDGE('',*,*,#9644,.F.);
#10903 = PLANE('',#10904);
#10904 = AXIS2_PLACEMENT_3D('',#10905,#10906,#10907);
#10905 = CARTESIAN_POINT('',(-1.028665174582,-5.733831780727,
    0.892278991588));
#10906 = DIRECTION('',(0.336409828783,-0.71127936158,-0.617179144891));
#10907 = DIRECTION('',(0.,0.655377367299,-0.755301599649));
#10908 = ADVANCED_FACE('',(#10909),#10926,.T.);
#10909 = FACE_BOUND('',#10910,.T.);
#10910 = EDGE_LOOP('',(#10911,#10919,#10925));
#10911 = ORIENTED_EDGE('',*,*,#10912,.F.);
#10912 = EDGE_CURVE('',#10913,#10890,#10915,.T.);
#10913 = VERTEX_POINT('',#10914);
#10914 = CARTESIAN_POINT('',(-0.801374435425,-6.500733852386,
    1.899999976158));
#10915 = LINE('',#10916,#10917);
#10916 = CARTESIAN_POINT('',(-0.801374435425,-6.500733852386,
    1.899999976158));
#10917 = VECTOR('',#10918,1.);
#10918 = DIRECTION('',(0.903989161026,0.427555372726,0.));
#10919 = ORIENTED_EDGE('',*,*,#10920,.F.);
#10920 = EDGE_CURVE('',#9645,#10913,#10921,.T.);
#10921 = LINE('',#10922,#10923);
#10922 = CARTESIAN_POINT('',(-1.504767537117,-5.184778213501,0.));
#10923 = VECTOR('',#10924,1.);
#10924 = DIRECTION('',(0.291153370713,-0.544709521673,0.786461220736));
#10925 = ORIENTED_EDGE('',*,*,#10897,.F.);
#10926 = PLANE('',#10927);
#10927 = AXIS2_PLACEMENT_3D('',#10928,#10929,#10930);
#10928 = CARTESIAN_POINT('',(-1.102318243657,-5.846204400591,
    0.981638278993));
#10929 = DIRECTION('',(0.33641024455,-0.711279132789,-0.61717918194));
#10930 = DIRECTION('',(0.,0.655377510005,-0.755301475822));
#10931 = ADVANCED_FACE('',(#10932),#10949,.T.);
#10932 = FACE_BOUND('',#10933,.T.);
#10933 = EDGE_LOOP('',(#10934,#10942,#10943));
#10934 = ORIENTED_EDGE('',*,*,#10935,.F.);
#10935 = EDGE_CURVE('',#10890,#10936,#10938,.T.);
#10936 = VERTEX_POINT('',#10937);
#10937 = CARTESIAN_POINT('',(-0.493483960629,-6.373201370239,
    1.899999976158));
#10938 = LINE('',#10939,#10940);
#10939 = CARTESIAN_POINT('',(-0.65056180954,-6.429404735565,
    1.899999976158));
#10940 = VECTOR('',#10941,1.);
#10941 = DIRECTION('',(0.941544041809,0.336889918719,0.));
#10942 = ORIENTED_EDGE('',*,*,#10889,.F.);
#10943 = ORIENTED_EDGE('',*,*,#10944,.T.);
#10944 = EDGE_CURVE('',#9637,#10936,#10945,.T.);
#10945 = LINE('',#10946,#10947);
#10946 = CARTESIAN_POINT('',(-1.221581578255,-5.050841331482,0.));
#10947 = VECTOR('',#10948,1.);
#10948 = DIRECTION('',(0.300038927497,-0.544926227183,0.782963631923));
#10949 = PLANE('',#10950);
#10950 = AXIS2_PLACEMENT_3D('',#10951,#10952,#10953);
#10951 = CARTESIAN_POINT('',(-0.88590135666,-5.748529440515,
    0.981638267944));
#10952 = DIRECTION('',(0.265072624792,-0.74082819536,-0.617179138133));
#10953 = DIRECTION('',(-2.775557561563E-17,0.64007563581,-0.768311903098
    ));
#10954 = ADVANCED_FACE('',(#10955),#10965,.T.);
#10955 = FACE_BOUND('',#10956,.T.);
#10956 = EDGE_LOOP('',(#10957,#10963,#10964));
#10957 = ORIENTED_EDGE('',*,*,#10958,.F.);
#10958 = EDGE_CURVE('',#10936,#9629,#10959,.T.);
#10959 = LINE('',#10960,#10961);
#10960 = CARTESIAN_POINT('',(-0.493483960629,-6.373201370239,
    1.899999976158));
#10961 = VECTOR('',#10962,1.);
#10962 = DIRECTION('',(-0.179291353992,0.591044279106,-0.786461232687));
#10963 = ORIENTED_EDGE('',*,*,#10944,.F.);
#10964 = ORIENTED_EDGE('',*,*,#9636,.F.);
#10965 = PLANE('',#10966);
#10966 = AXIS2_PLACEMENT_3D('',#10967,#10968,#10969);
#10967 = CARTESIAN_POINT('',(-0.80158853883,-5.643917179704,
    0.892279005097));
#10968 = DIRECTION('',(0.265072842876,-0.740828101896,-0.617179156656));
#10969 = DIRECTION('',(0.,0.640075694819,-0.768311853938));
#10970 = ADVANCED_FACE('',(#10971),#10988,.T.);
#10971 = FACE_BOUND('',#10972,.T.);
#10972 = EDGE_LOOP('',(#10973,#10981,#10987));
#10973 = ORIENTED_EDGE('',*,*,#10974,.T.);
#10974 = EDGE_CURVE('',#9661,#10975,#10977,.T.);
#10975 = VERTEX_POINT('',#10976);
#10976 = CARTESIAN_POINT('',(-1.078468561172,-6.685882091522,
    1.899999976158));
#10977 = LINE('',#10978,#10979);
#10978 = CARTESIAN_POINT('',(-2.025076389313,-5.532437324524,0.));
#10979 = VECTOR('',#10980,1.);
#10980 = DIRECTION('',(0.391826500152,-0.477441885369,0.786461213204));
#10981 = ORIENTED_EDGE('',*,*,#10982,.T.);
#10982 = EDGE_CURVE('',#10975,#9669,#10983,.T.);
#10983 = LINE('',#10984,#10985);
#10984 = CARTESIAN_POINT('',(-1.078468561172,-6.685882091522,
    1.899999976158));
#10985 = VECTOR('',#10986,1.);
#10986 = DIRECTION('',(-0.485734141473,0.388626219776,-0.78296360395));
#10987 = ORIENTED_EDGE('',*,*,#9668,.F.);
#10988 = PLANE('',#10989);
#10989 = AXIS2_PLACEMENT_3D('',#10990,#10991,#10992);
#10990 = CARTESIAN_POINT('',(-1.642205157243,-6.130017865427,
    0.892278978395));
#10991 = DIRECTION('',(0.528397989215,-0.582996931009,-0.617179182594));
#10992 = DIRECTION('',(2.775557561563E-17,-0.726951130087,0.686689197865
    ));
#10993 = ADVANCED_FACE('',(#10994),#11011,.T.);
#10994 = FACE_BOUND('',#10995,.T.);
#10995 = EDGE_LOOP('',(#10996,#11004,#11010));
#10996 = ORIENTED_EDGE('',*,*,#10997,.F.);
#10997 = EDGE_CURVE('',#10998,#10975,#11000,.T.);
#10998 = VERTEX_POINT('',#10999);
#10999 = CARTESIAN_POINT('',(-1.202081561089,-6.797918319702,
    1.899999976158));
#11000 = LINE('',#11001,#11002);
#11001 = CARTESIAN_POINT('',(-1.202081561089,-6.797918319702,
    1.899999976158));
#11002 = VECTOR('',#11003,1.);
#11003 = DIRECTION('',(0.740951317281,0.671558743089,0.));
#11004 = ORIENTED_EDGE('',*,*,#11005,.F.);
#11005 = EDGE_CURVE('',#9669,#10998,#11006,.T.);
#11006 = LINE('',#11007,#11008);
#11007 = CARTESIAN_POINT('',(-2.257188558578,-5.74281167984,0.));
#11008 = VECTOR('',#11009,1.);
#11009 = DIRECTION('',(0.43673724689,-0.436737098858,0.786461241042));
#11010 = ORIENTED_EDGE('',*,*,#10982,.F.);
#11011 = PLANE('',#11012);
#11012 = AXIS2_PLACEMENT_3D('',#11013,#11014,#11015);
#11013 = CARTESIAN_POINT('',(-1.680066687734,-6.258932154868,
    0.981638278876));
#11014 = DIRECTION('',(0.528397639379,-0.582997289478,-0.61717914349));
#11015 = DIRECTION('',(0.,-0.726950897598,0.686689443986));
#11016 = ADVANCED_FACE('',(#11017),#11034,.T.);
#11017 = FACE_BOUND('',#11018,.T.);
#11018 = EDGE_LOOP('',(#11019,#11027,#11028));
#11019 = ORIENTED_EDGE('',*,*,#11020,.F.);
#11020 = EDGE_CURVE('',#10975,#11021,#11023,.T.);
#11021 = VERTEX_POINT('',#11022);
#11022 = CARTESIAN_POINT('',(-0.9444693923,-6.586501598358,
    1.899999976158));
#11023 = LINE('',#11024,#11025);
#11024 = CARTESIAN_POINT('',(-1.078468561172,-6.685882091522,
    1.899999976158));
#11025 = VECTOR('',#11026,1.);
#11026 = DIRECTION('',(0.803207713973,0.595699058429,0.));
#11027 = ORIENTED_EDGE('',*,*,#10974,.F.);
#11028 = ORIENTED_EDGE('',*,*,#11029,.F.);
#11029 = EDGE_CURVE('',#11021,#9661,#11030,.T.);
#11030 = LINE('',#11031,#11032);
#11031 = CARTESIAN_POINT('',(-0.9444693923,-6.586501598358,
    1.899999976158));
#11032 = VECTOR('',#11033,1.);
#11033 = DIRECTION('',(-0.445303123634,0.434365236341,-0.782963581235));
#11034 = PLANE('',#11035);
#11035 = AXIS2_PLACEMENT_3D('',#11036,#11037,#11038);
#11036 = CARTESIAN_POINT('',(-1.501322201765,-6.102640473107,
    0.981638261138));
#11037 = DIRECTION('',(0.4687095031,-0.631982010338,-0.617179180071));
#11038 = DIRECTION('',(-2.775557561563E-17,0.698678357751,
    -0.715435917752));
#11039 = ADVANCED_FACE('',(#11040),#11050,.T.);
#11040 = FACE_BOUND('',#11041,.T.);
#11041 = EDGE_LOOP('',(#11042,#11048,#11049));
#11042 = ORIENTED_EDGE('',*,*,#11043,.T.);
#11043 = EDGE_CURVE('',#9653,#11021,#11044,.T.);
#11044 = LINE('',#11045,#11046);
#11045 = CARTESIAN_POINT('',(-1.773461580276,-5.345827102661,0.));
#11046 = VECTOR('',#11047,1.);
#11047 = DIRECTION('',(0.343142214618,-0.513548619936,0.786461210429));
#11048 = ORIENTED_EDGE('',*,*,#11029,.T.);
#11049 = ORIENTED_EDGE('',*,*,#9660,.F.);
#11050 = PLANE('',#11051);
#11051 = AXIS2_PLACEMENT_3D('',#11052,#11053,#11054);
#11052 = CARTESIAN_POINT('',(-1.451007166579,-5.978058082149,
    0.892278990733));
#11053 = DIRECTION('',(0.468709628028,-0.631981905238,-0.617179192816));
#11054 = DIRECTION('',(-2.775557561563E-17,0.698678424609,-0.71543585246
    ));
#11055 = ADVANCED_FACE('',(#11056),#11080,.T.);
#11056 = FACE_BOUND('',#11057,.T.);
#11057 = EDGE_LOOP('',(#11058,#11068,#11074));
#11058 = ORIENTED_EDGE('',*,*,#11059,.F.);
#11059 = EDGE_CURVE('',#11060,#11062,#11064,.T.);
#11060 = VERTEX_POINT('',#11061);
#11061 = CARTESIAN_POINT('',(-1.499266147614,-7.198625564575,
    1.899999976158));
#11062 = VERTEX_POINT('',#11063);
#11063 = CARTESIAN_POINT('',(-1.413498282433,-7.055530548096,
    1.899999976158));
#11064 = LINE('',#11065,#11066);
#11065 = CARTESIAN_POINT('',(-1.499266147614,-7.198625564575,
    1.899999976158));
#11066 = VECTOR('',#11067,1.);
#11067 = DIRECTION('',(0.514102801426,0.857728575696,0.));
#11068 = ORIENTED_EDGE('',*,*,#11069,.T.);
#11069 = EDGE_CURVE('',#11060,#9693,#11070,.T.);
#11070 = LINE('',#11071,#11072);
#11071 = CARTESIAN_POINT('',(-1.499266147614,-7.198625564575,
    1.899999976158));
#11072 = VECTOR('',#11073,1.);
#11073 = DIRECTION('',(-0.544709598905,0.291153309901,-0.786461189757));
#11074 = ORIENTED_EDGE('',*,*,#11075,.T.);
#11075 = EDGE_CURVE('',#9693,#11062,#11076,.T.);
#11076 = LINE('',#11077,#11078);
#11077 = CARTESIAN_POINT('',(-2.815222024918,-6.495232582092,0.));
#11078 = VECTOR('',#11079,1.);
#11079 = DIRECTION('',(0.577630857093,-0.230890998362,0.782963562249));
#11080 = PLANE('',#11081);
#11081 = AXIS2_PLACEMENT_3D('',#11082,#11083,#11084);
#11082 = CARTESIAN_POINT('',(-2.113128882435,-6.821599573527,
    0.9816382882));
#11083 = DIRECTION('',(0.674880234868,-0.404507706988,-0.617179215116));
#11084 = DIRECTION('',(0.674856065972,0.,0.737949381882));
#11085 = ADVANCED_FACE('',(#11086),#11096,.T.);
#11086 = FACE_BOUND('',#11087,.T.);
#11087 = EDGE_LOOP('',(#11088,#11089,#11095));
#11088 = ORIENTED_EDGE('',*,*,#11069,.F.);
#11089 = ORIENTED_EDGE('',*,*,#11090,.F.);
#11090 = EDGE_CURVE('',#9701,#11060,#11091,.T.);
#11091 = LINE('',#11092,#11093);
#11092 = CARTESIAN_POINT('',(-2.949158906937,-6.778418540955,0.));
#11093 = VECTOR('',#11094,1.);
#11094 = DIRECTION('',(0.597480654387,-0.173161474072,0.782963582506));
#11095 = ORIENTED_EDGE('',*,*,#9700,.F.);
#11096 = PLANE('',#11097);
#11097 = AXIS2_PLACEMENT_3D('',#11098,#11099,#11100);
#11098 = CARTESIAN_POINT('',(-2.232810904198,-6.900806566485,
    0.89227899454));
#11099 = DIRECTION('',(0.711279313407,-0.336409805998,-0.617179212829));
#11100 = DIRECTION('',(0.655377433777,-2.775557561563E-17,0.755301541966
    ));
#11101 = ADVANCED_FACE('',(#11102),#11119,.T.);
#11102 = FACE_BOUND('',#11103,.T.);
#11103 = EDGE_LOOP('',(#11104,#11112,#11118));
#11104 = ORIENTED_EDGE('',*,*,#11105,.T.);
#11105 = EDGE_CURVE('',#9701,#11106,#11108,.T.);
#11106 = VERTEX_POINT('',#11107);
#11107 = CARTESIAN_POINT('',(-1.570595264435,-7.34943819046,
    1.899999976158));
#11108 = LINE('',#11109,#11110);
#11109 = CARTESIAN_POINT('',(-2.949158906937,-6.778418540955,0.));
#11110 = VECTOR('',#11111,1.);
#11111 = DIRECTION('',(0.570624659687,-0.23636042844,0.78646121686));
#11112 = ORIENTED_EDGE('',*,*,#11113,.T.);
#11113 = EDGE_CURVE('',#11106,#9709,#11114,.T.);
#11114 = LINE('',#11115,#11116);
#11115 = CARTESIAN_POINT('',(-1.570595264435,-7.34943819046,
    1.899999976158));
#11116 = VECTOR('',#11117,1.);
#11117 = DIRECTION('',(-0.611576417176,0.113764458583,-0.782963558486));
#11118 = ORIENTED_EDGE('',*,*,#9708,.F.);
#11119 = PLANE('',#11120);
#11120 = AXIS2_PLACEMENT_3D('',#11121,#11122,#11123);
#11121 = CARTESIAN_POINT('',(-2.329799106224,-7.124953168043,
    0.892279056751));
#11122 = DIRECTION('',(0.740827987104,-0.265073069638,-0.617179197054));
#11123 = DIRECTION('',(0.640075778097,0.,0.76831178456));
#11124 = ADVANCED_FACE('',(#11125),#11142,.T.);
#11125 = FACE_BOUND('',#11126,.T.);
#11126 = EDGE_LOOP('',(#11127,#11135,#11141));
#11127 = ORIENTED_EDGE('',*,*,#11128,.F.);
#11128 = EDGE_CURVE('',#11129,#11106,#11131,.T.);
#11129 = VERTEX_POINT('',#11130);
#11130 = CARTESIAN_POINT('',(-1.626798629761,-7.506515979767,
    1.899999976158));
#11131 = LINE('',#11132,#11133);
#11132 = CARTESIAN_POINT('',(-1.626798629761,-7.506515979767,
    1.899999976158));
#11133 = VECTOR('',#11134,1.);
#11134 = DIRECTION('',(0.336890032046,0.94154400126,0.));
#11135 = ORIENTED_EDGE('',*,*,#11136,.F.);
#11136 = EDGE_CURVE('',#9709,#11129,#11137,.T.);
#11137 = LINE('',#11138,#11139);
#11138 = CARTESIAN_POINT('',(-3.054693937302,-7.073368549347,0.));
#11139 = VECTOR('',#11140,1.);
#11140 = DIRECTION('',(0.59104433809,-0.179291391292,0.786461179856));
#11141 = ORIENTED_EDGE('',*,*,#11113,.F.);
#11142 = PLANE('',#11143);
#11143 = AXIS2_PLACEMENT_3D('',#11144,#11145,#11146);
#11144 = CARTESIAN_POINT('',(-2.302420317797,-7.256493057772,
    0.981638254819));
#11145 = DIRECTION('',(0.740828097162,-0.26507269024,-0.617179227894));
#11146 = DIRECTION('',(0.640075740846,0.,0.768311815594));
#11147 = ADVANCED_FACE('',(#11148),#11158,.T.);
#11148 = FACE_BOUND('',#11149,.T.);
#11149 = EDGE_LOOP('',(#11150,#11156,#11157));
#11150 = ORIENTED_EDGE('',*,*,#11151,.F.);
#11151 = EDGE_CURVE('',#11106,#11060,#11152,.T.);
#11152 = LINE('',#11153,#11154);
#11153 = CARTESIAN_POINT('',(-1.570595264435,-7.34943819046,
    1.899999976158));
#11154 = VECTOR('',#11155,1.);
#11155 = DIRECTION('',(0.427555372726,0.903989161026,0.));
#11156 = ORIENTED_EDGE('',*,*,#11105,.F.);
#11157 = ORIENTED_EDGE('',*,*,#11090,.T.);
#11158 = PLANE('',#11159);
#11159 = AXIS2_PLACEMENT_3D('',#11160,#11161,#11162);
#11160 = CARTESIAN_POINT('',(-2.218457039848,-7.034396802433,
    0.98163827846));
#11161 = DIRECTION('',(0.711279137157,-0.336410246616,-0.61717917578));
#11162 = DIRECTION('',(0.655377503978,0.,0.755301481052));
#11163 = ADVANCED_FACE('',(#11164),#11174,.T.);
#11164 = FACE_BOUND('',#11165,.T.);
#11165 = EDGE_LOOP('',(#11166,#11172,#11173));
#11166 = ORIENTED_EDGE('',*,*,#11167,.T.);
#11167 = EDGE_CURVE('',#9685,#11062,#11168,.T.);
#11168 = LINE('',#11169,#11170);
#11169 = CARTESIAN_POINT('',(-2.654172897339,-6.226538181305,0.));
#11170 = VECTOR('',#11171,1.);
#11171 = DIRECTION('',(0.513548643223,-0.343142271223,0.786461170525));
#11172 = ORIENTED_EDGE('',*,*,#11075,.F.);
#11173 = ORIENTED_EDGE('',*,*,#9692,.F.);
#11174 = PLANE('',#11175);
#11175 = AXIS2_PLACEMENT_3D('',#11176,#11177,#11178);
#11176 = CARTESIAN_POINT('',(-2.114319503315,-6.68724560694,
    0.892278960866));
#11177 = DIRECTION('',(0.674880356987,-0.404507471664,-0.617179235814));
#11178 = DIRECTION('',(0.674856011797,-2.775557561563E-17,0.737949431425
    ));
#11179 = ADVANCED_FACE('',(#11180),#11197,.T.);
#11180 = FACE_BOUND('',#11181,.T.);
#11181 = EDGE_LOOP('',(#11182,#11190,#11191));
#11182 = ORIENTED_EDGE('',*,*,#11183,.F.);
#11183 = EDGE_CURVE('',#11062,#11184,#11186,.T.);
#11184 = VERTEX_POINT('',#11185);
#11185 = CARTESIAN_POINT('',(-1.314117789268,-6.921531200409,
    1.899999976158));
#11186 = LINE('',#11187,#11188);
#11187 = CARTESIAN_POINT('',(-1.413498282433,-7.055530548096,
    1.899999976158));
#11188 = VECTOR('',#11189,1.);
#11189 = DIRECTION('',(0.59569854559,0.803208094321,0.));
#11190 = ORIENTED_EDGE('',*,*,#11167,.F.);
#11191 = ORIENTED_EDGE('',*,*,#11192,.F.);
#11192 = EDGE_CURVE('',#11184,#9685,#11193,.T.);
#11193 = LINE('',#11194,#11195);
#11194 = CARTESIAN_POINT('',(-1.314117789268,-6.921531200409,
    1.899999976158));
#11195 = VECTOR('',#11196,1.);
#11196 = DIRECTION('',(-0.552218083365,0.286396962819,-0.78296358031));
#11197 = PLANE('',#11198);
#11198 = AXIS2_PLACEMENT_3D('',#11199,#11200,#11201);
#11199 = CARTESIAN_POINT('',(-1.987450125833,-6.620150858392,
    0.981638286622));
#11200 = DIRECTION('',(0.631982258902,-0.468709061983,-0.617179260545));
#11201 = DIRECTION('',(0.698678263727,0.,0.715436009574));
#11202 = ADVANCED_FACE('',(#11203),#11213,.T.);
#11203 = FACE_BOUND('',#11204,.T.);
#11204 = EDGE_LOOP('',(#11205,#11211,#11212));
#11205 = ORIENTED_EDGE('',*,*,#11206,.T.);
#11206 = EDGE_CURVE('',#9677,#11184,#11207,.T.);
#11207 = LINE('',#11208,#11209);
#11208 = CARTESIAN_POINT('',(-2.467562675476,-5.974923610687,0.));
#11209 = VECTOR('',#11210,1.);
#11210 = DIRECTION('',(0.477441941926,-0.391826407385,0.786461225087));
#11211 = ORIENTED_EDGE('',*,*,#11192,.T.);
#11212 = ORIENTED_EDGE('',*,*,#9684,.F.);
#11213 = PLANE('',#11214);
#11214 = AXIS2_PLACEMENT_3D('',#11215,#11216,#11217);
#11215 = CARTESIAN_POINT('',(-1.97546602734,-6.486327252274,
    0.892279023402));
#11216 = DIRECTION('',(0.63198170043,-0.46870992026,-0.617179180604));
#11217 = DIRECTION('',(0.698678533427,0.,0.715435746191));
#11218 = ADVANCED_FACE('',(#11219),#11236,.T.);
#11219 = FACE_BOUND('',#11220,.T.);
#11220 = EDGE_LOOP('',(#11221,#11229,#11235));
#11221 = ORIENTED_EDGE('',*,*,#11222,.T.);
#11222 = EDGE_CURVE('',#9717,#11223,#11225,.T.);
#11223 = VERTEX_POINT('',#11224);
#11224 = CARTESIAN_POINT('',(-1.667335033417,-7.668346405029,
    1.899999976158));
#11225 = LINE('',#11226,#11227);
#11226 = CARTESIAN_POINT('',(-3.130810499191,-7.377243041992,0.));
#11227 = VECTOR('',#11228,1.);
#11228 = DIRECTION('',(0.605771929314,-0.120495525877,0.786461186518));
#11229 = ORIENTED_EDGE('',*,*,#11230,.T.);
#11230 = EDGE_CURVE('',#11223,#9725,#11231,.T.);
#11231 = LINE('',#11232,#11233);
#11232 = CARTESIAN_POINT('',(-1.667335033417,-7.668346405029,
    1.899999976158));
#11233 = VECTOR('',#11234,1.);
#11234 = DIRECTION('',(-0.622019435409,-7.73416012937E-03,
    -0.782963603714));
#11235 = ORIENTED_EDGE('',*,*,#9724,.F.);
#11236 = PLANE('',#11237);
#11237 = AXIS2_PLACEMENT_3D('',#11238,#11239,#11240);
#11238 = CARTESIAN_POINT('',(-2.455745833289,-7.596288100905,
    0.892279033793));
#11239 = DIRECTION('',(0.778306503833,-0.11545045086,-0.617179211808));
#11240 = DIRECTION('',(0.621333922428,0.,0.783545886876));
#11241 = ADVANCED_FACE('',(#11242),#11259,.T.);
#11242 = FACE_BOUND('',#11243,.T.);
#11243 = EDGE_LOOP('',(#11244,#11252,#11258));
#11244 = ORIENTED_EDGE('',*,*,#11245,.F.);
#11245 = EDGE_CURVE('',#11246,#11223,#11248,.T.);
#11246 = VERTEX_POINT('',#11247);
#11247 = CARTESIAN_POINT('',(-1.69181406498,-7.833370685577,
    1.899999976158));
#11248 = LINE('',#11249,#11250);
#11249 = CARTESIAN_POINT('',(-1.69181406498,-7.833370685577,
    1.899999976158));
#11250 = VECTOR('',#11251,1.);
#11251 = DIRECTION('',(0.146730427182,0.989176516977,0.));
#11252 = ORIENTED_EDGE('',*,*,#11253,.F.);
#11253 = EDGE_CURVE('',#9725,#11246,#11254,.T.);
#11254 = LINE('',#11255,#11256);
#11255 = CARTESIAN_POINT('',(-3.176775455475,-7.687114715576,0.));
#11256 = VECTOR('',#11257,1.);
#11257 = DIRECTION('',(0.614665557088,-6.053928934021E-02,0.786461217973
    ));
#11258 = ORIENTED_EDGE('',*,*,#11230,.F.);
#11259 = PLANE('',#11260);
#11260 = AXIS2_PLACEMENT_3D('',#11261,#11262,#11263);
#11261 = CARTESIAN_POINT('',(-2.403230853266,-7.71995919351,
    0.981638248745));
#11262 = DIRECTION('',(0.778306471918,-0.115450821105,-0.617179182796));
#11263 = DIRECTION('',(0.621333920139,-6.938893903907E-18,0.783545888691
    ));
#11264 = ADVANCED_FACE('',(#11265),#11282,.T.);
#11265 = FACE_BOUND('',#11266,.T.);
#11266 = EDGE_LOOP('',(#11267,#11275,#11281));
#11267 = ORIENTED_EDGE('',*,*,#11268,.T.);
#11268 = EDGE_CURVE('',#9733,#11269,#11271,.T.);
#11269 = VERTEX_POINT('',#11270);
#11270 = CARTESIAN_POINT('',(-1.700000047684,-8.,1.899999976158));
#11271 = LINE('',#11272,#11273);
#11272 = CARTESIAN_POINT('',(-3.192146539688,-8.,0.));
#11273 = VECTOR('',#11274,1.);
#11274 = DIRECTION('',(0.617639663609,0.,0.786461217058));
#11275 = ORIENTED_EDGE('',*,*,#11276,.T.);
#11276 = EDGE_CURVE('',#11269,#9741,#11277,.T.);
#11277 = LINE('',#11278,#11279);
#11278 = CARTESIAN_POINT('',(-1.700000047684,-8.,1.899999976158));
#11279 = VECTOR('',#11280,1.);
#11280 = DIRECTION('',(-0.608558627934,-0.128935678631,-0.782963592476)
  );
#11281 = ORIENTED_EDGE('',*,*,#9740,.F.);
#11282 = PLANE('',#11283);
#11283 = AXIS2_PLACEMENT_3D('',#11284,#11285,#11286);
#11284 = CARTESIAN_POINT('',(-2.487319638517,-8.083137700546,
    0.892278966799));
#11285 = DIRECTION('',(0.785874869973,3.860759648597E-02,-0.617179181631
    ));
#11286 = DIRECTION('',(0.617639663609,0.,0.786461217058));
#11287 = ADVANCED_FACE('',(#11288),#11305,.T.);
#11288 = FACE_BOUND('',#11289,.T.);
#11289 = EDGE_LOOP('',(#11290,#11298,#11304));
#11290 = ORIENTED_EDGE('',*,*,#11291,.F.);
#11291 = EDGE_CURVE('',#11292,#11269,#11294,.T.);
#11292 = VERTEX_POINT('',#11293);
#11293 = CARTESIAN_POINT('',(-1.69181406498,-8.166628837585,
    1.899999976158));
#11294 = LINE('',#11295,#11296);
#11295 = CARTESIAN_POINT('',(-1.69181406498,-8.166628837585,
    1.899999976158));
#11296 = VECTOR('',#11297,1.);
#11297 = DIRECTION('',(-4.906787065801E-02,0.99879544656,0.));
#11298 = ORIENTED_EDGE('',*,*,#11299,.F.);
#11299 = EDGE_CURVE('',#9741,#11292,#11300,.T.);
#11300 = LINE('',#11301,#11302);
#11301 = CARTESIAN_POINT('',(-3.176775455475,-8.312885284424,0.));
#11302 = VECTOR('',#11303,1.);
#11303 = DIRECTION('',(0.614665549743,6.053948599258E-02,0.786461208576)
  );
#11304 = ORIENTED_EDGE('',*,*,#11276,.F.);
#11305 = PLANE('',#11306);
#11306 = AXIS2_PLACEMENT_3D('',#11307,#11308,#11309);
#11307 = CARTESIAN_POINT('',(-2.411686688731,-8.194187361102,
    0.981638217393));
#11308 = DIRECTION('',(0.785874857294,3.860771090205E-02,-0.617179190618
    ));
#11309 = DIRECTION('',(0.617639675335,0.,0.786461207849));
#11310 = ADVANCED_FACE('',(#11311),#11335,.T.);
#11311 = FACE_BOUND('',#11312,.T.);
#11312 = EDGE_LOOP('',(#11313,#11323,#11329));
#11313 = ORIENTED_EDGE('',*,*,#11314,.T.);
#11314 = EDGE_CURVE('',#11315,#11317,#11319,.T.);
#11315 = VERTEX_POINT('',#11316);
#11316 = CARTESIAN_POINT('',(-6.111272335052,-9.146165847778,
    0.600000023842));
#11317 = VERTEX_POINT('',#11318);
#11318 = CARTESIAN_POINT('',(-6.978326320648,-8.503114700317,
    0.600000023842));
#11319 = LINE('',#11320,#11321);
#11320 = CARTESIAN_POINT('',(-6.111272335052,-9.146165847778,
    0.600000023842));
#11321 = VECTOR('',#11322,1.);
#11322 = DIRECTION('',(-0.80320749363,0.595699355529,0.));
#11323 = ORIENTED_EDGE('',*,*,#11324,.T.);
#11324 = EDGE_CURVE('',#11317,#9771,#11325,.T.);
#11325 = LINE('',#11326,#11327);
#11326 = CARTESIAN_POINT('',(-6.978326320648,-8.503114700317,
    0.600000023842));
#11327 = VECTOR('',#11328,1.);
#11328 = DIRECTION('',(0.889368849406,-0.106814152229,-0.444537722348));
#11329 = ORIENTED_EDGE('',*,*,#11330,.T.);
#11330 = EDGE_CURVE('',#9771,#11315,#11331,.T.);
#11331 = LINE('',#11332,#11333);
#11332 = CARTESIAN_POINT('',(-5.777930259705,-8.647283554077,0.));
#11333 = VECTOR('',#11334,1.);
#11334 = DIRECTION('',(-0.392847263877,-0.587938212938,0.70710655847));
#11335 = PLANE('',#11336);
#11336 = AXIS2_PLACEMENT_3D('',#11337,#11338,#11339);
#11337 = CARTESIAN_POINT('',(-6.320789797988,-8.740585508608,
    0.398802042283));
#11338 = DIRECTION('',(-0.421476695028,-0.568295460948,-0.706680737401)
  );
#11339 = DIRECTION('',(0.,-0.779278962839,0.626677188093));
#11340 = ADVANCED_FACE('',(#11341),#11351,.T.);
#11341 = FACE_BOUND('',#11342,.T.);
#11342 = EDGE_LOOP('',(#11343,#11344,#11350));
#11343 = ORIENTED_EDGE('',*,*,#11324,.F.);
#11344 = ORIENTED_EDGE('',*,*,#11345,.T.);
#11345 = EDGE_CURVE('',#11317,#9779,#11346,.T.);
#11346 = LINE('',#11347,#11348);
#11347 = CARTESIAN_POINT('',(-6.978326320648,-8.503114700317,
    0.600000023842));
#11348 = VECTOR('',#11349,1.);
#11349 = DIRECTION('',(0.448584049203,0.546600753028,-0.707106758269));
#11350 = ORIENTED_EDGE('',*,*,#9778,.T.);
#11351 = PLANE('',#11352);
#11352 = AXIS2_PLACEMENT_3D('',#11353,#11354,#11355);
#11353 = CARTESIAN_POINT('',(-6.425833044836,-8.421534429684,
    0.204878449662));
#11354 = DIRECTION('',(-0.421476630341,-0.568295758872,-0.706680536399)
  );
#11355 = DIRECTION('',(0.,-0.779278715352,0.626677495846));
#11356 = ADVANCED_FACE('',(#11357),#11374,.T.);
#11357 = FACE_BOUND('',#11358,.T.);
#11358 = EDGE_LOOP('',(#11359,#11367,#11368));
#11359 = ORIENTED_EDGE('',*,*,#11360,.T.);
#11360 = EDGE_CURVE('',#11361,#11315,#11363,.T.);
#11361 = VERTEX_POINT('',#11362);
#11362 = CARTESIAN_POINT('',(-5.185364246368,-9.701133728027,
    0.600000023842));
#11363 = LINE('',#11364,#11365);
#11364 = CARTESIAN_POINT('',(-5.185364246368,-9.701133728027,
    0.600000023842));
#11365 = VECTOR('',#11366,1.);
#11366 = DIRECTION('',(-0.857728638929,0.514102695929,0.));
#11367 = ORIENTED_EDGE('',*,*,#11330,.F.);
#11368 = ORIENTED_EDGE('',*,*,#11369,.T.);
#11369 = EDGE_CURVE('',#9771,#11361,#11370,.T.);
#11370 = LINE('',#11371,#11372);
#11371 = CARTESIAN_POINT('',(-5.777930259705,-8.647283554077,0.));
#11372 = VECTOR('',#11373,1.);
#11373 = DIRECTION('',(0.439029975815,-0.780793710691,0.444537806806));
#11374 = PLANE('',#11375);
#11375 = AXIS2_PLACEMENT_3D('',#11376,#11377,#11378);
#11376 = CARTESIAN_POINT('',(-5.656386641765,-9.184525466348,
    0.398801985888));
#11377 = DIRECTION('',(-0.363744390529,-0.606870929635,-0.706680757572)
  );
#11378 = DIRECTION('',(0.,-0.758649131873,0.651499420344));
#11379 = ADVANCED_FACE('',(#11380),#11397,.T.);
#11380 = FACE_BOUND('',#11381,.T.);
#11381 = EDGE_LOOP('',(#11382,#11383,#11391));
#11382 = ORIENTED_EDGE('',*,*,#11345,.F.);
#11383 = ORIENTED_EDGE('',*,*,#11384,.F.);
#11384 = EDGE_CURVE('',#11385,#11317,#11387,.T.);
#11385 = VERTEX_POINT('',#11386);
#11386 = CARTESIAN_POINT('',(-7.77817440033,-7.77817440033,
    0.600000023842));
#11387 = LINE('',#11388,#11389);
#11388 = CARTESIAN_POINT('',(-7.77817440033,-7.77817440033,
    0.600000023842));
#11389 = VECTOR('',#11390,1.);
#11390 = DIRECTION('',(0.740951006741,-0.671559085717,0.));
#11391 = ORIENTED_EDGE('',*,*,#11392,.F.);
#11392 = EDGE_CURVE('',#9779,#11385,#11393,.T.);
#11393 = LINE('',#11394,#11395);
#11394 = CARTESIAN_POINT('',(-6.597690105438,-8.039308547974,0.));
#11395 = VECTOR('',#11396,1.);
#11396 = DIRECTION('',(-0.874616573682,0.193473351973,0.444537862412));
#11397 = PLANE('',#11398);
#11398 = AXIS2_PLACEMENT_3D('',#11399,#11400,#11401);
#11399 = CARTESIAN_POINT('',(-7.147080658852,-8.078951444584,
    0.398802005378));
#11400 = DIRECTION('',(-0.47515004831,-0.524247105186,-0.706680553217));
#11401 = DIRECTION('',(2.775557561563E-17,-0.803132980798,0.595799811309
    ));
#11402 = ADVANCED_FACE('',(#11403),#11413,.T.);
#11403 = FACE_BOUND('',#11404,.T.);
#11404 = EDGE_LOOP('',(#11405,#11406,#11412));
#11405 = ORIENTED_EDGE('',*,*,#11392,.T.);
#11406 = ORIENTED_EDGE('',*,*,#11407,.F.);
#11407 = EDGE_CURVE('',#9787,#11385,#11408,.T.);
#11408 = LINE('',#11409,#11410);
#11409 = CARTESIAN_POINT('',(-7.353910446167,-7.353910446167,0.));
#11410 = VECTOR('',#11411,1.);
#11411 = DIRECTION('',(-0.499999922567,-0.499999922567,0.707106890693));
#11412 = ORIENTED_EDGE('',*,*,#9786,.T.);
#11413 = PLANE('',#11414);
#11414 = AXIS2_PLACEMENT_3D('',#11415,#11416,#11417);
#11415 = CARTESIAN_POINT('',(-7.220345544063,-7.751140795538,
    0.20487843399));
#11416 = DIRECTION('',(-0.475150024176,-0.52424731296,-0.706680415308));
#11417 = DIRECTION('',(2.775557561563E-17,-0.80313281217,0.595800038617)
  );
#11418 = ADVANCED_FACE('',(#11419),#11443,.T.);
#11419 = FACE_BOUND('',#11420,.T.);
#11420 = EDGE_LOOP('',(#11421,#11429,#11437));
#11421 = ORIENTED_EDGE('',*,*,#11422,.T.);
#11422 = EDGE_CURVE('',#9803,#11423,#11425,.T.);
#11423 = VERTEX_POINT('',#11424);
#11424 = CARTESIAN_POINT('',(-9.146165847778,-6.111272335052,
    0.600000023842));
#11425 = LINE('',#11426,#11427);
#11426 = CARTESIAN_POINT('',(-8.647283554077,-5.777930259705,0.));
#11427 = VECTOR('',#11428,1.);
#11428 = DIRECTION('',(-0.587938212938,-0.392847263877,0.70710655847));
#11429 = ORIENTED_EDGE('',*,*,#11430,.T.);
#11430 = EDGE_CURVE('',#11423,#11431,#11433,.T.);
#11431 = VERTEX_POINT('',#11432);
#11432 = CARTESIAN_POINT('',(-9.701133728027,-5.185364246368,
    0.600000023842));
#11433 = LINE('',#11434,#11435);
#11434 = CARTESIAN_POINT('',(-9.146165847778,-6.111272335052,
    0.600000023842));
#11435 = VECTOR('',#11436,1.);
#11436 = DIRECTION('',(-0.514102695929,0.857728638929,0.));
#11437 = ORIENTED_EDGE('',*,*,#11438,.T.);
#11438 = EDGE_CURVE('',#11431,#9803,#11439,.T.);
#11439 = LINE('',#11440,#11441);
#11440 = CARTESIAN_POINT('',(-9.701133728027,-5.185364246368,
    0.600000023842));
#11441 = VECTOR('',#11442,1.);
#11442 = DIRECTION('',(0.780793710691,-0.439029975815,-0.444537806806));
#11443 = PLANE('',#11444);
#11444 = AXIS2_PLACEMENT_3D('',#11445,#11446,#11447);
#11445 = CARTESIAN_POINT('',(-9.184525466348,-5.656386641765,
    0.398801985888));
#11446 = DIRECTION('',(-0.606870929635,-0.363744390529,-0.706680757572)
  );
#11447 = DIRECTION('',(-0.758649131873,0.,0.651499420344));
#11448 = ADVANCED_FACE('',(#11449),#11466,.T.);
#11449 = FACE_BOUND('',#11450,.T.);
#11450 = EDGE_LOOP('',(#11451,#11459,#11465));
#11451 = ORIENTED_EDGE('',*,*,#11452,.T.);
#11452 = EDGE_CURVE('',#9803,#11453,#11455,.T.);
#11453 = VERTEX_POINT('',#11454);
#11454 = CARTESIAN_POINT('',(-8.503114700317,-6.978326320648,
    0.600000023842));
#11455 = LINE('',#11456,#11457);
#11456 = CARTESIAN_POINT('',(-8.647283554077,-5.777930259705,0.));
#11457 = VECTOR('',#11458,1.);
#11458 = DIRECTION('',(0.106814152229,-0.889368849406,0.444537722348));
#11459 = ORIENTED_EDGE('',*,*,#11460,.T.);
#11460 = EDGE_CURVE('',#11453,#11423,#11461,.T.);
#11461 = LINE('',#11462,#11463);
#11462 = CARTESIAN_POINT('',(-8.503114700317,-6.978326320648,
    0.600000023842));
#11463 = VECTOR('',#11464,1.);
#11464 = DIRECTION('',(-0.595699355529,0.80320749363,0.));
#11465 = ORIENTED_EDGE('',*,*,#11422,.F.);
#11466 = PLANE('',#11467);
#11467 = AXIS2_PLACEMENT_3D('',#11468,#11469,#11470);
#11468 = CARTESIAN_POINT('',(-8.740585508608,-6.320789797988,
    0.398802042283));
#11469 = DIRECTION('',(-0.568295460948,-0.421476695028,-0.706680737401)
  );
#11470 = DIRECTION('',(-0.779278962839,2.775557561563E-17,0.626677188093
    ));
#11471 = ADVANCED_FACE('',(#11472),#11482,.T.);
#11472 = FACE_BOUND('',#11473,.T.);
#11473 = EDGE_LOOP('',(#11474,#11480,#11481));
#11474 = ORIENTED_EDGE('',*,*,#11475,.T.);
#11475 = EDGE_CURVE('',#9795,#11453,#11476,.T.);
#11476 = LINE('',#11477,#11478);
#11477 = CARTESIAN_POINT('',(-8.039308547974,-6.597690105438,0.));
#11478 = VECTOR('',#11479,1.);
#11479 = DIRECTION('',(-0.546600753028,-0.448584049203,0.707106758269));
#11480 = ORIENTED_EDGE('',*,*,#11452,.F.);
#11481 = ORIENTED_EDGE('',*,*,#9802,.T.);
#11482 = PLANE('',#11483);
#11483 = AXIS2_PLACEMENT_3D('',#11484,#11485,#11486);
#11484 = CARTESIAN_POINT('',(-8.421534429684,-6.425833044836,
    0.204878449662));
#11485 = DIRECTION('',(-0.568295758872,-0.421476630341,-0.706680536399)
  );
#11486 = DIRECTION('',(-0.779278715352,2.775557561563E-17,0.626677495846
    ));
#11487 = ADVANCED_FACE('',(#11488),#11503,.T.);
#11488 = FACE_BOUND('',#11489,.T.);
#11489 = EDGE_LOOP('',(#11490,#11496,#11497));
#11490 = ORIENTED_EDGE('',*,*,#11491,.T.);
#11491 = EDGE_CURVE('',#11385,#11453,#11492,.T.);
#11492 = LINE('',#11493,#11494);
#11493 = CARTESIAN_POINT('',(-7.77817440033,-7.77817440033,
    0.600000023842));
#11494 = VECTOR('',#11495,1.);
#11495 = DIRECTION('',(-0.671559085717,0.740951006741,0.));
#11496 = ORIENTED_EDGE('',*,*,#11475,.F.);
#11497 = ORIENTED_EDGE('',*,*,#11498,.T.);
#11498 = EDGE_CURVE('',#9795,#11385,#11499,.T.);
#11499 = LINE('',#11500,#11501);
#11500 = CARTESIAN_POINT('',(-8.039308547974,-6.597690105438,0.));
#11501 = VECTOR('',#11502,1.);
#11502 = DIRECTION('',(0.193473351973,-0.874616573682,0.444537862412));
#11503 = PLANE('',#11504);
#11504 = AXIS2_PLACEMENT_3D('',#11505,#11506,#11507);
#11505 = CARTESIAN_POINT('',(-8.078951444584,-7.147080658852,
    0.398802005378));
#11506 = DIRECTION('',(-0.524247105186,-0.47515004831,-0.706680553217));
#11507 = DIRECTION('',(-0.803132980798,2.775557561563E-17,0.595799811309
    ));
#11508 = ADVANCED_FACE('',(#11509),#11514,.T.);
#11509 = FACE_BOUND('',#11510,.T.);
#11510 = EDGE_LOOP('',(#11511,#11512,#11513));
#11511 = ORIENTED_EDGE('',*,*,#11407,.T.);
#11512 = ORIENTED_EDGE('',*,*,#11498,.F.);
#11513 = ORIENTED_EDGE('',*,*,#9794,.T.);
#11514 = PLANE('',#11515);
#11515 = AXIS2_PLACEMENT_3D('',#11516,#11517,#11518);
#11516 = CARTESIAN_POINT('',(-7.751140795538,-7.220345544063,
    0.20487843399));
#11517 = DIRECTION('',(-0.52424731296,-0.475150024176,-0.706680415308));
#11518 = DIRECTION('',(-0.80313281217,2.775557561563E-17,0.595800038617)
  );
#11519 = ADVANCED_FACE('',(#11520),#11530,.T.);
#11520 = FACE_BOUND('',#11521,.T.);
#11521 = EDGE_LOOP('',(#11522,#11523,#11524));
#11522 = ORIENTED_EDGE('',*,*,#9810,.F.);
#11523 = ORIENTED_EDGE('',*,*,#11438,.F.);
#11524 = ORIENTED_EDGE('',*,*,#11525,.T.);
#11525 = EDGE_CURVE('',#11431,#9811,#11526,.T.);
#11526 = LINE('',#11527,#11528);
#11527 = CARTESIAN_POINT('',(-9.701133728027,-5.185364246368,
    0.600000023842));
#11528 = VECTOR('',#11529,1.);
#11529 = DIRECTION('',(0.623612500356,0.333328112152,-0.707106653235));
#11530 = PLANE('',#11531);
#11531 = AXIS2_PLACEMENT_3D('',#11532,#11533,#11534);
#11532 = CARTESIAN_POINT('',(-9.159477154971,-5.321423637612,
    0.204878438397));
#11533 = DIRECTION('',(-0.606870956481,-0.363744538996,-0.706680658098)
  );
#11534 = DIRECTION('',(-0.758649072301,0.,0.651499489713));
#11535 = ADVANCED_FACE('',(#11536),#11546,.T.);
#11536 = FACE_BOUND('',#11537,.T.);
#11537 = EDGE_LOOP('',(#11538,#11539,#11540));
#11538 = ORIENTED_EDGE('',*,*,#11369,.F.);
#11539 = ORIENTED_EDGE('',*,*,#9770,.F.);
#11540 = ORIENTED_EDGE('',*,*,#11541,.T.);
#11541 = EDGE_CURVE('',#9763,#11361,#11542,.T.);
#11542 = LINE('',#11543,#11544);
#11543 = CARTESIAN_POINT('',(-4.902525901794,-9.171980857849,0.));
#11544 = VECTOR('',#11545,1.);
#11545 = DIRECTION('',(-0.333328112152,-0.623612500356,0.707106653235));
#11546 = PLANE('',#11547);
#11547 = AXIS2_PLACEMENT_3D('',#11548,#11549,#11550);
#11548 = CARTESIAN_POINT('',(-5.321423637612,-9.159477154971,
    0.204878438397));
#11549 = DIRECTION('',(-0.363744538996,-0.606870956481,-0.706680658098)
  );
#11550 = DIRECTION('',(0.,-0.758649072301,0.651499489713));
#11551 = ADVANCED_FACE('',(#11552),#11576,.T.);
#11552 = FACE_BOUND('',#11553,.T.);
#11553 = EDGE_LOOP('',(#11554,#11562,#11570));
#11554 = ORIENTED_EDGE('',*,*,#11555,.F.);
#11555 = EDGE_CURVE('',#11556,#9819,#11558,.T.);
#11556 = VERTEX_POINT('',#11557);
#11557 = CARTESIAN_POINT('',(-10.16267490387,-4.20951795578,
    0.600000023842));
#11558 = LINE('',#11559,#11560);
#11559 = CARTESIAN_POINT('',(-10.16267490387,-4.20951795578,
    0.600000023842));
#11560 = VECTOR('',#11561,1.);
#11561 = DIRECTION('',(0.653281604889,0.270598152272,-0.707106628947));
#11562 = ORIENTED_EDGE('',*,*,#11563,.T.);
#11563 = EDGE_CURVE('',#11556,#11564,#11566,.T.);
#11564 = VERTEX_POINT('',#11565);
#11565 = CARTESIAN_POINT('',(-10.52634334564,-3.193131446838,
    0.600000023842));
#11566 = LINE('',#11567,#11568);
#11567 = CARTESIAN_POINT('',(-10.16267490387,-4.20951795578,
    0.600000023842));
#11568 = VECTOR('',#11569,1.);
#11569 = DIRECTION('',(-0.336889470541,0.941544202169,0.));
#11570 = ORIENTED_EDGE('',*,*,#11571,.T.);
#11571 = EDGE_CURVE('',#11564,#9819,#11572,.T.);
#11572 = LINE('',#11573,#11574);
#11573 = CARTESIAN_POINT('',(-10.52634334564,-3.193131446838,
    0.600000023842));
#11574 = VECTOR('',#11575,1.);
#11575 = DIRECTION('',(0.680140213619,-0.582919714956,-0.444537845108));
#11576 = PLANE('',#11577);
#11577 = AXIS2_PLACEMENT_3D('',#11578,#11579,#11580);
#11578 = CARTESIAN_POINT('',(-10.11155372175,-3.755888826849,
    0.398802024193));
#11579 = DIRECTION('',(-0.666173251248,-0.238360295124,-0.706680669772)
  );
#11580 = DIRECTION('',(-0.727653988904,1.387778780781E-17,0.685944365406
    ));
#11581 = ADVANCED_FACE('',(#11582),#11592,.T.);
#11582 = FACE_BOUND('',#11583,.T.);
#11583 = EDGE_LOOP('',(#11584,#11585,#11591));
#11584 = ORIENTED_EDGE('',*,*,#11571,.F.);
#11585 = ORIENTED_EDGE('',*,*,#11586,.T.);
#11586 = EDGE_CURVE('',#11564,#9827,#11587,.T.);
#11587 = LINE('',#11588,#11589);
#11588 = CARTESIAN_POINT('',(-10.52634334564,-3.193131446838,
    0.600000023842));
#11589 = VECTOR('',#11590,1.);
#11590 = DIRECTION('',(0.676658510754,0.205262301458,-0.707107238985));
#11591 = ORIENTED_EDGE('',*,*,#9826,.T.);
#11592 = PLANE('',#11593);
#11593 = AXIS2_PLACEMENT_3D('',#11594,#11595,#11596);
#11594 = CARTESIAN_POINT('',(-10.02163879513,-3.432248734422,
    0.204878405831));
#11595 = DIRECTION('',(-0.666173589086,-0.23836115279,-0.706680062011));
#11596 = DIRECTION('',(-0.727653520823,2.775557561563E-17,0.685944861948
    ));
#11597 = ADVANCED_FACE('',(#11598),#11608,.T.);
#11598 = FACE_BOUND('',#11599,.T.);
#11599 = EDGE_LOOP('',(#11600,#11601,#11607));
#11600 = ORIENTED_EDGE('',*,*,#11586,.F.);
#11601 = ORIENTED_EDGE('',*,*,#11602,.F.);
#11602 = EDGE_CURVE('',#9835,#11564,#11603,.T.);
#11603 = LINE('',#11604,#11605);
#11604 = CARTESIAN_POINT('',(-10.20016670227,-2.028939247131,0.));
#11605 = VECTOR('',#11606,1.);
#11606 = DIRECTION('',(-0.241663072445,-0.862545708329,0.444537805435));
#11607 = ORIENTED_EDGE('',*,*,#9834,.F.);
#11608 = PLANE('',#11609);
#11609 = AXIS2_PLACEMENT_3D('',#11610,#11611,#11612);
#11610 = CARTESIAN_POINT('',(-10.23954332701,-2.713913737131,
    0.204878420715));
#11611 = DIRECTION('',(-0.68632947819,-0.171916117206,-0.706680052083));
#11612 = DIRECTION('',(-0.717360406516,1.387778780781E-17,0.696702265795
    ));
#11613 = ADVANCED_FACE('',(#11614),#11631,.T.);
#11614 = FACE_BOUND('',#11615,.T.);
#11615 = EDGE_LOOP('',(#11616,#11617,#11625));
#11616 = ORIENTED_EDGE('',*,*,#11602,.T.);
#11617 = ORIENTED_EDGE('',*,*,#11618,.F.);
#11618 = EDGE_CURVE('',#11619,#11564,#11621,.T.);
#11619 = VERTEX_POINT('',#11620);
#11620 = CARTESIAN_POINT('',(-10.78863811492,-2.145993471146,
    0.600000023842));
#11621 = LINE('',#11622,#11623);
#11622 = CARTESIAN_POINT('',(-10.78863811492,-2.145993471146,
    0.600000023842));
#11623 = VECTOR('',#11624,1.);
#11624 = DIRECTION('',(0.242980494451,-0.970031174405,0.));
#11625 = ORIENTED_EDGE('',*,*,#11626,.T.);
#11626 = EDGE_CURVE('',#11619,#9835,#11627,.T.);
#11627 = LINE('',#11628,#11629);
#11628 = CARTESIAN_POINT('',(-10.78863811492,-2.145993471146,
    0.600000023842));
#11629 = VECTOR('',#11630,1.);
#11630 = DIRECTION('',(0.693520054914,0.137949694956,-0.707106650438));
#11631 = PLANE('',#11632);
#11632 = AXIS2_PLACEMENT_3D('',#11633,#11634,#11635);
#11633 = CARTESIAN_POINT('',(-10.49410960122,-2.4947709515,
    0.398802027453));
#11634 = DIRECTION('',(-0.68632873261,-0.17191663444,-0.706680650363));
#11635 = DIRECTION('',(-0.717361079569,1.387778780781E-17,0.696701572784
    ));
#11636 = ADVANCED_FACE('',(#11637),#11647,.T.);
#11637 = FACE_BOUND('',#11638,.T.);
#11638 = EDGE_LOOP('',(#11639,#11640,#11646));
#11639 = ORIENTED_EDGE('',*,*,#11626,.F.);
#11640 = ORIENTED_EDGE('',*,*,#11641,.F.);
#11641 = EDGE_CURVE('',#9843,#11619,#11642,.T.);
#11642 = LINE('',#11643,#11644);
#11643 = CARTESIAN_POINT('',(-10.3499212265,-1.019378304482,0.));
#11644 = VECTOR('',#11645,1.);
#11645 = DIRECTION('',(-0.325043764193,-0.834705123575,0.444537858947));
#11646 = ORIENTED_EDGE('',*,*,#9842,.T.);
#11647 = PLANE('',#11648);
#11648 = AXIS2_PLACEMENT_3D('',#11649,#11650,#11651);
#11649 = CARTESIAN_POINT('',(-10.45624725148,-1.697194816383,
    0.204878444294));
#11650 = DIRECTION('',(-0.699874640405,-0.103816807255,-0.706680662145)
  );
#11651 = DIRECTION('',(-0.710520002442,0.,0.703677004122));
#11652 = ADVANCED_FACE('',(#11653),#11670,.T.);
#11653 = FACE_BOUND('',#11654,.T.);
#11654 = EDGE_LOOP('',(#11655,#11656,#11664));
#11655 = ORIENTED_EDGE('',*,*,#11641,.T.);
#11656 = ORIENTED_EDGE('',*,*,#11657,.T.);
#11657 = EDGE_CURVE('',#11619,#11658,#11660,.T.);
#11658 = VERTEX_POINT('',#11659);
#11659 = CARTESIAN_POINT('',(-10.94703197479,-1.078188538551,
    0.600000023842));
#11660 = LINE('',#11661,#11662);
#11661 = CARTESIAN_POINT('',(-10.78863811492,-2.145993471146,
    0.600000023842));
#11662 = VECTOR('',#11663,1.);
#11663 = DIRECTION('',(-0.146730438823,0.98917651525,0.));
#11664 = ORIENTED_EDGE('',*,*,#11665,.T.);
#11665 = EDGE_CURVE('',#11658,#9843,#11666,.T.);
#11666 = LINE('',#11667,#11668);
#11667 = CARTESIAN_POINT('',(-10.94703197479,-1.078188538551,
    0.600000023842));
#11668 = VECTOR('',#11669,1.);
#11669 = DIRECTION('',(0.703701805482,6.93085294716E-02,-0.707106849567)
  );
#11670 = PLANE('',#11671);
#11671 = AXIS2_PLACEMENT_3D('',#11672,#11673,#11674);
#11672 = CARTESIAN_POINT('',(-10.68810813084,-1.454155370536,
    0.398802025417));
#11673 = DIRECTION('',(-0.699874877806,-0.103816605387,-0.706680456686)
  );
#11674 = DIRECTION('',(-0.710519780813,0.,0.703677227906));
#11675 = ADVANCED_FACE('',(#11676),#11693,.T.);
#11676 = FACE_BOUND('',#11677,.T.);
#11677 = EDGE_LOOP('',(#11678,#11686,#11687));
#11678 = ORIENTED_EDGE('',*,*,#11679,.T.);
#11679 = EDGE_CURVE('',#11680,#9843,#11682,.T.);
#11680 = VERTEX_POINT('',#11681);
#11681 = CARTESIAN_POINT('',(-11.,0.,0.600000023842));
#11682 = LINE('',#11683,#11684);
#11683 = CARTESIAN_POINT('',(-11.,0.,0.600000023842));
#11684 = VECTOR('',#11685,1.);
#11685 = DIRECTION('',(0.48164098507,-0.755253656549,-0.444537822655));
#11686 = ORIENTED_EDGE('',*,*,#11665,.F.);
#11687 = ORIENTED_EDGE('',*,*,#11688,.T.);
#11688 = EDGE_CURVE('',#11658,#11680,#11689,.T.);
#11689 = LINE('',#11690,#11691);
#11690 = CARTESIAN_POINT('',(-10.94703197479,-1.078188538551,
    0.600000023842));
#11691 = VECTOR('',#11692,1.);
#11692 = DIRECTION('',(-4.906769174822E-02,0.998795455349,0.));
#11693 = PLANE('',#11694);
#11694 = AXIS2_PLACEMENT_3D('',#11695,#11696,#11697);
#11695 = CARTESIAN_POINT('',(-10.76643076256,-0.65893226213,
    0.398802026287));
#11696 = DIRECTION('',(-0.706680591833,-3.471700362551E-02,
    -0.706680458755));
#11697 = DIRECTION('',(0.707106714607,0.,-0.707106847766));
#11698 = ADVANCED_FACE('',(#11699),#11709,.T.);
#11699 = FACE_BOUND('',#11700,.T.);
#11700 = EDGE_LOOP('',(#11701,#11702,#11703));
#11701 = ORIENTED_EDGE('',*,*,#9850,.F.);
#11702 = ORIENTED_EDGE('',*,*,#11679,.F.);
#11703 = ORIENTED_EDGE('',*,*,#11704,.T.);
#11704 = EDGE_CURVE('',#11680,#9851,#11705,.T.);
#11705 = LINE('',#11706,#11707);
#11706 = CARTESIAN_POINT('',(-11.,0.,0.600000023842));
#11707 = VECTOR('',#11708,1.);
#11708 = DIRECTION('',(0.707106991921,0.,-0.707106570452));
#11709 = PLANE('',#11710);
#11710 = AXIS2_PLACEMENT_3D('',#11711,#11712,#11713);
#11711 = CARTESIAN_POINT('',(-10.58643962156,-0.375328933375,
    0.204878442325));
#11712 = DIRECTION('',(-0.706680323025,-3.471666416668E-02,
    -0.706680744239));
#11713 = DIRECTION('',(-0.707106991921,3.469446951954E-18,0.707106570452
    ));
#11714 = ADVANCED_FACE('',(#11715),#11725,.T.);
#11715 = FACE_BOUND('',#11716,.T.);
#11716 = EDGE_LOOP('',(#11717,#11718,#11719));
#11717 = ORIENTED_EDGE('',*,*,#9858,.F.);
#11718 = ORIENTED_EDGE('',*,*,#11704,.F.);
#11719 = ORIENTED_EDGE('',*,*,#11720,.T.);
#11720 = EDGE_CURVE('',#11680,#9859,#11721,.T.);
#11721 = LINE('',#11722,#11723);
#11722 = CARTESIAN_POINT('',(-11.,0.,0.600000023842));
#11723 = VECTOR('',#11724,1.);
#11724 = DIRECTION('',(0.48164098507,0.755253656549,-0.444537822655));
#11725 = PLANE('',#11726);
#11726 = AXIS2_PLACEMENT_3D('',#11727,#11728,#11729);
#11727 = CARTESIAN_POINT('',(-10.58643962156,0.375328933375,
    0.204878442325));
#11728 = DIRECTION('',(-0.706680323025,3.471666416668E-02,
    -0.706680744239));
#11729 = DIRECTION('',(-0.707106991921,0.,0.707106570452));
#11730 = ADVANCED_FACE('',(#11731),#11748,.T.);
#11731 = FACE_BOUND('',#11732,.T.);
#11732 = EDGE_LOOP('',(#11733,#11734,#11742));
#11733 = ORIENTED_EDGE('',*,*,#11720,.F.);
#11734 = ORIENTED_EDGE('',*,*,#11735,.T.);
#11735 = EDGE_CURVE('',#11680,#11736,#11738,.T.);
#11736 = VERTEX_POINT('',#11737);
#11737 = CARTESIAN_POINT('',(-10.94703197479,1.078188538551,
    0.600000023842));
#11738 = LINE('',#11739,#11740);
#11739 = CARTESIAN_POINT('',(-11.,0.,0.600000023842));
#11740 = VECTOR('',#11741,1.);
#11741 = DIRECTION('',(4.906769174822E-02,0.998795455349,0.));
#11742 = ORIENTED_EDGE('',*,*,#11743,.T.);
#11743 = EDGE_CURVE('',#11736,#9859,#11744,.T.);
#11744 = LINE('',#11745,#11746);
#11745 = CARTESIAN_POINT('',(-10.94703197479,1.078188538551,
    0.600000023842));
#11746 = VECTOR('',#11747,1.);
#11747 = DIRECTION('',(0.703701805482,-6.93085294716E-02,-0.707106849567
    ));
#11748 = PLANE('',#11749);
#11749 = AXIS2_PLACEMENT_3D('',#11750,#11751,#11752);
#11750 = CARTESIAN_POINT('',(-10.76643076256,0.65893226213,
    0.398802026287));
#11751 = DIRECTION('',(-0.706680591833,3.471700362551E-02,
    -0.706680458755));
#11752 = DIRECTION('',(0.707106714607,0.,-0.707106847766));
#11753 = ADVANCED_FACE('',(#11754),#11771,.T.);
#11754 = FACE_BOUND('',#11755,.T.);
#11755 = EDGE_LOOP('',(#11756,#11764,#11765));
#11756 = ORIENTED_EDGE('',*,*,#11757,.T.);
#11757 = EDGE_CURVE('',#11758,#9859,#11760,.T.);
#11758 = VERTEX_POINT('',#11759);
#11759 = CARTESIAN_POINT('',(-10.78863811492,2.145993471146,
    0.600000023842));
#11760 = LINE('',#11761,#11762);
#11761 = CARTESIAN_POINT('',(-10.78863811492,2.145993471146,
    0.600000023842));
#11762 = VECTOR('',#11763,1.);
#11763 = DIRECTION('',(0.325043764193,-0.834705123575,-0.444537858947));
#11764 = ORIENTED_EDGE('',*,*,#11743,.F.);
#11765 = ORIENTED_EDGE('',*,*,#11766,.T.);
#11766 = EDGE_CURVE('',#11736,#11758,#11767,.T.);
#11767 = LINE('',#11768,#11769);
#11768 = CARTESIAN_POINT('',(-10.94703197479,1.078188538551,
    0.600000023842));
#11769 = VECTOR('',#11770,1.);
#11770 = DIRECTION('',(0.146730438823,0.98917651525,0.));
#11771 = PLANE('',#11772);
#11772 = AXIS2_PLACEMENT_3D('',#11773,#11774,#11775);
#11773 = CARTESIAN_POINT('',(-10.68810813084,1.454155370536,
    0.398802025417));
#11774 = DIRECTION('',(-0.699874877806,0.103816605387,-0.706680456686));
#11775 = DIRECTION('',(-0.710519780813,0.,0.703677227906));
#11776 = ADVANCED_FACE('',(#11777),#11787,.T.);
#11777 = FACE_BOUND('',#11778,.T.);
#11778 = EDGE_LOOP('',(#11779,#11780,#11781));
#11779 = ORIENTED_EDGE('',*,*,#9866,.F.);
#11780 = ORIENTED_EDGE('',*,*,#11757,.F.);
#11781 = ORIENTED_EDGE('',*,*,#11782,.T.);
#11782 = EDGE_CURVE('',#11758,#9867,#11783,.T.);
#11783 = LINE('',#11784,#11785);
#11784 = CARTESIAN_POINT('',(-10.78863811492,2.145993471146,
    0.600000023842));
#11785 = VECTOR('',#11786,1.);
#11786 = DIRECTION('',(0.693520054914,-0.137949694956,-0.707106650438));
#11787 = PLANE('',#11788);
#11788 = AXIS2_PLACEMENT_3D('',#11789,#11790,#11791);
#11789 = CARTESIAN_POINT('',(-10.45624725148,1.697194816383,
    0.204878444294));
#11790 = DIRECTION('',(-0.699874640405,0.103816807255,-0.706680662145));
#11791 = DIRECTION('',(-0.710520002442,6.938893903907E-18,0.703677004122
    ));
#11792 = ADVANCED_FACE('',(#11793),#11810,.T.);
#11793 = FACE_BOUND('',#11794,.T.);
#11794 = EDGE_LOOP('',(#11795,#11796,#11804));
#11795 = ORIENTED_EDGE('',*,*,#11782,.F.);
#11796 = ORIENTED_EDGE('',*,*,#11797,.T.);
#11797 = EDGE_CURVE('',#11758,#11798,#11800,.T.);
#11798 = VERTEX_POINT('',#11799);
#11799 = CARTESIAN_POINT('',(-10.52634334564,3.193131446838,
    0.600000023842));
#11800 = LINE('',#11801,#11802);
#11801 = CARTESIAN_POINT('',(-10.78863811492,2.145993471146,
    0.600000023842));
#11802 = VECTOR('',#11803,1.);
#11803 = DIRECTION('',(0.242980494451,0.970031174405,0.));
#11804 = ORIENTED_EDGE('',*,*,#11805,.T.);
#11805 = EDGE_CURVE('',#11798,#9867,#11806,.T.);
#11806 = LINE('',#11807,#11808);
#11807 = CARTESIAN_POINT('',(-10.52634334564,3.193131446838,
    0.600000023842));
#11808 = VECTOR('',#11809,1.);
#11809 = DIRECTION('',(0.241663072445,-0.862545708329,-0.444537805435));
#11810 = PLANE('',#11811);
#11811 = AXIS2_PLACEMENT_3D('',#11812,#11813,#11814);
#11812 = CARTESIAN_POINT('',(-10.49410960122,2.4947709515,0.398802027453
    ));
#11813 = DIRECTION('',(-0.68632873261,0.17191663444,-0.706680650363));
#11814 = DIRECTION('',(-0.717361079569,0.,0.696701572784));
#11815 = ADVANCED_FACE('',(#11816),#11826,.T.);
#11816 = FACE_BOUND('',#11817,.T.);
#11817 = EDGE_LOOP('',(#11818,#11819,#11820));
#11818 = ORIENTED_EDGE('',*,*,#9874,.F.);
#11819 = ORIENTED_EDGE('',*,*,#11805,.F.);
#11820 = ORIENTED_EDGE('',*,*,#11821,.T.);
#11821 = EDGE_CURVE('',#11798,#9875,#11822,.T.);
#11822 = LINE('',#11823,#11824);
#11823 = CARTESIAN_POINT('',(-10.52634334564,3.193131446838,
    0.600000023842));
#11824 = VECTOR('',#11825,1.);
#11825 = DIRECTION('',(0.676658510754,-0.205262301458,-0.707107238985));
#11826 = PLANE('',#11827);
#11827 = AXIS2_PLACEMENT_3D('',#11828,#11829,#11830);
#11828 = CARTESIAN_POINT('',(-10.23954332701,2.713913737131,
    0.204878420715));
#11829 = DIRECTION('',(-0.68632947819,0.171916117206,-0.706680052083));
#11830 = DIRECTION('',(-0.717360406516,-1.387778780781E-17,
    0.696702265795));
#11831 = ADVANCED_FACE('',(#11832),#11842,.T.);
#11832 = FACE_BOUND('',#11833,.T.);
#11833 = EDGE_LOOP('',(#11834,#11835,#11841));
#11834 = ORIENTED_EDGE('',*,*,#11821,.F.);
#11835 = ORIENTED_EDGE('',*,*,#11836,.T.);
#11836 = EDGE_CURVE('',#11798,#9883,#11837,.T.);
#11837 = LINE('',#11838,#11839);
#11838 = CARTESIAN_POINT('',(-10.52634334564,3.193131446838,
    0.600000023842));
#11839 = VECTOR('',#11840,1.);
#11840 = DIRECTION('',(0.680140213619,0.582919714956,-0.444537845108));
#11841 = ORIENTED_EDGE('',*,*,#9882,.F.);
#11842 = PLANE('',#11843);
#11843 = AXIS2_PLACEMENT_3D('',#11844,#11845,#11846);
#11844 = CARTESIAN_POINT('',(-10.02163879513,3.432248734422,
    0.204878405831));
#11845 = DIRECTION('',(-0.666173589086,0.23836115279,-0.706680062011));
#11846 = DIRECTION('',(-0.727653520823,-1.387778780781E-17,
    0.685944861948));
#11847 = ADVANCED_FACE('',(#11848),#11865,.T.);
#11848 = FACE_BOUND('',#11849,.T.);
#11849 = EDGE_LOOP('',(#11850,#11851,#11859));
#11850 = ORIENTED_EDGE('',*,*,#11836,.F.);
#11851 = ORIENTED_EDGE('',*,*,#11852,.T.);
#11852 = EDGE_CURVE('',#11798,#11853,#11855,.T.);
#11853 = VERTEX_POINT('',#11854);
#11854 = CARTESIAN_POINT('',(-10.16267490387,4.20951795578,
    0.600000023842));
#11855 = LINE('',#11856,#11857);
#11856 = CARTESIAN_POINT('',(-10.52634334564,3.193131446838,
    0.600000023842));
#11857 = VECTOR('',#11858,1.);
#11858 = DIRECTION('',(0.336889470541,0.941544202169,0.));
#11859 = ORIENTED_EDGE('',*,*,#11860,.T.);
#11860 = EDGE_CURVE('',#11853,#9883,#11861,.T.);
#11861 = LINE('',#11862,#11863);
#11862 = CARTESIAN_POINT('',(-10.16267490387,4.20951795578,
    0.600000023842));
#11863 = VECTOR('',#11864,1.);
#11864 = DIRECTION('',(0.653281604889,-0.270598152272,-0.707106628947));
#11865 = PLANE('',#11866);
#11866 = AXIS2_PLACEMENT_3D('',#11867,#11868,#11869);
#11867 = CARTESIAN_POINT('',(-10.11155372175,3.755888826849,
    0.398802024193));
#11868 = DIRECTION('',(-0.666173251248,0.238360295124,-0.706680669772));
#11869 = DIRECTION('',(-0.727653988904,1.387778780781E-17,0.685944365406
    ));
#11870 = ADVANCED_FACE('',(#11871),#11888,.T.);
#11871 = FACE_BOUND('',#11872,.T.);
#11872 = EDGE_LOOP('',(#11873,#11881,#11887));
#11873 = ORIENTED_EDGE('',*,*,#11874,.F.);
#11874 = EDGE_CURVE('',#11875,#9891,#11877,.T.);
#11875 = VERTEX_POINT('',#11876);
#11876 = CARTESIAN_POINT('',(-9.701133728027,5.185364246368,
    0.600000023842));
#11877 = LINE('',#11878,#11879);
#11878 = CARTESIAN_POINT('',(-9.701133728027,5.185364246368,
    0.600000023842));
#11879 = VECTOR('',#11880,1.);
#11880 = DIRECTION('',(0.623612500356,-0.333328112152,-0.707106653235));
#11881 = ORIENTED_EDGE('',*,*,#11882,.T.);
#11882 = EDGE_CURVE('',#11875,#9899,#11883,.T.);
#11883 = LINE('',#11884,#11885);
#11884 = CARTESIAN_POINT('',(-9.701133728027,5.185364246368,
    0.600000023842));
#11885 = VECTOR('',#11886,1.);
#11886 = DIRECTION('',(0.780793710691,0.439029975815,-0.444537806806));
#11887 = ORIENTED_EDGE('',*,*,#9898,.F.);
#11888 = PLANE('',#11889);
#11889 = AXIS2_PLACEMENT_3D('',#11890,#11891,#11892);
#11890 = CARTESIAN_POINT('',(-9.159477154971,5.321423637612,
    0.204878438397));
#11891 = DIRECTION('',(-0.606870956481,0.363744538996,-0.706680658098));
#11892 = DIRECTION('',(-0.758649072301,0.,0.651499489713));
#11893 = ADVANCED_FACE('',(#11894),#11911,.T.);
#11894 = FACE_BOUND('',#11895,.T.);
#11895 = EDGE_LOOP('',(#11896,#11897,#11905));
#11896 = ORIENTED_EDGE('',*,*,#11882,.F.);
#11897 = ORIENTED_EDGE('',*,*,#11898,.T.);
#11898 = EDGE_CURVE('',#11875,#11899,#11901,.T.);
#11899 = VERTEX_POINT('',#11900);
#11900 = CARTESIAN_POINT('',(-9.146165847778,6.111272335052,
    0.600000023842));
#11901 = LINE('',#11902,#11903);
#11902 = CARTESIAN_POINT('',(-9.701133728027,5.185364246368,
    0.600000023842));
#11903 = VECTOR('',#11904,1.);
#11904 = DIRECTION('',(0.514102695929,0.857728638929,0.));
#11905 = ORIENTED_EDGE('',*,*,#11906,.T.);
#11906 = EDGE_CURVE('',#11899,#9899,#11907,.T.);
#11907 = LINE('',#11908,#11909);
#11908 = CARTESIAN_POINT('',(-9.146165847778,6.111272335052,
    0.600000023842));
#11909 = VECTOR('',#11910,1.);
#11910 = DIRECTION('',(0.587938212938,-0.392847263877,-0.70710655847));
#11911 = PLANE('',#11912);
#11912 = AXIS2_PLACEMENT_3D('',#11913,#11914,#11915);
#11913 = CARTESIAN_POINT('',(-9.184525466348,5.656386641765,
    0.398801985888));
#11914 = DIRECTION('',(-0.606870929635,0.363744390529,-0.706680757572));
#11915 = DIRECTION('',(-0.758649131873,-2.775557561563E-17,
    0.651499420344));
#11916 = ADVANCED_FACE('',(#11917),#11934,.T.);
#11917 = FACE_BOUND('',#11918,.T.);
#11918 = EDGE_LOOP('',(#11919,#11920,#11928));
#11919 = ORIENTED_EDGE('',*,*,#11906,.F.);
#11920 = ORIENTED_EDGE('',*,*,#11921,.T.);
#11921 = EDGE_CURVE('',#11899,#11922,#11924,.T.);
#11922 = VERTEX_POINT('',#11923);
#11923 = CARTESIAN_POINT('',(-8.503114700317,6.978326320648,
    0.600000023842));
#11924 = LINE('',#11925,#11926);
#11925 = CARTESIAN_POINT('',(-9.146165847778,6.111272335052,
    0.600000023842));
#11926 = VECTOR('',#11927,1.);
#11927 = DIRECTION('',(0.595699355529,0.80320749363,0.));
#11928 = ORIENTED_EDGE('',*,*,#11929,.T.);
#11929 = EDGE_CURVE('',#11922,#9899,#11930,.T.);
#11930 = LINE('',#11931,#11932);
#11931 = CARTESIAN_POINT('',(-8.503114700317,6.978326320648,
    0.600000023842));
#11932 = VECTOR('',#11933,1.);
#11933 = DIRECTION('',(-0.106814152229,-0.889368849406,-0.444537722348)
  );
#11934 = PLANE('',#11935);
#11935 = AXIS2_PLACEMENT_3D('',#11936,#11937,#11938);
#11936 = CARTESIAN_POINT('',(-8.740585508608,6.320789797988,
    0.398802042283));
#11937 = DIRECTION('',(-0.568295460948,0.421476695028,-0.706680737401));
#11938 = DIRECTION('',(-0.779278962839,0.,0.626677188093));
#11939 = ADVANCED_FACE('',(#11940),#11950,.T.);
#11940 = FACE_BOUND('',#11941,.T.);
#11941 = EDGE_LOOP('',(#11942,#11943,#11944));
#11942 = ORIENTED_EDGE('',*,*,#9906,.F.);
#11943 = ORIENTED_EDGE('',*,*,#11929,.F.);
#11944 = ORIENTED_EDGE('',*,*,#11945,.T.);
#11945 = EDGE_CURVE('',#11922,#9907,#11946,.T.);
#11946 = LINE('',#11947,#11948);
#11947 = CARTESIAN_POINT('',(-8.503114700317,6.978326320648,
    0.600000023842));
#11948 = VECTOR('',#11949,1.);
#11949 = DIRECTION('',(0.546600753028,-0.448584049203,-0.707106758269));
#11950 = PLANE('',#11951);
#11951 = AXIS2_PLACEMENT_3D('',#11952,#11953,#11954);
#11952 = CARTESIAN_POINT('',(-8.421534429684,6.425833044836,
    0.204878449662));
#11953 = DIRECTION('',(-0.568295758872,0.421476630341,-0.706680536399));
#11954 = DIRECTION('',(-0.779278715352,-2.775557561563E-17,
    0.626677495846));
#11955 = ADVANCED_FACE('',(#11956),#11973,.T.);
#11956 = FACE_BOUND('',#11957,.T.);
#11957 = EDGE_LOOP('',(#11958,#11959,#11967));
#11958 = ORIENTED_EDGE('',*,*,#11945,.F.);
#11959 = ORIENTED_EDGE('',*,*,#11960,.F.);
#11960 = EDGE_CURVE('',#11961,#11922,#11963,.T.);
#11961 = VERTEX_POINT('',#11962);
#11962 = CARTESIAN_POINT('',(-7.77817440033,7.77817440033,0.600000023842
    ));
#11963 = LINE('',#11964,#11965);
#11964 = CARTESIAN_POINT('',(-7.77817440033,7.77817440033,0.600000023842
    ));
#11965 = VECTOR('',#11966,1.);
#11966 = DIRECTION('',(-0.671559085717,-0.740951006741,0.));
#11967 = ORIENTED_EDGE('',*,*,#11968,.T.);
#11968 = EDGE_CURVE('',#11961,#9907,#11969,.T.);
#11969 = LINE('',#11970,#11971);
#11970 = CARTESIAN_POINT('',(-7.77817440033,7.77817440033,0.600000023842
    ));
#11971 = VECTOR('',#11972,1.);
#11972 = DIRECTION('',(-0.193473351973,-0.874616573682,-0.444537862412)
  );
#11973 = PLANE('',#11974);
#11974 = AXIS2_PLACEMENT_3D('',#11975,#11976,#11977);
#11975 = CARTESIAN_POINT('',(-8.078951444584,7.147080658852,
    0.398802005378));
#11976 = DIRECTION('',(-0.524247105186,0.47515004831,-0.706680553217));
#11977 = DIRECTION('',(-0.803132980798,-2.775557561563E-17,
    0.595799811309));
#11978 = ADVANCED_FACE('',(#11979),#11989,.T.);
#11979 = FACE_BOUND('',#11980,.T.);
#11980 = EDGE_LOOP('',(#11981,#11982,#11983));
#11981 = ORIENTED_EDGE('',*,*,#9914,.F.);
#11982 = ORIENTED_EDGE('',*,*,#11968,.F.);
#11983 = ORIENTED_EDGE('',*,*,#11984,.T.);
#11984 = EDGE_CURVE('',#11961,#9915,#11985,.T.);
#11985 = LINE('',#11986,#11987);
#11986 = CARTESIAN_POINT('',(-7.77817440033,7.77817440033,0.600000023842
    ));
#11987 = VECTOR('',#11988,1.);
#11988 = DIRECTION('',(0.499999922567,-0.499999922567,-0.707106890693));
#11989 = PLANE('',#11990);
#11990 = AXIS2_PLACEMENT_3D('',#11991,#11992,#11993);
#11991 = CARTESIAN_POINT('',(-7.751140795538,7.220345544063,
    0.20487843399));
#11992 = DIRECTION('',(-0.52424731296,0.475150024176,-0.706680415308));
#11993 = DIRECTION('',(-0.80313281217,-2.775557561563E-17,0.595800038617
    ));
#11994 = ADVANCED_FACE('',(#11995),#12005,.T.);
#11995 = FACE_BOUND('',#11996,.T.);
#11996 = EDGE_LOOP('',(#11997,#11998,#12004));
#11997 = ORIENTED_EDGE('',*,*,#11984,.F.);
#11998 = ORIENTED_EDGE('',*,*,#11999,.T.);
#11999 = EDGE_CURVE('',#11961,#9923,#12000,.T.);
#12000 = LINE('',#12001,#12002);
#12001 = CARTESIAN_POINT('',(-7.77817440033,7.77817440033,0.600000023842
    ));
#12002 = VECTOR('',#12003,1.);
#12003 = DIRECTION('',(0.874616573682,0.193473351973,-0.444537862412));
#12004 = ORIENTED_EDGE('',*,*,#9922,.F.);
#12005 = PLANE('',#12006);
#12006 = AXIS2_PLACEMENT_3D('',#12007,#12008,#12009);
#12007 = CARTESIAN_POINT('',(-7.220345544063,7.751140795538,
    0.20487843399));
#12008 = DIRECTION('',(-0.475150024176,0.52424731296,-0.706680415308));
#12009 = DIRECTION('',(0.,-0.80313281217,-0.595800038617));
#12010 = ADVANCED_FACE('',(#12011),#12028,.T.);
#12011 = FACE_BOUND('',#12012,.T.);
#12012 = EDGE_LOOP('',(#12013,#12014,#12022));
#12013 = ORIENTED_EDGE('',*,*,#11999,.F.);
#12014 = ORIENTED_EDGE('',*,*,#12015,.T.);
#12015 = EDGE_CURVE('',#11961,#12016,#12018,.T.);
#12016 = VERTEX_POINT('',#12017);
#12017 = CARTESIAN_POINT('',(-6.978326320648,8.503114700317,
    0.600000023842));
#12018 = LINE('',#12019,#12020);
#12019 = CARTESIAN_POINT('',(-7.77817440033,7.77817440033,0.600000023842
    ));
#12020 = VECTOR('',#12021,1.);
#12021 = DIRECTION('',(0.740951006741,0.671559085717,0.));
#12022 = ORIENTED_EDGE('',*,*,#12023,.T.);
#12023 = EDGE_CURVE('',#12016,#9923,#12024,.T.);
#12024 = LINE('',#12025,#12026);
#12025 = CARTESIAN_POINT('',(-6.978326320648,8.503114700317,
    0.600000023842));
#12026 = VECTOR('',#12027,1.);
#12027 = DIRECTION('',(0.448584049203,-0.546600753028,-0.707106758269));
#12028 = PLANE('',#12029);
#12029 = AXIS2_PLACEMENT_3D('',#12030,#12031,#12032);
#12030 = CARTESIAN_POINT('',(-7.147080658852,8.078951444584,
    0.398802005378));
#12031 = DIRECTION('',(-0.47515004831,0.524247105186,-0.706680553217));
#12032 = DIRECTION('',(-2.775557561563E-17,-0.803132980798,
    -0.595799811309));
#12033 = ADVANCED_FACE('',(#12034),#12044,.T.);
#12034 = FACE_BOUND('',#12035,.T.);
#12035 = EDGE_LOOP('',(#12036,#12037,#12038));
#12036 = ORIENTED_EDGE('',*,*,#9930,.F.);
#12037 = ORIENTED_EDGE('',*,*,#12023,.F.);
#12038 = ORIENTED_EDGE('',*,*,#12039,.T.);
#12039 = EDGE_CURVE('',#12016,#9931,#12040,.T.);
#12040 = LINE('',#12041,#12042);
#12041 = CARTESIAN_POINT('',(-6.978326320648,8.503114700317,
    0.600000023842));
#12042 = VECTOR('',#12043,1.);
#12043 = DIRECTION('',(0.889368849406,0.106814152229,-0.444537722348));
#12044 = PLANE('',#12045);
#12045 = AXIS2_PLACEMENT_3D('',#12046,#12047,#12048);
#12046 = CARTESIAN_POINT('',(-6.425833044836,8.421534429684,
    0.204878449662));
#12047 = DIRECTION('',(-0.421476630341,0.568295758872,-0.706680536399));
#12048 = DIRECTION('',(2.775557561563E-17,-0.779278715352,
    -0.626677495846));
#12049 = ADVANCED_FACE('',(#12050),#12067,.T.);
#12050 = FACE_BOUND('',#12051,.T.);
#12051 = EDGE_LOOP('',(#12052,#12053,#12061));
#12052 = ORIENTED_EDGE('',*,*,#12039,.F.);
#12053 = ORIENTED_EDGE('',*,*,#12054,.T.);
#12054 = EDGE_CURVE('',#12016,#12055,#12057,.T.);
#12055 = VERTEX_POINT('',#12056);
#12056 = CARTESIAN_POINT('',(-6.111272335052,9.146165847778,
    0.600000023842));
#12057 = LINE('',#12058,#12059);
#12058 = CARTESIAN_POINT('',(-6.978326320648,8.503114700317,
    0.600000023842));
#12059 = VECTOR('',#12060,1.);
#12060 = DIRECTION('',(0.80320749363,0.595699355529,0.));
#12061 = ORIENTED_EDGE('',*,*,#12062,.T.);
#12062 = EDGE_CURVE('',#12055,#9931,#12063,.T.);
#12063 = LINE('',#12064,#12065);
#12064 = CARTESIAN_POINT('',(-6.111272335052,9.146165847778,
    0.600000023842));
#12065 = VECTOR('',#12066,1.);
#12066 = DIRECTION('',(0.392847263877,-0.587938212938,-0.70710655847));
#12067 = PLANE('',#12068);
#12068 = AXIS2_PLACEMENT_3D('',#12069,#12070,#12071);
#12069 = CARTESIAN_POINT('',(-6.320789797988,8.740585508608,
    0.398802042283));
#12070 = DIRECTION('',(-0.421476695028,0.568295460948,-0.706680737401));
#12071 = DIRECTION('',(0.,-0.779278962839,-0.626677188093));
#12072 = ADVANCED_FACE('',(#12073),#12090,.T.);
#12073 = FACE_BOUND('',#12074,.T.);
#12074 = EDGE_LOOP('',(#12075,#12083,#12084));
#12075 = ORIENTED_EDGE('',*,*,#12076,.T.);
#12076 = EDGE_CURVE('',#12077,#9931,#12079,.T.);
#12077 = VERTEX_POINT('',#12078);
#12078 = CARTESIAN_POINT('',(-5.185364246368,9.701133728027,
    0.600000023842));
#12079 = LINE('',#12080,#12081);
#12080 = CARTESIAN_POINT('',(-5.185364246368,9.701133728027,
    0.600000023842));
#12081 = VECTOR('',#12082,1.);
#12082 = DIRECTION('',(-0.439029975815,-0.780793710691,-0.444537806806)
  );
#12083 = ORIENTED_EDGE('',*,*,#12062,.F.);
#12084 = ORIENTED_EDGE('',*,*,#12085,.T.);
#12085 = EDGE_CURVE('',#12055,#12077,#12086,.T.);
#12086 = LINE('',#12087,#12088);
#12087 = CARTESIAN_POINT('',(-6.111272335052,9.146165847778,
    0.600000023842));
#12088 = VECTOR('',#12089,1.);
#12089 = DIRECTION('',(0.857728638929,0.514102695929,0.));
#12090 = PLANE('',#12091);
#12091 = AXIS2_PLACEMENT_3D('',#12092,#12093,#12094);
#12092 = CARTESIAN_POINT('',(-5.656386641765,9.184525466348,
    0.398801985888));
#12093 = DIRECTION('',(-0.363744390529,0.606870929635,-0.706680757572));
#12094 = DIRECTION('',(-2.775557561563E-17,-0.758649131873,
    -0.651499420344));
#12095 = ADVANCED_FACE('',(#12096),#12106,.T.);
#12096 = FACE_BOUND('',#12097,.T.);
#12097 = EDGE_LOOP('',(#12098,#12099,#12100));
#12098 = ORIENTED_EDGE('',*,*,#9938,.F.);
#12099 = ORIENTED_EDGE('',*,*,#12076,.F.);
#12100 = ORIENTED_EDGE('',*,*,#12101,.T.);
#12101 = EDGE_CURVE('',#12077,#9939,#12102,.T.);
#12102 = LINE('',#12103,#12104);
#12103 = CARTESIAN_POINT('',(-5.185364246368,9.701133728027,
    0.600000023842));
#12104 = VECTOR('',#12105,1.);
#12105 = DIRECTION('',(0.333328112152,-0.623612500356,-0.707106653235));
#12106 = PLANE('',#12107);
#12107 = AXIS2_PLACEMENT_3D('',#12108,#12109,#12110);
#12108 = CARTESIAN_POINT('',(-5.321423637612,9.159477154971,
    0.204878438397));
#12109 = DIRECTION('',(-0.363744538996,0.606870956481,-0.706680658098));
#12110 = DIRECTION('',(0.,-0.758649072301,-0.651499489713));
#12111 = ADVANCED_FACE('',(#12112),#12129,.T.);
#12112 = FACE_BOUND('',#12113,.T.);
#12113 = EDGE_LOOP('',(#12114,#12122,#12128));
#12114 = ORIENTED_EDGE('',*,*,#12115,.T.);
#12115 = EDGE_CURVE('',#9961,#12116,#12118,.T.);
#12116 = VERTEX_POINT('',#12117);
#12117 = CARTESIAN_POINT('',(-1.69181406498,8.166628837585,
    1.899999976158));
#12118 = LINE('',#12119,#12120);
#12119 = CARTESIAN_POINT('',(-3.176775455475,8.312885284424,0.));
#12120 = VECTOR('',#12121,1.);
#12121 = DIRECTION('',(0.614665549743,-6.053948599258E-02,0.786461208576
    ));
#12122 = ORIENTED_EDGE('',*,*,#12123,.T.);
#12123 = EDGE_CURVE('',#12116,#9969,#12124,.T.);
#12124 = LINE('',#12125,#12126);
#12125 = CARTESIAN_POINT('',(-1.69181406498,8.166628837585,
    1.899999976158));
#12126 = VECTOR('',#12127,1.);
#12127 = DIRECTION('',(-0.618266173279,-6.866542950211E-02,
    -0.782963599263));
#12128 = ORIENTED_EDGE('',*,*,#9968,.F.);
#12129 = PLANE('',#12130);
#12130 = AXIS2_PLACEMENT_3D('',#12131,#12132,#12133);
#12131 = CARTESIAN_POINT('',(-2.483491420367,8.161062556746,
    0.892278966855));
#12132 = DIRECTION('',(0.785874865079,-3.860759624558E-02,
    -0.617179187877));
#12133 = DIRECTION('',(0.617639669854,3.469446951954E-18,0.786461212154)
  );
#12134 = ADVANCED_FACE('',(#12135),#12152,.T.);
#12135 = FACE_BOUND('',#12136,.T.);
#12136 = EDGE_LOOP('',(#12137,#12145,#12151));
#12137 = ORIENTED_EDGE('',*,*,#12138,.F.);
#12138 = EDGE_CURVE('',#12139,#12116,#12141,.T.);
#12139 = VERTEX_POINT('',#12140);
#12140 = CARTESIAN_POINT('',(-1.700000047684,8.,1.899999976158));
#12141 = LINE('',#12142,#12143);
#12142 = CARTESIAN_POINT('',(-1.700000047684,8.,1.899999976158));
#12143 = VECTOR('',#12144,1.);
#12144 = DIRECTION('',(4.906787065801E-02,0.99879544656,0.));
#12145 = ORIENTED_EDGE('',*,*,#12146,.F.);
#12146 = EDGE_CURVE('',#9969,#12139,#12147,.T.);
#12147 = LINE('',#12148,#12149);
#12148 = CARTESIAN_POINT('',(-3.192146539688,8.,0.));
#12149 = VECTOR('',#12150,1.);
#12150 = DIRECTION('',(0.617639663609,0.,0.786461217058));
#12151 = ORIENTED_EDGE('',*,*,#12123,.F.);
#12152 = PLANE('',#12153);
#12153 = AXIS2_PLACEMENT_3D('',#12154,#12155,#12156);
#12154 = CARTESIAN_POINT('',(-2.419107458072,8.043134281504,
    0.981638217691));
#12155 = DIRECTION('',(0.785874866482,-3.860771135346E-02,-0.61717917889
    ));
#12156 = DIRECTION('',(0.617639663609,0.,0.786461217058));
#12157 = ADVANCED_FACE('',(#12158),#12175,.T.);
#12158 = FACE_BOUND('',#12159,.T.);
#12159 = EDGE_LOOP('',(#12160,#12168,#12174));
#12160 = ORIENTED_EDGE('',*,*,#12161,.T.);
#12161 = EDGE_CURVE('',#9977,#12162,#12164,.T.);
#12162 = VERTEX_POINT('',#12163);
#12163 = CARTESIAN_POINT('',(-1.69181406498,7.833370685577,
    1.899999976158));
#12164 = LINE('',#12165,#12166);
#12165 = CARTESIAN_POINT('',(-3.176775455475,7.687114715576,0.));
#12166 = VECTOR('',#12167,1.);
#12167 = DIRECTION('',(0.614665557088,6.053928934021E-02,0.786461217973)
  );
#12168 = ORIENTED_EDGE('',*,*,#12169,.T.);
#12169 = EDGE_CURVE('',#12162,#9985,#12170,.T.);
#12170 = LINE('',#12171,#12172);
#12171 = CARTESIAN_POINT('',(-1.69181406498,7.833370685577,
    1.899999976158));
#12172 = VECTOR('',#12173,1.);
#12173 = DIRECTION('',(-0.592990419747,-0.187963858976,-0.782963568633)
  );
#12174 = ORIENTED_EDGE('',*,*,#9984,.F.);
#12175 = PLANE('',#12176);
#12176 = AXIS2_PLACEMENT_3D('',#12177,#12178,#12179);
#12177 = CARTESIAN_POINT('',(-2.46719358275,7.673462584127,
    0.892279033928));
#12178 = DIRECTION('',(0.778306519477,0.11545045318,-0.617179191645));
#12179 = DIRECTION('',(0.621333902298,1.387778780781E-17,0.783545902838)
  );
#12180 = ADVANCED_FACE('',(#12181),#12196,.T.);
#12181 = FACE_BOUND('',#12182,.T.);
#12182 = EDGE_LOOP('',(#12183,#12189,#12195));
#12183 = ORIENTED_EDGE('',*,*,#12184,.F.);
#12184 = EDGE_CURVE('',#587,#12162,#12185,.T.);
#12185 = LINE('',#12186,#12187);
#12186 = CARTESIAN_POINT('',(-1.667335033417,7.668346405029,
    1.899999976158));
#12187 = VECTOR('',#12188,1.);
#12188 = DIRECTION('',(-0.146730427182,0.989176516977,0.));
#12189 = ORIENTED_EDGE('',*,*,#12190,.F.);
#12190 = EDGE_CURVE('',#9985,#587,#12191,.T.);
#12191 = LINE('',#12192,#12193);
#12192 = CARTESIAN_POINT('',(-3.130810499191,7.377243041992,0.));
#12193 = VECTOR('',#12194,1.);
#12194 = DIRECTION('',(0.605771929314,0.120495525877,0.786461186518));
#12195 = ORIENTED_EDGE('',*,*,#12169,.F.);
#12196 = PLANE('',#12197);
#12197 = AXIS2_PLACEMENT_3D('',#12198,#12199,#12200);
#12198 = CARTESIAN_POINT('',(-2.381040140066,7.570361013975,
    0.981638247448));
#12199 = DIRECTION('',(0.778306442541,0.115450816748,-0.617179220657));
#12200 = DIRECTION('',(0.621333957938,-6.938893903907E-18,0.783545858718
    ));
#12201 = ADVANCED_FACE('',(#12202),#12223,.T.);
#12202 = FACE_BOUND('',#12203,.T.);
#12203 = EDGE_LOOP('',(#12204,#12210,#12216,#12222));
#12204 = ORIENTED_EDGE('',*,*,#12205,.T.);
#12205 = EDGE_CURVE('',#4778,#11361,#12206,.T.);
#12206 = LINE('',#12207,#12208);
#12207 = CARTESIAN_POINT('',(-5.185364246368,-9.701133728027,3.));
#12208 = VECTOR('',#12209,1.);
#12209 = DIRECTION('',(0.,0.,-1.));
#12210 = ORIENTED_EDGE('',*,*,#12211,.F.);
#12211 = EDGE_CURVE('',#7241,#11361,#12212,.T.);
#12212 = LINE('',#12213,#12214);
#12213 = CARTESIAN_POINT('',(-4.20951795578,-10.16267490387,
    0.600000023842));
#12214 = VECTOR('',#12215,1.);
#12215 = DIRECTION('',(-0.903989202284,0.427555285494,0.));
#12216 = ORIENTED_EDGE('',*,*,#12217,.T.);
#12217 = EDGE_CURVE('',#7241,#4786,#12218,.T.);
#12218 = LINE('',#12219,#12220);
#12219 = CARTESIAN_POINT('',(-4.20951795578,-10.16267490387,
    0.600000023842));
#12220 = VECTOR('',#12221,1.);
#12221 = DIRECTION('',(0.,0.,1.));
#12222 = ORIENTED_EDGE('',*,*,#4785,.T.);
#12223 = PLANE('',#12224);
#12224 = AXIS2_PLACEMENT_3D('',#12225,#12226,#12227);
#12225 = CARTESIAN_POINT('',(-4.697441101074,-9.931904315948,
    1.800000011921));
#12226 = DIRECTION('',(-0.427555285494,-0.903989202284,-0.));
#12227 = DIRECTION('',(-0.903989202284,0.427555285494,0.));
#12228 = ADVANCED_FACE('',(#12229),#12235,.T.);
#12229 = FACE_BOUND('',#12230,.T.);
#12230 = EDGE_LOOP('',(#12231,#12232,#12233,#12234));
#12231 = ORIENTED_EDGE('',*,*,#12211,.T.);
#12232 = ORIENTED_EDGE('',*,*,#11541,.F.);
#12233 = ORIENTED_EDGE('',*,*,#9762,.F.);
#12234 = ORIENTED_EDGE('',*,*,#7248,.T.);
#12235 = PLANE('',#12236);
#12236 = AXIS2_PLACEMENT_3D('',#12237,#12238,#12239);
#12237 = CARTESIAN_POINT('',(-4.571315559819,-9.665234418817,
    0.304652029659));
#12238 = DIRECTION('',(-0.302509308946,-0.639601874656,-0.70668066334));
#12239 = DIRECTION('',(2.775557561563E-17,-0.74141877965,0.671042616517)
  );
#12240 = ADVANCED_FACE('',(#12241),#12257,.T.);
#12241 = FACE_BOUND('',#12242,.T.);
#12242 = EDGE_LOOP('',(#12243,#12244,#12250,#12251));
#12243 = ORIENTED_EDGE('',*,*,#11384,.T.);
#12244 = ORIENTED_EDGE('',*,*,#12245,.T.);
#12245 = EDGE_CURVE('',#11317,#4762,#12246,.T.);
#12246 = LINE('',#12247,#12248);
#12247 = CARTESIAN_POINT('',(-6.978326320648,-8.503114700317,
    0.600000023842));
#12248 = VECTOR('',#12249,1.);
#12249 = DIRECTION('',(0.,0.,1.));
#12250 = ORIENTED_EDGE('',*,*,#4761,.T.);
#12251 = ORIENTED_EDGE('',*,*,#12252,.F.);
#12252 = EDGE_CURVE('',#11385,#4754,#12253,.T.);
#12253 = LINE('',#12254,#12255);
#12254 = CARTESIAN_POINT('',(-7.77817440033,-7.77817440033,
    0.600000023842));
#12255 = VECTOR('',#12256,1.);
#12256 = DIRECTION('',(0.,0.,1.));
#12257 = PLANE('',#12258);
#12258 = AXIS2_PLACEMENT_3D('',#12259,#12260,#12261);
#12259 = CARTESIAN_POINT('',(-7.378250360489,-8.140644550323,
    1.800000011921));
#12260 = DIRECTION('',(-0.671559085717,-0.740951006741,-0.));
#12261 = DIRECTION('',(-0.740951006741,0.671559085717,0.));
#12262 = ADVANCED_FACE('',(#12263),#12274,.T.);
#12263 = FACE_BOUND('',#12264,.T.);
#12264 = EDGE_LOOP('',(#12265,#12266,#12267,#12273));
#12265 = ORIENTED_EDGE('',*,*,#12245,.F.);
#12266 = ORIENTED_EDGE('',*,*,#11314,.F.);
#12267 = ORIENTED_EDGE('',*,*,#12268,.T.);
#12268 = EDGE_CURVE('',#11315,#4770,#12269,.T.);
#12269 = LINE('',#12270,#12271);
#12270 = CARTESIAN_POINT('',(-6.111272335052,-9.146165847778,
    0.600000023842));
#12271 = VECTOR('',#12272,1.);
#12272 = DIRECTION('',(0.,0.,1.));
#12273 = ORIENTED_EDGE('',*,*,#4769,.T.);
#12274 = PLANE('',#12275);
#12275 = AXIS2_PLACEMENT_3D('',#12276,#12277,#12278);
#12276 = CARTESIAN_POINT('',(-6.54479932785,-8.824640274048,
    1.800000011921));
#12277 = DIRECTION('',(-0.595699355529,-0.80320749363,-0.));
#12278 = DIRECTION('',(-0.80320749363,0.595699355529,0.));
#12279 = ADVANCED_FACE('',(#12280),#12286,.T.);
#12280 = FACE_BOUND('',#12281,.T.);
#12281 = EDGE_LOOP('',(#12282,#12283,#12284,#12285));
#12282 = ORIENTED_EDGE('',*,*,#12268,.F.);
#12283 = ORIENTED_EDGE('',*,*,#11360,.F.);
#12284 = ORIENTED_EDGE('',*,*,#12205,.F.);
#12285 = ORIENTED_EDGE('',*,*,#4777,.T.);
#12286 = PLANE('',#12287);
#12287 = AXIS2_PLACEMENT_3D('',#12288,#12289,#12290);
#12288 = CARTESIAN_POINT('',(-5.64831829071,-9.423649787903,
    1.800000011921));
#12289 = DIRECTION('',(-0.514102695929,-0.857728638929,-0.));
#12290 = DIRECTION('',(-0.857728638929,0.514102695929,0.));
#12291 = ADVANCED_FACE('',(#12292),#12308,.T.);
#12292 = FACE_BOUND('',#12293,.T.);
#12293 = EDGE_LOOP('',(#12294,#12295,#12301,#12302));
#12294 = ORIENTED_EDGE('',*,*,#11430,.F.);
#12295 = ORIENTED_EDGE('',*,*,#12296,.T.);
#12296 = EDGE_CURVE('',#11423,#4738,#12297,.T.);
#12297 = LINE('',#12298,#12299);
#12298 = CARTESIAN_POINT('',(-9.146165847778,-6.111272335052,
    0.600000023842));
#12299 = VECTOR('',#12300,1.);
#12300 = DIRECTION('',(0.,0.,1.));
#12301 = ORIENTED_EDGE('',*,*,#4737,.T.);
#12302 = ORIENTED_EDGE('',*,*,#12303,.F.);
#12303 = EDGE_CURVE('',#11431,#4730,#12304,.T.);
#12304 = LINE('',#12305,#12306);
#12305 = CARTESIAN_POINT('',(-9.701133728027,-5.185364246368,
    0.600000023842));
#12306 = VECTOR('',#12307,1.);
#12307 = DIRECTION('',(0.,0.,1.));
#12308 = PLANE('',#12309);
#12309 = AXIS2_PLACEMENT_3D('',#12310,#12311,#12312);
#12310 = CARTESIAN_POINT('',(-9.423649787903,-5.64831829071,
    1.800000011921));
#12311 = DIRECTION('',(-0.857728638929,-0.514102695929,-0.));
#12312 = DIRECTION('',(0.514102695929,-0.857728638929,0.));
#12313 = ADVANCED_FACE('',(#12314),#12325,.T.);
#12314 = FACE_BOUND('',#12315,.T.);
#12315 = EDGE_LOOP('',(#12316,#12317,#12323,#12324));
#12316 = ORIENTED_EDGE('',*,*,#11460,.F.);
#12317 = ORIENTED_EDGE('',*,*,#12318,.F.);
#12318 = EDGE_CURVE('',#4746,#11453,#12319,.T.);
#12319 = LINE('',#12320,#12321);
#12320 = CARTESIAN_POINT('',(-8.503114700317,-6.978326320648,3.));
#12321 = VECTOR('',#12322,1.);
#12322 = DIRECTION('',(0.,0.,-1.));
#12323 = ORIENTED_EDGE('',*,*,#4745,.T.);
#12324 = ORIENTED_EDGE('',*,*,#12296,.F.);
#12325 = PLANE('',#12326);
#12326 = AXIS2_PLACEMENT_3D('',#12327,#12328,#12329);
#12327 = CARTESIAN_POINT('',(-8.824640274048,-6.54479932785,
    1.800000011921));
#12328 = DIRECTION('',(-0.80320749363,-0.595699355529,-0.));
#12329 = DIRECTION('',(0.595699355529,-0.80320749363,0.));
#12330 = ADVANCED_FACE('',(#12331),#12337,.T.);
#12331 = FACE_BOUND('',#12332,.T.);
#12332 = EDGE_LOOP('',(#12333,#12334,#12335,#12336));
#12333 = ORIENTED_EDGE('',*,*,#12318,.T.);
#12334 = ORIENTED_EDGE('',*,*,#11491,.F.);
#12335 = ORIENTED_EDGE('',*,*,#12252,.T.);
#12336 = ORIENTED_EDGE('',*,*,#4753,.T.);
#12337 = PLANE('',#12338);
#12338 = AXIS2_PLACEMENT_3D('',#12339,#12340,#12341);
#12339 = CARTESIAN_POINT('',(-8.140644550323,-7.378250360489,
    1.800000011921));
#12340 = DIRECTION('',(-0.740951006741,-0.671559085717,-0.));
#12341 = DIRECTION('',(0.671559085717,-0.740951006741,0.));
#12342 = ADVANCED_FACE('',(#12343),#12354,.T.);
#12343 = FACE_BOUND('',#12344,.T.);
#12344 = EDGE_LOOP('',(#12345,#12346,#12352,#12353));
#12345 = ORIENTED_EDGE('',*,*,#11525,.F.);
#12346 = ORIENTED_EDGE('',*,*,#12347,.T.);
#12347 = EDGE_CURVE('',#11431,#11556,#12348,.T.);
#12348 = LINE('',#12349,#12350);
#12349 = CARTESIAN_POINT('',(-9.701133728027,-5.185364246368,
    0.600000023842));
#12350 = VECTOR('',#12351,1.);
#12351 = DIRECTION('',(-0.427555285494,0.903989202284,0.));
#12352 = ORIENTED_EDGE('',*,*,#11555,.T.);
#12353 = ORIENTED_EDGE('',*,*,#9818,.T.);
#12354 = PLANE('',#12355);
#12355 = AXIS2_PLACEMENT_3D('',#12356,#12357,#12358);
#12356 = CARTESIAN_POINT('',(-9.665234418817,-4.571315559819,
    0.304652029659));
#12357 = DIRECTION('',(-0.639601874656,-0.302509308946,-0.70668066334));
#12358 = DIRECTION('',(-0.74141877965,2.775557561563E-17,0.671042616517)
  );
#12359 = ADVANCED_FACE('',(#12360),#12371,.T.);
#12360 = FACE_BOUND('',#12361,.T.);
#12361 = EDGE_LOOP('',(#12362,#12363,#12364,#12365));
#12362 = ORIENTED_EDGE('',*,*,#12347,.F.);
#12363 = ORIENTED_EDGE('',*,*,#12303,.T.);
#12364 = ORIENTED_EDGE('',*,*,#4729,.T.);
#12365 = ORIENTED_EDGE('',*,*,#12366,.T.);
#12366 = EDGE_CURVE('',#4722,#11556,#12367,.T.);
#12367 = LINE('',#12368,#12369);
#12368 = CARTESIAN_POINT('',(-10.16267490387,-4.20951795578,3.));
#12369 = VECTOR('',#12370,1.);
#12370 = DIRECTION('',(0.,0.,-1.));
#12371 = PLANE('',#12372);
#12372 = AXIS2_PLACEMENT_3D('',#12373,#12374,#12375);
#12373 = CARTESIAN_POINT('',(-9.931904315948,-4.697441101074,
    1.800000011921));
#12374 = DIRECTION('',(-0.903989202284,-0.427555285494,-0.));
#12375 = DIRECTION('',(0.427555285494,-0.903989202284,0.));
#12376 = ADVANCED_FACE('',(#12377),#12388,.T.);
#12377 = FACE_BOUND('',#12378,.T.);
#12378 = EDGE_LOOP('',(#12379,#12380,#12381,#12382));
#12379 = ORIENTED_EDGE('',*,*,#11563,.F.);
#12380 = ORIENTED_EDGE('',*,*,#12366,.F.);
#12381 = ORIENTED_EDGE('',*,*,#4721,.T.);
#12382 = ORIENTED_EDGE('',*,*,#12383,.T.);
#12383 = EDGE_CURVE('',#4714,#11564,#12384,.T.);
#12384 = LINE('',#12385,#12386);
#12385 = CARTESIAN_POINT('',(-10.52634334564,-3.193131446838,3.));
#12386 = VECTOR('',#12387,1.);
#12387 = DIRECTION('',(0.,0.,-1.));
#12388 = PLANE('',#12389);
#12389 = AXIS2_PLACEMENT_3D('',#12390,#12391,#12392);
#12390 = CARTESIAN_POINT('',(-10.34450912475,-3.701324701309,
    1.800000011921));
#12391 = DIRECTION('',(-0.941544202169,-0.336889470541,-0.));
#12392 = DIRECTION('',(0.336889470541,-0.941544202169,0.));
#12393 = ADVANCED_FACE('',(#12394),#12405,.T.);
#12394 = FACE_BOUND('',#12395,.T.);
#12395 = EDGE_LOOP('',(#12396,#12397,#12398,#12399));
#12396 = ORIENTED_EDGE('',*,*,#11618,.T.);
#12397 = ORIENTED_EDGE('',*,*,#12383,.F.);
#12398 = ORIENTED_EDGE('',*,*,#4713,.T.);
#12399 = ORIENTED_EDGE('',*,*,#12400,.T.);
#12400 = EDGE_CURVE('',#4706,#11619,#12401,.T.);
#12401 = LINE('',#12402,#12403);
#12402 = CARTESIAN_POINT('',(-10.78863811492,-2.145993471146,3.));
#12403 = VECTOR('',#12404,1.);
#12404 = DIRECTION('',(0.,0.,-1.));
#12405 = PLANE('',#12406);
#12406 = AXIS2_PLACEMENT_3D('',#12407,#12408,#12409);
#12407 = CARTESIAN_POINT('',(-10.65749073028,-2.669562458992,
    1.800000011921));
#12408 = DIRECTION('',(-0.970031174405,-0.242980494451,-0.));
#12409 = DIRECTION('',(0.242980494451,-0.970031174405,0.));
#12410 = ADVANCED_FACE('',(#12411),#12422,.T.);
#12411 = FACE_BOUND('',#12412,.T.);
#12412 = EDGE_LOOP('',(#12413,#12414,#12415,#12416));
#12413 = ORIENTED_EDGE('',*,*,#11657,.F.);
#12414 = ORIENTED_EDGE('',*,*,#12400,.F.);
#12415 = ORIENTED_EDGE('',*,*,#4705,.T.);
#12416 = ORIENTED_EDGE('',*,*,#12417,.T.);
#12417 = EDGE_CURVE('',#4698,#11658,#12418,.T.);
#12418 = LINE('',#12419,#12420);
#12419 = CARTESIAN_POINT('',(-10.94703197479,-1.078188538551,3.));
#12420 = VECTOR('',#12421,1.);
#12421 = DIRECTION('',(0.,0.,-1.));
#12422 = PLANE('',#12423);
#12423 = AXIS2_PLACEMENT_3D('',#12424,#12425,#12426);
#12424 = CARTESIAN_POINT('',(-10.86783504486,-1.612091004848,
    1.800000011921));
#12425 = DIRECTION('',(-0.98917651525,-0.146730438823,-0.));
#12426 = DIRECTION('',(0.146730438823,-0.98917651525,0.));
#12427 = ADVANCED_FACE('',(#12428),#12439,.T.);
#12428 = FACE_BOUND('',#12429,.T.);
#12429 = EDGE_LOOP('',(#12430,#12431,#12432,#12438));
#12430 = ORIENTED_EDGE('',*,*,#12417,.F.);
#12431 = ORIENTED_EDGE('',*,*,#4697,.T.);
#12432 = ORIENTED_EDGE('',*,*,#12433,.T.);
#12433 = EDGE_CURVE('',#4690,#11680,#12434,.T.);
#12434 = LINE('',#12435,#12436);
#12435 = CARTESIAN_POINT('',(-11.,0.,3.));
#12436 = VECTOR('',#12437,1.);
#12437 = DIRECTION('',(0.,0.,-1.));
#12438 = ORIENTED_EDGE('',*,*,#11688,.F.);
#12439 = PLANE('',#12440);
#12440 = AXIS2_PLACEMENT_3D('',#12441,#12442,#12443);
#12441 = CARTESIAN_POINT('',(-10.97351598739,-0.539094269276,
    1.800000011921));
#12442 = DIRECTION('',(-0.998795455349,-4.906769174822E-02,-0.));
#12443 = DIRECTION('',(4.906769174822E-02,-0.998795455349,0.));
#12444 = ADVANCED_FACE('',(#12445),#12470,.T.);
#12445 = FACE_BOUND('',#12446,.T.);
#12446 = EDGE_LOOP('',(#12447,#12448,#12456,#12464));
#12447 = ORIENTED_EDGE('',*,*,#4977,.T.);
#12448 = ORIENTED_EDGE('',*,*,#12449,.T.);
#12449 = EDGE_CURVE('',#4980,#12450,#12452,.T.);
#12450 = VERTEX_POINT('',#12451);
#12451 = CARTESIAN_POINT('',(3.884377479553,3.187826156616,
    18.299999237061));
#12452 = LINE('',#12453,#12454);
#12453 = CARTESIAN_POINT('',(3.884377479553,3.187826156616,3.));
#12454 = VECTOR('',#12455,1.);
#12455 = DIRECTION('',(0.,0.,1.));
#12456 = ORIENTED_EDGE('',*,*,#12457,.T.);
#12457 = EDGE_CURVE('',#12450,#12458,#12460,.T.);
#12458 = VERTEX_POINT('',#12459);
#12459 = CARTESIAN_POINT('',(4.178134918213,2.79174041748,
    18.299999237061));
#12460 = LINE('',#12461,#12462);
#12461 = CARTESIAN_POINT('',(3.884377479553,3.187826156616,
    18.299999237061));
#12462 = VECTOR('',#12463,1.);
#12463 = DIRECTION('',(0.595699610441,-0.803207304574,0.));
#12464 = ORIENTED_EDGE('',*,*,#12465,.F.);
#12465 = EDGE_CURVE('',#4978,#12458,#12466,.T.);
#12466 = LINE('',#12467,#12468);
#12467 = CARTESIAN_POINT('',(4.178134918213,2.79174041748,3.));
#12468 = VECTOR('',#12469,1.);
#12469 = DIRECTION('',(0.,0.,1.));
#12470 = PLANE('',#12471);
#12471 = AXIS2_PLACEMENT_3D('',#12472,#12473,#12474);
#12472 = CARTESIAN_POINT('',(4.031256198883,2.989783287048,
    10.64999961853));
#12473 = DIRECTION('',(0.803207304574,0.595699610441,0.));
#12474 = DIRECTION('',(-0.595699610441,0.803207304574,0.));
#12475 = ADVANCED_FACE('',(#12476),#12502,.T.);
#12476 = FACE_BOUND('',#12477,.T.);
#12477 = EDGE_LOOP('',(#12478,#12488,#12496));
#12478 = ORIENTED_EDGE('',*,*,#12479,.T.);
#12479 = EDGE_CURVE('',#12480,#12482,#12484,.T.);
#12480 = VERTEX_POINT('',#12481);
#12481 = CARTESIAN_POINT('',(1.693374156952,-4.088166713715,
    18.889999389648));
#12482 = VERTEX_POINT('',#12483);
#12483 = CARTESIAN_POINT('',(1.455777645111,-4.799055576324,
    18.299999237061));
#12484 = LINE('',#12485,#12486);
#12485 = CARTESIAN_POINT('',(1.693374156952,-4.088166713715,
    18.889999389648));
#12486 = VECTOR('',#12487,1.);
#12487 = DIRECTION('',(-0.24908041853,-0.745248716218,-0.618517013574));
#12488 = ORIENTED_EDGE('',*,*,#12489,.F.);
#12489 = EDGE_CURVE('',#12490,#12482,#12492,.T.);
#12490 = VERTEX_POINT('',#12491);
#12491 = CARTESIAN_POINT('',(1.919157385826,-4.633255958557,
    18.299999237061));
#12492 = LINE('',#12493,#12494);
#12493 = CARTESIAN_POINT('',(1.919157385826,-4.633255958557,
    18.299999237061));
#12494 = VECTOR('',#12495,1.);
#12495 = DIRECTION('',(-0.941544261503,-0.336889304714,0.));
#12496 = ORIENTED_EDGE('',*,*,#12497,.T.);
#12497 = EDGE_CURVE('',#12490,#12480,#12498,.T.);
#12498 = LINE('',#12499,#12500);
#12499 = CARTESIAN_POINT('',(1.919157385826,-4.633255958557,
    18.299999237061));
#12500 = VECTOR('',#12501,1.);
#12501 = DIRECTION('',(-0.270597951342,0.653281617455,0.70710669423));
#12502 = PLANE('',#12503);
#12503 = AXIS2_PLACEMENT_3D('',#12504,#12505,#12506);
#12504 = CARTESIAN_POINT('',(1.683712485325,-4.472097881925,
    18.531334168686));
#12505 = DIRECTION('',(0.238360199231,-0.666173353135,0.70668060607));
#12506 = DIRECTION('',(0.,0.727653905677,0.685944453694));
#12507 = ADVANCED_FACE('',(#12508),#12525,.T.);
#12508 = FACE_BOUND('',#12509,.T.);
#12509 = EDGE_LOOP('',(#12510,#12518,#12524));
#12510 = ORIENTED_EDGE('',*,*,#12511,.T.);
#12511 = EDGE_CURVE('',#12480,#12512,#12514,.T.);
#12512 = VERTEX_POINT('',#12513);
#12513 = CARTESIAN_POINT('',(1.284509658813,-4.234460830688,
    18.889999389648));
#12514 = LINE('',#12515,#12516);
#12515 = CARTESIAN_POINT('',(1.693374156952,-4.088166713715,
    18.889999389648));
#12516 = VECTOR('',#12517,1.);
#12517 = DIRECTION('',(-0.941544021139,-0.336889976488,0.));
#12518 = ORIENTED_EDGE('',*,*,#12519,.F.);
#12519 = EDGE_CURVE('',#12482,#12512,#12520,.T.);
#12520 = LINE('',#12521,#12522);
#12521 = CARTESIAN_POINT('',(1.455777645111,-4.799055576324,
    18.299999237061));
#12522 = VECTOR('',#12523,1.);
#12523 = DIRECTION('',(-0.20526227662,0.676658874564,0.707106898051));
#12524 = ORIENTED_EDGE('',*,*,#12479,.F.);
#12525 = PLANE('',#12526);
#12526 = AXIS2_PLACEMENT_3D('',#12527,#12528,#12529);
#12527 = CARTESIAN_POINT('',(1.481095987601,-4.415915476413,
    18.652637897783));
#12528 = DIRECTION('',(0.238360741291,-0.666173369645,0.706680407672));
#12529 = DIRECTION('',(0.,0.727653801071,0.68594456466));
#12530 = ADVANCED_FACE('',(#12531),#12548,.T.);
#12531 = FACE_BOUND('',#12532,.T.);
#12532 = EDGE_LOOP('',(#12533,#12534,#12542));
#12533 = ORIENTED_EDGE('',*,*,#12497,.F.);
#12534 = ORIENTED_EDGE('',*,*,#12535,.T.);
#12535 = EDGE_CURVE('',#12490,#12536,#12538,.T.);
#12536 = VERTEX_POINT('',#12537);
#12537 = CARTESIAN_POINT('',(2.085930585861,-3.902501583099,
    18.889999389648));
#12538 = LINE('',#12539,#12540);
#12539 = CARTESIAN_POINT('',(1.919157385826,-4.633255958557,
    18.299999237061));
#12540 = VECTOR('',#12541,1.);
#12541 = DIRECTION('',(0.174833940246,0.766074326009,0.618516952369));
#12542 = ORIENTED_EDGE('',*,*,#12543,.T.);
#12543 = EDGE_CURVE('',#12536,#12480,#12544,.T.);
#12544 = LINE('',#12545,#12546);
#12545 = CARTESIAN_POINT('',(2.085930585861,-3.902501583099,
    18.889999389648));
#12546 = VECTOR('',#12547,1.);
#12547 = DIRECTION('',(-0.903989500336,-0.427554655317,0.));
#12548 = PLANE('',#12549);
#12549 = AXIS2_PLACEMENT_3D('',#12550,#12551,#12552);
#12550 = CARTESIAN_POINT('',(1.906799538394,-4.249479031215,
    18.652637882224));
#12551 = DIRECTION('',(0.302508894581,-0.639602121176,0.706680617597));
#12552 = DIRECTION('',(0.,0.741418629361,0.671042782568));
#12553 = ADVANCED_FACE('',(#12554),#12571,.T.);
#12554 = FACE_BOUND('',#12555,.T.);
#12555 = EDGE_LOOP('',(#12556,#12557,#12565));
#12556 = ORIENTED_EDGE('',*,*,#12535,.F.);
#12557 = ORIENTED_EDGE('',*,*,#12558,.F.);
#12558 = EDGE_CURVE('',#12559,#12490,#12561,.T.);
#12559 = VERTEX_POINT('',#12560);
#12560 = CARTESIAN_POINT('',(2.364054679871,-4.422835350037,
    18.299999237061));
#12561 = LINE('',#12562,#12563);
#12562 = CARTESIAN_POINT('',(2.364054679871,-4.422835350037,
    18.299999237061));
#12563 = VECTOR('',#12564,1.);
#12564 = DIRECTION('',(-0.903989403426,-0.427554860215,0.));
#12565 = ORIENTED_EDGE('',*,*,#12566,.T.);
#12566 = EDGE_CURVE('',#12559,#12536,#12567,.T.);
#12567 = LINE('',#12568,#12569);
#12568 = CARTESIAN_POINT('',(2.364054679871,-4.422835350037,
    18.299999237061));
#12569 = VECTOR('',#12570,1.);
#12570 = DIRECTION('',(-0.333327751628,0.62361258289,0.707106750397));
#12571 = PLANE('',#12572);
#12572 = AXIS2_PLACEMENT_3D('',#12573,#12574,#12575);
#12573 = CARTESIAN_POINT('',(2.113947238861,-4.285531050194,
    18.531334155312));
#12574 = DIRECTION('',(0.302509066468,-0.639602109517,0.706680554569));
#12575 = DIRECTION('',(0.,0.741418605671,0.671042808743));
#12576 = ADVANCED_FACE('',(#12577),#12594,.T.);
#12577 = FACE_BOUND('',#12578,.T.);
#12578 = EDGE_LOOP('',(#12579,#12580,#12588));
#12579 = ORIENTED_EDGE('',*,*,#12566,.F.);
#12580 = ORIENTED_EDGE('',*,*,#12581,.T.);
#12581 = EDGE_CURVE('',#12559,#12582,#12584,.T.);
#12582 = VERTEX_POINT('',#12583);
#12583 = CARTESIAN_POINT('',(2.458398342133,-3.679253101349,
    18.889999389648));
#12584 = LINE('',#12585,#12586);
#12585 = CARTESIAN_POINT('',(2.364054679871,-4.422835350037,
    18.299999237061));
#12586 = VECTOR('',#12587,1.);
#12587 = DIRECTION('',(9.890362443172E-02,0.779522203135,0.618516942285)
  );
#12588 = ORIENTED_EDGE('',*,*,#12589,.T.);
#12589 = EDGE_CURVE('',#12582,#12536,#12590,.T.);
#12590 = LINE('',#12591,#12592);
#12591 = CARTESIAN_POINT('',(2.458398342133,-3.679253101349,
    18.889999389648));
#12592 = VECTOR('',#12593,1.);
#12593 = DIRECTION('',(-0.857728711443,-0.514102574946,0.));
#12594 = PLANE('',#12595);
#12595 = AXIS2_PLACEMENT_3D('',#12596,#12597,#12598);
#12596 = CARTESIAN_POINT('',(2.314139621449,-4.042117708457,
    18.652637886425));
#12597 = DIRECTION('',(0.363744407742,-0.606871152473,0.706680557347));
#12598 = DIRECTION('',(0.,0.758648922398,0.65149966427));
#12599 = ADVANCED_FACE('',(#12600),#12617,.T.);
#12600 = FACE_BOUND('',#12601,.T.);
#12601 = EDGE_LOOP('',(#12602,#12603,#12611));
#12602 = ORIENTED_EDGE('',*,*,#12581,.F.);
#12603 = ORIENTED_EDGE('',*,*,#12604,.F.);
#12604 = EDGE_CURVE('',#12605,#12559,#12607,.T.);
#12605 = VERTEX_POINT('',#12606);
#12606 = CARTESIAN_POINT('',(2.78618478775,-4.169820308685,
    18.299999237061));
#12607 = LINE('',#12608,#12609);
#12608 = CARTESIAN_POINT('',(2.78618478775,-4.169820308685,
    18.299999237061));
#12609 = VECTOR('',#12610,1.);
#12610 = DIRECTION('',(-0.857728617459,-0.514102731749,0.));
#12611 = ORIENTED_EDGE('',*,*,#12612,.T.);
#12612 = EDGE_CURVE('',#12605,#12582,#12613,.T.);
#12613 = LINE('',#12614,#12615);
#12614 = CARTESIAN_POINT('',(2.78618478775,-4.169820308685,
    18.299999237061));
#12615 = VECTOR('',#12616,1.);
#12616 = DIRECTION('',(-0.392847398972,0.587937829643,0.707106802114));
#12617 = PLANE('',#12618);
#12618 = AXIS2_PLACEMENT_3D('',#12619,#12620,#12621);
#12619 = CARTESIAN_POINT('',(2.523823535447,-4.057692052145,
    18.53133415359));
#12620 = DIRECTION('',(0.363744544788,-0.606871129526,0.706680506513));
#12621 = DIRECTION('',(0.,0.75864891141,0.651499677065));
#12622 = ADVANCED_FACE('',(#12623),#12640,.T.);
#12623 = FACE_BOUND('',#12624,.T.);
#12624 = EDGE_LOOP('',(#12625,#12633,#12634));
#12625 = ORIENTED_EDGE('',*,*,#12626,.T.);
#12626 = EDGE_CURVE('',#12627,#12582,#12629,.T.);
#12627 = VERTEX_POINT('',#12628);
#12628 = CARTESIAN_POINT('',(2.807190179825,-3.420571327209,
    18.889999389648));
#12629 = LINE('',#12630,#12631);
#12630 = CARTESIAN_POINT('',(2.807190179825,-3.420571327209,
    18.889999389648));
#12631 = VECTOR('',#12632,1.);
#12632 = DIRECTION('',(-0.803207402368,-0.595699478581,0.));
#12633 = ORIENTED_EDGE('',*,*,#12612,.F.);
#12634 = ORIENTED_EDGE('',*,*,#12635,.T.);
#12635 = EDGE_CURVE('',#12605,#12627,#12636,.T.);
#12636 = LINE('',#12637,#12638);
#12637 = CARTESIAN_POINT('',(2.78618478775,-4.169820308685,
    18.299999237061));
#12638 = VECTOR('',#12639,1.);
#12639 = DIRECTION('',(2.202065710477E-02,0.785462839665,0.618516950589)
  );
#12640 = PLANE('',#12641);
#12641 = AXIS2_PLACEMENT_3D('',#12642,#12643,#12644);
#12642 = CARTESIAN_POINT('',(2.699193189716,-3.795828495048,
    18.652637875089));
#12643 = DIRECTION('',(0.42147692397,-0.568295587679,0.706680498943));
#12644 = DIRECTION('',(-2.775557561563E-17,0.779278791323,0.626677401376
    ));
#12645 = ADVANCED_FACE('',(#12646),#12663,.T.);
#12646 = FACE_BOUND('',#12647,.T.);
#12647 = EDGE_LOOP('',(#12648,#12649,#12657));
#12648 = ORIENTED_EDGE('',*,*,#12635,.F.);
#12649 = ORIENTED_EDGE('',*,*,#12650,.F.);
#12650 = EDGE_CURVE('',#12651,#12605,#12653,.T.);
#12651 = VERTEX_POINT('',#12652);
#12652 = CARTESIAN_POINT('',(3.181482315063,-3.876647472382,
    18.299999237061));
#12653 = LINE('',#12654,#12655);
#12654 = CARTESIAN_POINT('',(3.181482315063,-3.876647472382,
    18.299999237061));
#12655 = VECTOR('',#12656,1.);
#12656 = DIRECTION('',(-0.803207328064,-0.595699578768,0.));
#12657 = ORIENTED_EDGE('',*,*,#12658,.T.);
#12658 = EDGE_CURVE('',#12651,#12627,#12659,.T.);
#12659 = LINE('',#12660,#12661);
#12660 = CARTESIAN_POINT('',(3.181482315063,-3.876647472382,
    18.299999237061));
#12661 = VECTOR('',#12662,1.);
#12662 = DIRECTION('',(-0.448583835138,0.546600815392,0.707106845863));
#12663 = PLANE('',#12664);
#12664 = AXIS2_PLACEMENT_3D('',#12665,#12666,#12667);
#12665 = CARTESIAN_POINT('',(2.909393913001,-3.790775155411,
    18.531334150975));
#12666 = DIRECTION('',(0.421477015492,-0.568295562932,0.706680464258));
#12667 = DIRECTION('',(2.775557561563E-17,0.779278789628,0.626677403482)
  );
#12668 = ADVANCED_FACE('',(#12669),#12686,.T.);
#12669 = FACE_BOUND('',#12670,.T.);
#12670 = EDGE_LOOP('',(#12671,#12672,#12680));
#12671 = ORIENTED_EDGE('',*,*,#12658,.F.);
#12672 = ORIENTED_EDGE('',*,*,#12673,.T.);
#12673 = EDGE_CURVE('',#12651,#12674,#12676,.T.);
#12674 = VERTEX_POINT('',#12675);
#12675 = CARTESIAN_POINT('',(3.128947496414,-3.128947496414,
    18.889999389648));
#12676 = LINE('',#12677,#12678);
#12677 = CARTESIAN_POINT('',(3.181482315063,-3.876647472382,
    18.299999237061));
#12678 = VECTOR('',#12679,1.);
#12679 = DIRECTION('',(-5.50740156602E-02,0.783839008953,0.618516985089)
  );
#12680 = ORIENTED_EDGE('',*,*,#12681,.T.);
#12681 = EDGE_CURVE('',#12674,#12627,#12682,.T.);
#12682 = LINE('',#12683,#12684);
#12683 = CARTESIAN_POINT('',(3.128947496414,-3.128947496414,
    18.889999389648));
#12684 = VECTOR('',#12685,1.);
#12685 = DIRECTION('',(-0.740951127884,-0.671558952057,0.));
#12686 = PLANE('',#12687);
#12687 = AXIS2_PLACEMENT_3D('',#12688,#12689,#12690);
#12688 = CARTESIAN_POINT('',(3.058252020033,-3.512983230845,
    18.652637905249));
#12689 = DIRECTION('',(0.475150013807,-0.524247257171,0.706680463666));
#12690 = DIRECTION('',(-2.775557561563E-17,0.803132862018,0.595799971422
    ));
#12691 = ADVANCED_FACE('',(#12692),#12709,.T.);
#12692 = FACE_BOUND('',#12693,.T.);
#12693 = EDGE_LOOP('',(#12694,#12695,#12703));
#12694 = ORIENTED_EDGE('',*,*,#12673,.F.);
#12695 = ORIENTED_EDGE('',*,*,#12696,.F.);
#12696 = EDGE_CURVE('',#12697,#12651,#12699,.T.);
#12697 = VERTEX_POINT('',#12698);
#12698 = CARTESIAN_POINT('',(3.546140432358,-3.546140432358,
    18.299999237061));
#12699 = LINE('',#12700,#12701);
#12700 = CARTESIAN_POINT('',(3.546140432358,-3.546140432358,
    18.299999237061));
#12701 = VECTOR('',#12702,1.);
#12702 = DIRECTION('',(-0.740950935524,-0.671559164293,0.));
#12703 = ORIENTED_EDGE('',*,*,#12704,.T.);
#12704 = EDGE_CURVE('',#12697,#12674,#12705,.T.);
#12705 = LINE('',#12706,#12707);
#12706 = CARTESIAN_POINT('',(3.546140432358,-3.546140432358,
    18.299999237061));
#12707 = VECTOR('',#12708,1.);
#12708 = DIRECTION('',(-0.499999896419,0.499999896419,0.707106927672));
#12709 = PLANE('',#12710);
#12710 = AXIS2_PLACEMENT_3D('',#12711,#12712,#12713);
#12711 = CARTESIAN_POINT('',(3.266945307725,-3.48735095302,
    18.531334146901));
#12712 = DIRECTION('',(0.475150217396,-0.524247180016,0.706680384017));
#12713 = DIRECTION('',(-2.775557561563E-17,0.803132871844,0.595799958177
    ));
#12714 = ADVANCED_FACE('',(#12715),#12732,.T.);
#12715 = FACE_BOUND('',#12716,.T.);
#12716 = EDGE_LOOP('',(#12717,#12725,#12726));
#12717 = ORIENTED_EDGE('',*,*,#12718,.T.);
#12718 = EDGE_CURVE('',#12719,#12674,#12721,.T.);
#12719 = VERTEX_POINT('',#12720);
#12720 = CARTESIAN_POINT('',(3.420571327209,-2.807190179825,
    18.889999389648));
#12721 = LINE('',#12722,#12723);
#12722 = CARTESIAN_POINT('',(3.420571327209,-2.807190179825,
    18.889999389648));
#12723 = VECTOR('',#12724,1.);
#12724 = DIRECTION('',(-0.671558952057,-0.740951127884,0.));
#12725 = ORIENTED_EDGE('',*,*,#12704,.F.);
#12726 = ORIENTED_EDGE('',*,*,#12727,.T.);
#12727 = EDGE_CURVE('',#12697,#12719,#12728,.T.);
#12728 = LINE('',#12729,#12730);
#12729 = CARTESIAN_POINT('',(3.546140432358,-3.546140432358,
    18.299999237061));
#12730 = VECTOR('',#12731,1.);
#12731 = DIRECTION('',(-0.131638318462,0.774666416199,0.618517014096));
#12732 = PLANE('',#12733);
#12733 = AXIS2_PLACEMENT_3D('',#12734,#12735,#12736);
#12734 = CARTESIAN_POINT('',(3.387858290951,-3.196306028076,
    18.652637908912));
#12735 = DIRECTION('',(0.5242473198,-0.475150070572,0.706680379039));
#12736 = DIRECTION('',(0.803132793818,-2.775557561563E-17,
    -0.595800063355));
#12737 = ADVANCED_FACE('',(#12738),#12755,.T.);
#12738 = FACE_BOUND('',#12739,.T.);
#12739 = EDGE_LOOP('',(#12740,#12748,#12749));
#12740 = ORIENTED_EDGE('',*,*,#12741,.T.);
#12741 = EDGE_CURVE('',#12742,#12719,#12744,.T.);
#12742 = VERTEX_POINT('',#12743);
#12743 = CARTESIAN_POINT('',(3.876647472382,-3.181482315063,
    18.299999237061));
#12744 = LINE('',#12745,#12746);
#12745 = CARTESIAN_POINT('',(3.876647472382,-3.181482315063,
    18.299999237061));
#12746 = VECTOR('',#12747,1.);
#12747 = DIRECTION('',(-0.546600815392,0.448583835138,0.707106845863));
#12748 = ORIENTED_EDGE('',*,*,#12727,.F.);
#12749 = ORIENTED_EDGE('',*,*,#12750,.F.);
#12750 = EDGE_CURVE('',#12742,#12697,#12751,.T.);
#12751 = LINE('',#12752,#12753);
#12752 = CARTESIAN_POINT('',(3.876647472382,-3.181482315063,
    18.299999237061));
#12753 = VECTOR('',#12754,1.);
#12754 = DIRECTION('',(-0.671559164293,-0.740950935524,0.));
#12755 = PLANE('',#12756);
#12756 = AXIS2_PLACEMENT_3D('',#12757,#12758,#12759);
#12757 = CARTESIAN_POINT('',(3.593034291986,-3.150341703375,
    18.531334148348));
#12758 = DIRECTION('',(0.524247124754,-0.47515016731,0.706680458688));
#12759 = DIRECTION('',(0.80313293202,0.,-0.59579987706));
#12760 = ADVANCED_FACE('',(#12761),#12778,.T.);
#12761 = FACE_BOUND('',#12762,.T.);
#12762 = EDGE_LOOP('',(#12763,#12771,#12772));
#12763 = ORIENTED_EDGE('',*,*,#12764,.T.);
#12764 = EDGE_CURVE('',#12765,#12719,#12767,.T.);
#12765 = VERTEX_POINT('',#12766);
#12766 = CARTESIAN_POINT('',(3.679253101349,-2.458398342133,
    18.889999389648));
#12767 = LINE('',#12768,#12769);
#12768 = CARTESIAN_POINT('',(3.679253101349,-2.458398342133,
    18.889999389648));
#12769 = VECTOR('',#12770,1.);
#12770 = DIRECTION('',(-0.595699478581,-0.803207402368,0.));
#12771 = ORIENTED_EDGE('',*,*,#12741,.F.);
#12772 = ORIENTED_EDGE('',*,*,#12773,.T.);
#12773 = EDGE_CURVE('',#12742,#12765,#12774,.T.);
#12774 = LINE('',#12775,#12776);
#12775 = CARTESIAN_POINT('',(3.876647472382,-3.181482315063,
    18.299999237061));
#12776 = VECTOR('',#12777,1.);
#12777 = DIRECTION('',(-0.206935173769,0.758033305637,0.618517050212));
#12778 = PLANE('',#12779);
#12779 = AXIS2_PLACEMENT_3D('',#12780,#12781,#12782);
#12780 = CARTESIAN_POINT('',(3.684837693656,-2.848846843052,
    18.652637880412));
#12781 = DIRECTION('',(0.568295617243,-0.421476945896,0.70668046209));
#12782 = DIRECTION('',(0.779278759441,-2.775557561563E-17,-0.62667744102
    ));
#12783 = ADVANCED_FACE('',(#12784),#12801,.T.);
#12784 = FACE_BOUND('',#12785,.T.);
#12785 = EDGE_LOOP('',(#12786,#12787,#12795));
#12786 = ORIENTED_EDGE('',*,*,#12773,.F.);
#12787 = ORIENTED_EDGE('',*,*,#12788,.F.);
#12788 = EDGE_CURVE('',#12789,#12742,#12791,.T.);
#12789 = VERTEX_POINT('',#12790);
#12790 = CARTESIAN_POINT('',(4.169820308685,-2.78618478775,
    18.299999237061));
#12791 = LINE('',#12792,#12793);
#12792 = CARTESIAN_POINT('',(4.169820308685,-2.78618478775,
    18.299999237061));
#12793 = VECTOR('',#12794,1.);
#12794 = DIRECTION('',(-0.595699578768,-0.803207328064,0.));
#12795 = ORIENTED_EDGE('',*,*,#12796,.T.);
#12796 = EDGE_CURVE('',#12789,#12765,#12797,.T.);
#12797 = LINE('',#12798,#12799);
#12798 = CARTESIAN_POINT('',(4.169820308685,-2.78618478775,
    18.299999237061));
#12799 = VECTOR('',#12800,1.);
#12800 = DIRECTION('',(-0.587937829643,0.392847398972,0.707106802114));
#12801 = PLANE('',#12802);
#12802 = AXIS2_PLACEMENT_3D('',#12803,#12804,#12805);
#12803 = CARTESIAN_POINT('',(3.88452042726,-2.782993105618,
    18.531334148127));
#12804 = DIRECTION('',(0.568295536845,-0.421476996145,0.706680496775));
#12805 = DIRECTION('',(0.779278817759,0.,-0.626677368502));
#12806 = ADVANCED_FACE('',(#12807),#12824,.T.);
#12807 = FACE_BOUND('',#12808,.T.);
#12808 = EDGE_LOOP('',(#12809,#12810,#12818));
#12809 = ORIENTED_EDGE('',*,*,#12796,.F.);
#12810 = ORIENTED_EDGE('',*,*,#12811,.T.);
#12811 = EDGE_CURVE('',#12789,#12812,#12814,.T.);
#12812 = VERTEX_POINT('',#12813);
#12813 = CARTESIAN_POINT('',(3.902501583099,-2.085930585861,
    18.889999389648));
#12814 = LINE('',#12815,#12816);
#12815 = CARTESIAN_POINT('',(4.169820308685,-2.78618478775,
    18.299999237061));
#12816 = VECTOR('',#12817,1.);
#12817 = DIRECTION('',(-0.280239189041,0.734099974591,0.618516955492));
#12818 = ORIENTED_EDGE('',*,*,#12819,.T.);
#12819 = EDGE_CURVE('',#12812,#12765,#12820,.T.);
#12820 = LINE('',#12821,#12822);
#12821 = CARTESIAN_POINT('',(3.902501583099,-2.085930585861,
    18.889999389648));
#12822 = VECTOR('',#12823,1.);
#12823 = DIRECTION('',(-0.514102574946,-0.857728711443,0.));
#12824 = PLANE('',#12825);
#12825 = AXIS2_PLACEMENT_3D('',#12826,#12827,#12828);
#12826 = CARTESIAN_POINT('',(3.946330048321,-2.47395167453,
    18.652637888536));
#12827 = DIRECTION('',(0.606871198745,-0.363744435476,0.706680503336));
#12828 = DIRECTION('',(0.758648873235,-2.775557561563E-17,
    -0.651499721519));
#12829 = ADVANCED_FACE('',(#12830),#12847,.T.);
#12830 = FACE_BOUND('',#12831,.T.);
#12831 = EDGE_LOOP('',(#12832,#12833,#12841));
#12832 = ORIENTED_EDGE('',*,*,#12811,.F.);
#12833 = ORIENTED_EDGE('',*,*,#12834,.F.);
#12834 = EDGE_CURVE('',#12835,#12789,#12837,.T.);
#12835 = VERTEX_POINT('',#12836);
#12836 = CARTESIAN_POINT('',(4.422835350037,-2.364054679871,
    18.299999237061));
#12837 = LINE('',#12838,#12839);
#12838 = CARTESIAN_POINT('',(4.422835350037,-2.364054679871,
    18.299999237061));
#12839 = VECTOR('',#12840,1.);
#12840 = DIRECTION('',(-0.514102731749,-0.857728617459,0.));
#12841 = ORIENTED_EDGE('',*,*,#12842,.T.);
#12842 = EDGE_CURVE('',#12835,#12812,#12843,.T.);
#12843 = LINE('',#12844,#12845);
#12844 = CARTESIAN_POINT('',(4.422835350037,-2.364054679871,
    18.299999237061));
#12845 = VECTOR('',#12846,1.);
#12846 = DIRECTION('',(-0.62361258289,0.333327751628,0.707106750397));
#12847 = PLANE('',#12848);
#12848 = AXIS2_PLACEMENT_3D('',#12849,#12850,#12851);
#12849 = CARTESIAN_POINT('',(4.138596435216,-2.388842659811,
    18.531334154725));
#12850 = DIRECTION('',(0.606871088698,-0.363744520316,0.70668055417));
#12851 = DIRECTION('',(0.75864895479,-2.775557561563E-17,-0.651499626551
    ));
#12852 = ADVANCED_FACE('',(#12853),#12870,.T.);
#12853 = FACE_BOUND('',#12854,.T.);
#12854 = EDGE_LOOP('',(#12855,#12863,#12864));
#12855 = ORIENTED_EDGE('',*,*,#12856,.F.);
#12856 = EDGE_CURVE('',#12812,#12857,#12859,.T.);
#12857 = VERTEX_POINT('',#12858);
#12858 = CARTESIAN_POINT('',(4.088166713715,-1.693374156952,
    18.889999389648));
#12859 = LINE('',#12860,#12861);
#12860 = CARTESIAN_POINT('',(3.902501583099,-2.085930585861,
    18.889999389648));
#12861 = VECTOR('',#12862,1.);
#12862 = DIRECTION('',(0.427554655317,0.903989500336,0.));
#12863 = ORIENTED_EDGE('',*,*,#12842,.F.);
#12864 = ORIENTED_EDGE('',*,*,#12865,.F.);
#12865 = EDGE_CURVE('',#12857,#12835,#12866,.T.);
#12866 = LINE('',#12867,#12868);
#12867 = CARTESIAN_POINT('',(4.088166713715,-1.693374156952,
    18.889999389648));
#12868 = VECTOR('',#12869,1.);
#12869 = DIRECTION('',(0.35084431937,-0.703096812907,-0.618516883558));
#12870 = PLANE('',#12871);
#12871 = AXIS2_PLACEMENT_3D('',#12872,#12873,#12874);
#12872 = CARTESIAN_POINT('',(4.169816976204,-2.075230911,18.652637881191
    ));
#12873 = DIRECTION('',(0.63960218164,-0.302508923178,0.70668055063));
#12874 = DIRECTION('',(0.741418566163,0.,-0.671042852394));
#12875 = ADVANCED_FACE('',(#12876),#12893,.T.);
#12876 = FACE_BOUND('',#12877,.T.);
#12877 = EDGE_LOOP('',(#12878,#12886,#12887));
#12878 = ORIENTED_EDGE('',*,*,#12879,.T.);
#12879 = EDGE_CURVE('',#12880,#12857,#12882,.T.);
#12880 = VERTEX_POINT('',#12881);
#12881 = CARTESIAN_POINT('',(4.633255958557,-1.919157385826,
    18.299999237061));
#12882 = LINE('',#12883,#12884);
#12883 = CARTESIAN_POINT('',(4.633255958557,-1.919157385826,
    18.299999237061));
#12884 = VECTOR('',#12885,1.);
#12885 = DIRECTION('',(-0.653281617455,0.270597951342,0.70710669423));
#12886 = ORIENTED_EDGE('',*,*,#12865,.T.);
#12887 = ORIENTED_EDGE('',*,*,#12888,.F.);
#12888 = EDGE_CURVE('',#12880,#12835,#12889,.T.);
#12889 = LINE('',#12890,#12891);
#12890 = CARTESIAN_POINT('',(4.633255958557,-1.919157385826,
    18.299999237061));
#12891 = VECTOR('',#12892,1.);
#12892 = DIRECTION('',(-0.427554860215,-0.903989403426,0.));
#12893 = PLANE('',#12894);
#12894 = AXIS2_PLACEMENT_3D('',#12895,#12896,#12897);
#12895 = CARTESIAN_POINT('',(4.352815370048,-1.971686300618,
    18.531334160125));
#12896 = DIRECTION('',(0.639602056166,-0.302509041235,0.706680613658));
#12897 = DIRECTION('',(0.741418661434,0.,-0.671042747131));
#12898 = ADVANCED_FACE('',(#12899),#12916,.T.);
#12899 = FACE_BOUND('',#12900,.T.);
#12900 = EDGE_LOOP('',(#12901,#12909,#12910));
#12901 = ORIENTED_EDGE('',*,*,#12902,.T.);
#12902 = EDGE_CURVE('',#12903,#12857,#12905,.T.);
#12903 = VERTEX_POINT('',#12904);
#12904 = CARTESIAN_POINT('',(4.234460830688,-1.284509658813,
    18.889999389648));
#12905 = LINE('',#12906,#12907);
#12906 = CARTESIAN_POINT('',(4.234460830688,-1.284509658813,
    18.889999389648));
#12907 = VECTOR('',#12908,1.);
#12908 = DIRECTION('',(-0.336889976488,-0.941544021139,0.));
#12909 = ORIENTED_EDGE('',*,*,#12879,.F.);
#12910 = ORIENTED_EDGE('',*,*,#12911,.T.);
#12911 = EDGE_CURVE('',#12880,#12903,#12912,.T.);
#12912 = LINE('',#12913,#12914);
#12913 = CARTESIAN_POINT('',(4.633255958557,-1.919157385826,
    18.299999237061));
#12914 = VECTOR('',#12915,1.);
#12915 = DIRECTION('',(-0.418070302915,0.665322490008,0.618516940843));
#12916 = PLANE('',#12917);
#12917 = AXIS2_PLACEMENT_3D('',#12918,#12919,#12920);
#12918 = CARTESIAN_POINT('',(4.353146275186,-1.656524527043,
    18.652637888636));
#12919 = DIRECTION('',(0.666173171409,-0.238360670361,0.70668061847));
#12920 = DIRECTION('',(0.727654005082,0.,-0.685944348245));
#12921 = ADVANCED_FACE('',(#12922),#12939,.T.);
#12922 = FACE_BOUND('',#12923,.T.);
#12923 = EDGE_LOOP('',(#12924,#12925,#12933));
#12924 = ORIENTED_EDGE('',*,*,#12911,.F.);
#12925 = ORIENTED_EDGE('',*,*,#12926,.F.);
#12926 = EDGE_CURVE('',#12927,#12880,#12929,.T.);
#12927 = VERTEX_POINT('',#12928);
#12928 = CARTESIAN_POINT('',(4.799055576324,-1.455777645111,
    18.299999237061));
#12929 = LINE('',#12930,#12931);
#12930 = CARTESIAN_POINT('',(4.799055576324,-1.455777645111,
    18.299999237061));
#12931 = VECTOR('',#12932,1.);
#12932 = DIRECTION('',(-0.336889304714,-0.941544261503,0.));
#12933 = ORIENTED_EDGE('',*,*,#12934,.T.);
#12934 = EDGE_CURVE('',#12927,#12903,#12935,.T.);
#12935 = LINE('',#12936,#12937);
#12936 = CARTESIAN_POINT('',(4.799055576324,-1.455777645111,
    18.299999237061));
#12937 = VECTOR('',#12938,1.);
#12938 = DIRECTION('',(-0.676658874564,0.20526227662,0.707106898051));
#12939 = PLANE('',#12940);
#12940 = AXIS2_PLACEMENT_3D('',#12941,#12942,#12943);
#12941 = CARTESIAN_POINT('',(4.525114321091,-1.535541562997,
    18.531334165103));
#12942 = DIRECTION('',(0.666173528049,-0.238360261817,0.706680420072));
#12943 = DIRECTION('',(0.727653725668,-2.775557561563E-17,
    -0.685944644649));
#12944 = ADVANCED_FACE('',(#12945),#13387,.T.);
#12945 = FACE_BOUND('',#12946,.T.);
#12946 = EDGE_LOOP('',(#12947,#12948,#12949,#12957,#12965,#12973,#12981,
    #12989,#12997,#13005,#13013,#13021,#13029,#13037,#13045,#13053,
    #13061,#13069,#13077,#13085,#13093,#13101,#13109,#13117,#13125,
    #13133,#13141,#13149,#13157,#13165,#13173,#13181,#13189,#13197,
    #13205,#13213,#13221,#13229,#13237,#13245,#13253,#13261,#13269,
    #13277,#13285,#13293,#13301,#13309,#13317,#13325,#13333,#13341,
    #13349,#13357,#13365,#13373,#13379,#13380,#13381,#13382,#13383,
    #13384,#13385,#13386));
#12947 = ORIENTED_EDGE('',*,*,#12856,.T.);
#12948 = ORIENTED_EDGE('',*,*,#12902,.F.);
#12949 = ORIENTED_EDGE('',*,*,#12950,.F.);
#12950 = EDGE_CURVE('',#12951,#12903,#12953,.T.);
#12951 = VERTEX_POINT('',#12952);
#12952 = CARTESIAN_POINT('',(4.339974880219,-0.863274693489,
    18.889999389648));
#12953 = LINE('',#12954,#12955);
#12954 = CARTESIAN_POINT('',(4.339974880219,-0.863274693489,
    18.889999389648));
#12955 = VECTOR('',#12956,1.);
#12956 = DIRECTION('',(-0.24298057761,-0.970031153574,0.));
#12957 = ORIENTED_EDGE('',*,*,#12958,.F.);
#12958 = EDGE_CURVE('',#12959,#12951,#12961,.T.);
#12959 = VERTEX_POINT('',#12960);
#12960 = CARTESIAN_POINT('',(4.403692245483,-0.433725833893,
    18.889999389648));
#12961 = LINE('',#12962,#12963);
#12962 = CARTESIAN_POINT('',(4.403692245483,-0.433725833893,
    18.889999389648));
#12963 = VECTOR('',#12964,1.);
#12964 = DIRECTION('',(-0.146730048548,-0.989176573142,0.));
#12965 = ORIENTED_EDGE('',*,*,#12966,.F.);
#12966 = EDGE_CURVE('',#12967,#12959,#12969,.T.);
#12967 = VERTEX_POINT('',#12968);
#12968 = CARTESIAN_POINT('',(4.425000190735,0.,18.889999389648));
#12969 = LINE('',#12970,#12971);
#12970 = CARTESIAN_POINT('',(4.425000190735,0.,18.889999389648));
#12971 = VECTOR('',#12972,1.);
#12972 = DIRECTION('',(-4.906850449326E-02,-0.998795415421,0.));
#12973 = ORIENTED_EDGE('',*,*,#12974,.T.);
#12974 = EDGE_CURVE('',#12967,#12975,#12977,.T.);
#12975 = VERTEX_POINT('',#12976);
#12976 = CARTESIAN_POINT('',(4.403692245483,0.433725833893,
    18.889999389648));
#12977 = LINE('',#12978,#12979);
#12978 = CARTESIAN_POINT('',(4.425000190735,0.,18.889999389648));
#12979 = VECTOR('',#12980,1.);
#12980 = DIRECTION('',(-4.906850449326E-02,0.998795415421,0.));
#12981 = ORIENTED_EDGE('',*,*,#12982,.T.);
#12982 = EDGE_CURVE('',#12975,#12983,#12985,.T.);
#12983 = VERTEX_POINT('',#12984);
#12984 = CARTESIAN_POINT('',(4.339974880219,0.863274693489,
    18.889999389648));
#12985 = LINE('',#12986,#12987);
#12986 = CARTESIAN_POINT('',(4.403692245483,0.433725833893,
    18.889999389648));
#12987 = VECTOR('',#12988,1.);
#12988 = DIRECTION('',(-0.146730048548,0.989176573142,0.));
#12989 = ORIENTED_EDGE('',*,*,#12990,.T.);
#12990 = EDGE_CURVE('',#12983,#12991,#12993,.T.);
#12991 = VERTEX_POINT('',#12992);
#12992 = CARTESIAN_POINT('',(4.234460830688,1.284509658813,
    18.889999389648));
#12993 = LINE('',#12994,#12995);
#12994 = CARTESIAN_POINT('',(4.339974880219,0.863274693489,
    18.889999389648));
#12995 = VECTOR('',#12996,1.);
#12996 = DIRECTION('',(-0.24298057761,0.970031153574,0.));
#12997 = ORIENTED_EDGE('',*,*,#12998,.T.);
#12998 = EDGE_CURVE('',#12991,#12999,#13001,.T.);
#12999 = VERTEX_POINT('',#13000);
#13000 = CARTESIAN_POINT('',(4.088166713715,1.693374156952,
    18.889999389648));
#13001 = LINE('',#13002,#13003);
#13002 = CARTESIAN_POINT('',(4.234460830688,1.284509658813,
    18.889999389648));
#13003 = VECTOR('',#13004,1.);
#13004 = DIRECTION('',(-0.336889976488,0.941544021139,0.));
#13005 = ORIENTED_EDGE('',*,*,#13006,.T.);
#13006 = EDGE_CURVE('',#12999,#13007,#13009,.T.);
#13007 = VERTEX_POINT('',#13008);
#13008 = CARTESIAN_POINT('',(3.902501583099,2.085930585861,
    18.889999389648));
#13009 = LINE('',#13010,#13011);
#13010 = CARTESIAN_POINT('',(4.088166713715,1.693374156952,
    18.889999389648));
#13011 = VECTOR('',#13012,1.);
#13012 = DIRECTION('',(-0.427554655317,0.903989500336,0.));
#13013 = ORIENTED_EDGE('',*,*,#13014,.T.);
#13014 = EDGE_CURVE('',#13007,#13015,#13017,.T.);
#13015 = VERTEX_POINT('',#13016);
#13016 = CARTESIAN_POINT('',(3.679253101349,2.458398342133,
    18.889999389648));
#13017 = LINE('',#13018,#13019);
#13018 = CARTESIAN_POINT('',(3.902501583099,2.085930585861,
    18.889999389648));
#13019 = VECTOR('',#13020,1.);
#13020 = DIRECTION('',(-0.514102574946,0.857728711443,0.));
#13021 = ORIENTED_EDGE('',*,*,#13022,.T.);
#13022 = EDGE_CURVE('',#13015,#13023,#13025,.T.);
#13023 = VERTEX_POINT('',#13024);
#13024 = CARTESIAN_POINT('',(3.420571327209,2.807190179825,
    18.889999389648));
#13025 = LINE('',#13026,#13027);
#13026 = CARTESIAN_POINT('',(3.679253101349,2.458398342133,
    18.889999389648));
#13027 = VECTOR('',#13028,1.);
#13028 = DIRECTION('',(-0.595699478581,0.803207402368,0.));
#13029 = ORIENTED_EDGE('',*,*,#13030,.T.);
#13030 = EDGE_CURVE('',#13023,#13031,#13033,.T.);
#13031 = VERTEX_POINT('',#13032);
#13032 = CARTESIAN_POINT('',(3.128947496414,3.128947496414,
    18.889999389648));
#13033 = LINE('',#13034,#13035);
#13034 = CARTESIAN_POINT('',(3.420571327209,2.807190179825,
    18.889999389648));
#13035 = VECTOR('',#13036,1.);
#13036 = DIRECTION('',(-0.671558952057,0.740951127884,0.));
#13037 = ORIENTED_EDGE('',*,*,#13038,.T.);
#13038 = EDGE_CURVE('',#13031,#13039,#13041,.T.);
#13039 = VERTEX_POINT('',#13040);
#13040 = CARTESIAN_POINT('',(2.807190179825,3.420571327209,
    18.889999389648));
#13041 = LINE('',#13042,#13043);
#13042 = CARTESIAN_POINT('',(3.128947496414,3.128947496414,
    18.889999389648));
#13043 = VECTOR('',#13044,1.);
#13044 = DIRECTION('',(-0.740951127884,0.671558952057,0.));
#13045 = ORIENTED_EDGE('',*,*,#13046,.T.);
#13046 = EDGE_CURVE('',#13039,#13047,#13049,.T.);
#13047 = VERTEX_POINT('',#13048);
#13048 = CARTESIAN_POINT('',(2.458398342133,3.679253101349,
    18.889999389648));
#13049 = LINE('',#13050,#13051);
#13050 = CARTESIAN_POINT('',(2.807190179825,3.420571327209,
    18.889999389648));
#13051 = VECTOR('',#13052,1.);
#13052 = DIRECTION('',(-0.803207402368,0.595699478581,0.));
#13053 = ORIENTED_EDGE('',*,*,#13054,.T.);
#13054 = EDGE_CURVE('',#13047,#13055,#13057,.T.);
#13055 = VERTEX_POINT('',#13056);
#13056 = CARTESIAN_POINT('',(2.085930585861,3.902501583099,
    18.889999389648));
#13057 = LINE('',#13058,#13059);
#13058 = CARTESIAN_POINT('',(2.458398342133,3.679253101349,
    18.889999389648));
#13059 = VECTOR('',#13060,1.);
#13060 = DIRECTION('',(-0.857728711443,0.514102574946,0.));
#13061 = ORIENTED_EDGE('',*,*,#13062,.T.);
#13062 = EDGE_CURVE('',#13055,#13063,#13065,.T.);
#13063 = VERTEX_POINT('',#13064);
#13064 = CARTESIAN_POINT('',(1.693374156952,4.088166713715,
    18.889999389648));
#13065 = LINE('',#13066,#13067);
#13066 = CARTESIAN_POINT('',(2.085930585861,3.902501583099,
    18.889999389648));
#13067 = VECTOR('',#13068,1.);
#13068 = DIRECTION('',(-0.903989500336,0.427554655317,0.));
#13069 = ORIENTED_EDGE('',*,*,#13070,.T.);
#13070 = EDGE_CURVE('',#13063,#13071,#13073,.T.);
#13071 = VERTEX_POINT('',#13072);
#13072 = CARTESIAN_POINT('',(1.284509658813,4.234460830688,
    18.889999389648));
#13073 = LINE('',#13074,#13075);
#13074 = CARTESIAN_POINT('',(1.693374156952,4.088166713715,
    18.889999389648));
#13075 = VECTOR('',#13076,1.);
#13076 = DIRECTION('',(-0.941544021139,0.336889976488,0.));
#13077 = ORIENTED_EDGE('',*,*,#13078,.T.);
#13078 = EDGE_CURVE('',#13071,#13079,#13081,.T.);
#13079 = VERTEX_POINT('',#13080);
#13080 = CARTESIAN_POINT('',(0.863274693489,4.339974880219,
    18.889999389648));
#13081 = LINE('',#13082,#13083);
#13082 = CARTESIAN_POINT('',(1.284509658813,4.234460830688,
    18.889999389648));
#13083 = VECTOR('',#13084,1.);
#13084 = DIRECTION('',(-0.970031153574,0.24298057761,0.));
#13085 = ORIENTED_EDGE('',*,*,#13086,.T.);
#13086 = EDGE_CURVE('',#13079,#13087,#13089,.T.);
#13087 = VERTEX_POINT('',#13088);
#13088 = CARTESIAN_POINT('',(0.433725833893,4.403692245483,
    18.889999389648));
#13089 = LINE('',#13090,#13091);
#13090 = CARTESIAN_POINT('',(0.863274693489,4.339974880219,
    18.889999389648));
#13091 = VECTOR('',#13092,1.);
#13092 = DIRECTION('',(-0.989176573142,0.146730048548,0.));
#13093 = ORIENTED_EDGE('',*,*,#13094,.T.);
#13094 = EDGE_CURVE('',#13087,#13095,#13097,.T.);
#13095 = VERTEX_POINT('',#13096);
#13096 = CARTESIAN_POINT('',(0.,4.425000190735,18.889999389648));
#13097 = LINE('',#13098,#13099);
#13098 = CARTESIAN_POINT('',(0.433725833893,4.403692245483,
    18.889999389648));
#13099 = VECTOR('',#13100,1.);
#13100 = DIRECTION('',(-0.998795415421,4.906850449326E-02,0.));
#13101 = ORIENTED_EDGE('',*,*,#13102,.T.);
#13102 = EDGE_CURVE('',#13095,#13103,#13105,.T.);
#13103 = VERTEX_POINT('',#13104);
#13104 = CARTESIAN_POINT('',(-0.433725833893,4.403692245483,
    18.889999389648));
#13105 = LINE('',#13106,#13107);
#13106 = CARTESIAN_POINT('',(0.,4.425000190735,18.889999389648));
#13107 = VECTOR('',#13108,1.);
#13108 = DIRECTION('',(-0.998795415421,-4.906850449326E-02,0.));
#13109 = ORIENTED_EDGE('',*,*,#13110,.T.);
#13110 = EDGE_CURVE('',#13103,#13111,#13113,.T.);
#13111 = VERTEX_POINT('',#13112);
#13112 = CARTESIAN_POINT('',(-0.863274693489,4.339974880219,
    18.889999389648));
#13113 = LINE('',#13114,#13115);
#13114 = CARTESIAN_POINT('',(-0.433725833893,4.403692245483,
    18.889999389648));
#13115 = VECTOR('',#13116,1.);
#13116 = DIRECTION('',(-0.989176573142,-0.146730048548,0.));
#13117 = ORIENTED_EDGE('',*,*,#13118,.T.);
#13118 = EDGE_CURVE('',#13111,#13119,#13121,.T.);
#13119 = VERTEX_POINT('',#13120);
#13120 = CARTESIAN_POINT('',(-1.284509658813,4.234460830688,
    18.889999389648));
#13121 = LINE('',#13122,#13123);
#13122 = CARTESIAN_POINT('',(-0.863274693489,4.339974880219,
    18.889999389648));
#13123 = VECTOR('',#13124,1.);
#13124 = DIRECTION('',(-0.970031153574,-0.24298057761,0.));
#13125 = ORIENTED_EDGE('',*,*,#13126,.T.);
#13126 = EDGE_CURVE('',#13119,#13127,#13129,.T.);
#13127 = VERTEX_POINT('',#13128);
#13128 = CARTESIAN_POINT('',(-1.693374156952,4.088166713715,
    18.889999389648));
#13129 = LINE('',#13130,#13131);
#13130 = CARTESIAN_POINT('',(-1.284509658813,4.234460830688,
    18.889999389648));
#13131 = VECTOR('',#13132,1.);
#13132 = DIRECTION('',(-0.941544021139,-0.336889976488,0.));
#13133 = ORIENTED_EDGE('',*,*,#13134,.T.);
#13134 = EDGE_CURVE('',#13127,#13135,#13137,.T.);
#13135 = VERTEX_POINT('',#13136);
#13136 = CARTESIAN_POINT('',(-2.085930585861,3.902501583099,
    18.889999389648));
#13137 = LINE('',#13138,#13139);
#13138 = CARTESIAN_POINT('',(-1.693374156952,4.088166713715,
    18.889999389648));
#13139 = VECTOR('',#13140,1.);
#13140 = DIRECTION('',(-0.903989500336,-0.427554655317,0.));
#13141 = ORIENTED_EDGE('',*,*,#13142,.T.);
#13142 = EDGE_CURVE('',#13135,#13143,#13145,.T.);
#13143 = VERTEX_POINT('',#13144);
#13144 = CARTESIAN_POINT('',(-2.458398342133,3.679253101349,
    18.889999389648));
#13145 = LINE('',#13146,#13147);
#13146 = CARTESIAN_POINT('',(-2.085930585861,3.902501583099,
    18.889999389648));
#13147 = VECTOR('',#13148,1.);
#13148 = DIRECTION('',(-0.857728711443,-0.514102574946,0.));
#13149 = ORIENTED_EDGE('',*,*,#13150,.T.);
#13150 = EDGE_CURVE('',#13143,#13151,#13153,.T.);
#13151 = VERTEX_POINT('',#13152);
#13152 = CARTESIAN_POINT('',(-2.807190179825,3.420571327209,
    18.889999389648));
#13153 = LINE('',#13154,#13155);
#13154 = CARTESIAN_POINT('',(-2.458398342133,3.679253101349,
    18.889999389648));
#13155 = VECTOR('',#13156,1.);
#13156 = DIRECTION('',(-0.803207402368,-0.595699478581,0.));
#13157 = ORIENTED_EDGE('',*,*,#13158,.T.);
#13158 = EDGE_CURVE('',#13151,#13159,#13161,.T.);
#13159 = VERTEX_POINT('',#13160);
#13160 = CARTESIAN_POINT('',(-3.128947496414,3.128947496414,
    18.889999389648));
#13161 = LINE('',#13162,#13163);
#13162 = CARTESIAN_POINT('',(-2.807190179825,3.420571327209,
    18.889999389648));
#13163 = VECTOR('',#13164,1.);
#13164 = DIRECTION('',(-0.740951127884,-0.671558952057,0.));
#13165 = ORIENTED_EDGE('',*,*,#13166,.T.);
#13166 = EDGE_CURVE('',#13159,#13167,#13169,.T.);
#13167 = VERTEX_POINT('',#13168);
#13168 = CARTESIAN_POINT('',(-3.420571327209,2.807190179825,
    18.889999389648));
#13169 = LINE('',#13170,#13171);
#13170 = CARTESIAN_POINT('',(-3.128947496414,3.128947496414,
    18.889999389648));
#13171 = VECTOR('',#13172,1.);
#13172 = DIRECTION('',(-0.671558952057,-0.740951127884,0.));
#13173 = ORIENTED_EDGE('',*,*,#13174,.T.);
#13174 = EDGE_CURVE('',#13167,#13175,#13177,.T.);
#13175 = VERTEX_POINT('',#13176);
#13176 = CARTESIAN_POINT('',(-3.679253101349,2.458398342133,
    18.889999389648));
#13177 = LINE('',#13178,#13179);
#13178 = CARTESIAN_POINT('',(-3.420571327209,2.807190179825,
    18.889999389648));
#13179 = VECTOR('',#13180,1.);
#13180 = DIRECTION('',(-0.595699478581,-0.803207402368,0.));
#13181 = ORIENTED_EDGE('',*,*,#13182,.T.);
#13182 = EDGE_CURVE('',#13175,#13183,#13185,.T.);
#13183 = VERTEX_POINT('',#13184);
#13184 = CARTESIAN_POINT('',(-3.902501583099,2.085930585861,
    18.889999389648));
#13185 = LINE('',#13186,#13187);
#13186 = CARTESIAN_POINT('',(-3.679253101349,2.458398342133,
    18.889999389648));
#13187 = VECTOR('',#13188,1.);
#13188 = DIRECTION('',(-0.514102574946,-0.857728711443,0.));
#13189 = ORIENTED_EDGE('',*,*,#13190,.F.);
#13190 = EDGE_CURVE('',#13191,#13183,#13193,.T.);
#13191 = VERTEX_POINT('',#13192);
#13192 = CARTESIAN_POINT('',(-4.088166713715,1.693374156952,
    18.889999389648));
#13193 = LINE('',#13194,#13195);
#13194 = CARTESIAN_POINT('',(-4.088166713715,1.693374156952,
    18.889999389648));
#13195 = VECTOR('',#13196,1.);
#13196 = DIRECTION('',(0.427554655317,0.903989500336,0.));
#13197 = ORIENTED_EDGE('',*,*,#13198,.T.);
#13198 = EDGE_CURVE('',#13191,#13199,#13201,.T.);
#13199 = VERTEX_POINT('',#13200);
#13200 = CARTESIAN_POINT('',(-4.234460830688,1.284509658813,
    18.889999389648));
#13201 = LINE('',#13202,#13203);
#13202 = CARTESIAN_POINT('',(-4.088166713715,1.693374156952,
    18.889999389648));
#13203 = VECTOR('',#13204,1.);
#13204 = DIRECTION('',(-0.336889976488,-0.941544021139,0.));
#13205 = ORIENTED_EDGE('',*,*,#13206,.T.);
#13206 = EDGE_CURVE('',#13199,#13207,#13209,.T.);
#13207 = VERTEX_POINT('',#13208);
#13208 = CARTESIAN_POINT('',(-4.339974880219,0.863274693489,
    18.889999389648));
#13209 = LINE('',#13210,#13211);
#13210 = CARTESIAN_POINT('',(-4.234460830688,1.284509658813,
    18.889999389648));
#13211 = VECTOR('',#13212,1.);
#13212 = DIRECTION('',(-0.24298057761,-0.970031153574,0.));
#13213 = ORIENTED_EDGE('',*,*,#13214,.T.);
#13214 = EDGE_CURVE('',#13207,#13215,#13217,.T.);
#13215 = VERTEX_POINT('',#13216);
#13216 = CARTESIAN_POINT('',(-4.403692245483,0.433725833893,
    18.889999389648));
#13217 = LINE('',#13218,#13219);
#13218 = CARTESIAN_POINT('',(-4.339974880219,0.863274693489,
    18.889999389648));
#13219 = VECTOR('',#13220,1.);
#13220 = DIRECTION('',(-0.146730048548,-0.989176573142,0.));
#13221 = ORIENTED_EDGE('',*,*,#13222,.F.);
#13222 = EDGE_CURVE('',#13223,#13215,#13225,.T.);
#13223 = VERTEX_POINT('',#13224);
#13224 = CARTESIAN_POINT('',(-4.425000190735,0.,18.889999389648));
#13225 = LINE('',#13226,#13227);
#13226 = CARTESIAN_POINT('',(-4.425000190735,0.,18.889999389648));
#13227 = VECTOR('',#13228,1.);
#13228 = DIRECTION('',(4.906850449326E-02,0.998795415421,0.));
#13229 = ORIENTED_EDGE('',*,*,#13230,.F.);
#13230 = EDGE_CURVE('',#13231,#13223,#13233,.T.);
#13231 = VERTEX_POINT('',#13232);
#13232 = CARTESIAN_POINT('',(-4.403692245483,-0.433725833893,
    18.889999389648));
#13233 = LINE('',#13234,#13235);
#13234 = CARTESIAN_POINT('',(-4.403692245483,-0.433725833893,
    18.889999389648));
#13235 = VECTOR('',#13236,1.);
#13236 = DIRECTION('',(-4.906850449326E-02,0.998795415421,0.));
#13237 = ORIENTED_EDGE('',*,*,#13238,.F.);
#13238 = EDGE_CURVE('',#13239,#13231,#13241,.T.);
#13239 = VERTEX_POINT('',#13240);
#13240 = CARTESIAN_POINT('',(-4.339974880219,-0.863274693489,
    18.889999389648));
#13241 = LINE('',#13242,#13243);
#13242 = CARTESIAN_POINT('',(-4.339974880219,-0.863274693489,
    18.889999389648));
#13243 = VECTOR('',#13244,1.);
#13244 = DIRECTION('',(-0.146730048548,0.989176573142,0.));
#13245 = ORIENTED_EDGE('',*,*,#13246,.F.);
#13246 = EDGE_CURVE('',#13247,#13239,#13249,.T.);
#13247 = VERTEX_POINT('',#13248);
#13248 = CARTESIAN_POINT('',(-4.234460830688,-1.284509658813,
    18.889999389648));
#13249 = LINE('',#13250,#13251);
#13250 = CARTESIAN_POINT('',(-4.234460830688,-1.284509658813,
    18.889999389648));
#13251 = VECTOR('',#13252,1.);
#13252 = DIRECTION('',(-0.24298057761,0.970031153574,0.));
#13253 = ORIENTED_EDGE('',*,*,#13254,.F.);
#13254 = EDGE_CURVE('',#13255,#13247,#13257,.T.);
#13255 = VERTEX_POINT('',#13256);
#13256 = CARTESIAN_POINT('',(-4.088166713715,-1.693374156952,
    18.889999389648));
#13257 = LINE('',#13258,#13259);
#13258 = CARTESIAN_POINT('',(-4.088166713715,-1.693374156952,
    18.889999389648));
#13259 = VECTOR('',#13260,1.);
#13260 = DIRECTION('',(-0.336889976488,0.941544021139,0.));
#13261 = ORIENTED_EDGE('',*,*,#13262,.F.);
#13262 = EDGE_CURVE('',#13263,#13255,#13265,.T.);
#13263 = VERTEX_POINT('',#13264);
#13264 = CARTESIAN_POINT('',(-3.902501583099,-2.085930585861,
    18.889999389648));
#13265 = LINE('',#13266,#13267);
#13266 = CARTESIAN_POINT('',(-3.902501583099,-2.085930585861,
    18.889999389648));
#13267 = VECTOR('',#13268,1.);
#13268 = DIRECTION('',(-0.427554655317,0.903989500336,0.));
#13269 = ORIENTED_EDGE('',*,*,#13270,.F.);
#13270 = EDGE_CURVE('',#13271,#13263,#13273,.T.);
#13271 = VERTEX_POINT('',#13272);
#13272 = CARTESIAN_POINT('',(-3.679253101349,-2.458398342133,
    18.889999389648));
#13273 = LINE('',#13274,#13275);
#13274 = CARTESIAN_POINT('',(-3.679253101349,-2.458398342133,
    18.889999389648));
#13275 = VECTOR('',#13276,1.);
#13276 = DIRECTION('',(-0.514102574946,0.857728711443,0.));
#13277 = ORIENTED_EDGE('',*,*,#13278,.F.);
#13278 = EDGE_CURVE('',#13279,#13271,#13281,.T.);
#13279 = VERTEX_POINT('',#13280);
#13280 = CARTESIAN_POINT('',(-3.420571327209,-2.807190179825,
    18.889999389648));
#13281 = LINE('',#13282,#13283);
#13282 = CARTESIAN_POINT('',(-3.420571327209,-2.807190179825,
    18.889999389648));
#13283 = VECTOR('',#13284,1.);
#13284 = DIRECTION('',(-0.595699478581,0.803207402368,0.));
#13285 = ORIENTED_EDGE('',*,*,#13286,.F.);
#13286 = EDGE_CURVE('',#13287,#13279,#13289,.T.);
#13287 = VERTEX_POINT('',#13288);
#13288 = CARTESIAN_POINT('',(-3.128947496414,-3.128947496414,
    18.889999389648));
#13289 = LINE('',#13290,#13291);
#13290 = CARTESIAN_POINT('',(-3.128947496414,-3.128947496414,
    18.889999389648));
#13291 = VECTOR('',#13292,1.);
#13292 = DIRECTION('',(-0.671558952057,0.740951127884,0.));
#13293 = ORIENTED_EDGE('',*,*,#13294,.F.);
#13294 = EDGE_CURVE('',#13295,#13287,#13297,.T.);
#13295 = VERTEX_POINT('',#13296);
#13296 = CARTESIAN_POINT('',(-2.807190179825,-3.420571327209,
    18.889999389648));
#13297 = LINE('',#13298,#13299);
#13298 = CARTESIAN_POINT('',(-2.807190179825,-3.420571327209,
    18.889999389648));
#13299 = VECTOR('',#13300,1.);
#13300 = DIRECTION('',(-0.740951127884,0.671558952057,0.));
#13301 = ORIENTED_EDGE('',*,*,#13302,.F.);
#13302 = EDGE_CURVE('',#13303,#13295,#13305,.T.);
#13303 = VERTEX_POINT('',#13304);
#13304 = CARTESIAN_POINT('',(-2.458398342133,-3.679253101349,
    18.889999389648));
#13305 = LINE('',#13306,#13307);
#13306 = CARTESIAN_POINT('',(-2.458398342133,-3.679253101349,
    18.889999389648));
#13307 = VECTOR('',#13308,1.);
#13308 = DIRECTION('',(-0.803207402368,0.595699478581,0.));
#13309 = ORIENTED_EDGE('',*,*,#13310,.F.);
#13310 = EDGE_CURVE('',#13311,#13303,#13313,.T.);
#13311 = VERTEX_POINT('',#13312);
#13312 = CARTESIAN_POINT('',(-2.085930585861,-3.902501583099,
    18.889999389648));
#13313 = LINE('',#13314,#13315);
#13314 = CARTESIAN_POINT('',(-2.085930585861,-3.902501583099,
    18.889999389648));
#13315 = VECTOR('',#13316,1.);
#13316 = DIRECTION('',(-0.857728711443,0.514102574946,0.));
#13317 = ORIENTED_EDGE('',*,*,#13318,.F.);
#13318 = EDGE_CURVE('',#13319,#13311,#13321,.T.);
#13319 = VERTEX_POINT('',#13320);
#13320 = CARTESIAN_POINT('',(-1.693374156952,-4.088166713715,
    18.889999389648));
#13321 = LINE('',#13322,#13323);
#13322 = CARTESIAN_POINT('',(-1.693374156952,-4.088166713715,
    18.889999389648));
#13323 = VECTOR('',#13324,1.);
#13324 = DIRECTION('',(-0.903989500336,0.427554655317,0.));
#13325 = ORIENTED_EDGE('',*,*,#13326,.F.);
#13326 = EDGE_CURVE('',#13327,#13319,#13329,.T.);
#13327 = VERTEX_POINT('',#13328);
#13328 = CARTESIAN_POINT('',(-1.284509658813,-4.234460830688,
    18.889999389648));
#13329 = LINE('',#13330,#13331);
#13330 = CARTESIAN_POINT('',(-1.284509658813,-4.234460830688,
    18.889999389648));
#13331 = VECTOR('',#13332,1.);
#13332 = DIRECTION('',(-0.941544021139,0.336889976488,0.));
#13333 = ORIENTED_EDGE('',*,*,#13334,.F.);
#13334 = EDGE_CURVE('',#13335,#13327,#13337,.T.);
#13335 = VERTEX_POINT('',#13336);
#13336 = CARTESIAN_POINT('',(-0.863274693489,-4.339974880219,
    18.889999389648));
#13337 = LINE('',#13338,#13339);
#13338 = CARTESIAN_POINT('',(-0.863274693489,-4.339974880219,
    18.889999389648));
#13339 = VECTOR('',#13340,1.);
#13340 = DIRECTION('',(-0.970031153574,0.24298057761,0.));
#13341 = ORIENTED_EDGE('',*,*,#13342,.F.);
#13342 = EDGE_CURVE('',#13343,#13335,#13345,.T.);
#13343 = VERTEX_POINT('',#13344);
#13344 = CARTESIAN_POINT('',(-0.433725833893,-4.403692245483,
    18.889999389648));
#13345 = LINE('',#13346,#13347);
#13346 = CARTESIAN_POINT('',(-0.433725833893,-4.403692245483,
    18.889999389648));
#13347 = VECTOR('',#13348,1.);
#13348 = DIRECTION('',(-0.989176573142,0.146730048548,0.));
#13349 = ORIENTED_EDGE('',*,*,#13350,.F.);
#13350 = EDGE_CURVE('',#13351,#13343,#13353,.T.);
#13351 = VERTEX_POINT('',#13352);
#13352 = CARTESIAN_POINT('',(0.,-4.425000190735,18.889999389648));
#13353 = LINE('',#13354,#13355);
#13354 = CARTESIAN_POINT('',(0.,-4.425000190735,18.889999389648));
#13355 = VECTOR('',#13356,1.);
#13356 = DIRECTION('',(-0.998795415421,4.906850449326E-02,0.));
#13357 = ORIENTED_EDGE('',*,*,#13358,.F.);
#13358 = EDGE_CURVE('',#13359,#13351,#13361,.T.);
#13359 = VERTEX_POINT('',#13360);
#13360 = CARTESIAN_POINT('',(0.433725833893,-4.403692245483,
    18.889999389648));
#13361 = LINE('',#13362,#13363);
#13362 = CARTESIAN_POINT('',(0.433725833893,-4.403692245483,
    18.889999389648));
#13363 = VECTOR('',#13364,1.);
#13364 = DIRECTION('',(-0.998795415421,-4.906850449326E-02,0.));
#13365 = ORIENTED_EDGE('',*,*,#13366,.F.);
#13366 = EDGE_CURVE('',#13367,#13359,#13369,.T.);
#13367 = VERTEX_POINT('',#13368);
#13368 = CARTESIAN_POINT('',(0.863274693489,-4.339974880219,
    18.889999389648));
#13369 = LINE('',#13370,#13371);
#13370 = CARTESIAN_POINT('',(0.863274693489,-4.339974880219,
    18.889999389648));
#13371 = VECTOR('',#13372,1.);
#13372 = DIRECTION('',(-0.989176573142,-0.146730048548,0.));
#13373 = ORIENTED_EDGE('',*,*,#13374,.F.);
#13374 = EDGE_CURVE('',#12512,#13367,#13375,.T.);
#13375 = LINE('',#13376,#13377);
#13376 = CARTESIAN_POINT('',(1.284509658813,-4.234460830688,
    18.889999389648));
#13377 = VECTOR('',#13378,1.);
#13378 = DIRECTION('',(-0.970031153574,-0.24298057761,0.));
#13379 = ORIENTED_EDGE('',*,*,#12511,.F.);
#13380 = ORIENTED_EDGE('',*,*,#12543,.F.);
#13381 = ORIENTED_EDGE('',*,*,#12589,.F.);
#13382 = ORIENTED_EDGE('',*,*,#12626,.F.);
#13383 = ORIENTED_EDGE('',*,*,#12681,.F.);
#13384 = ORIENTED_EDGE('',*,*,#12718,.F.);
#13385 = ORIENTED_EDGE('',*,*,#12764,.F.);
#13386 = ORIENTED_EDGE('',*,*,#12819,.F.);
#13387 = PLANE('',#13388);
#13388 = AXIS2_PLACEMENT_3D('',#13389,#13390,#13391);
#13389 = CARTESIAN_POINT('',(7.190581623044E-17,-2.197122162597E-16,
    18.889999389648));
#13390 = DIRECTION('',(0.,0.,1.));
#13391 = DIRECTION('',(1.,0.,-0.));
#13392 = ADVANCED_FACE('',(#13393),#13410,.T.);
#13393 = FACE_BOUND('',#13394,.T.);
#13394 = EDGE_LOOP('',(#13395,#13396,#13404));
#13395 = ORIENTED_EDGE('',*,*,#12958,.T.);
#13396 = ORIENTED_EDGE('',*,*,#13397,.F.);
#13397 = EDGE_CURVE('',#13398,#12951,#13400,.T.);
#13398 = VERTEX_POINT('',#13399);
#13399 = CARTESIAN_POINT('',(4.91863822937,-0.978377938271,
    18.299999237061));
#13400 = LINE('',#13401,#13402);
#13401 = CARTESIAN_POINT('',(4.91863822937,-0.978377938271,
    18.299999237061));
#13402 = VECTOR('',#13403,1.);
#13403 = DIRECTION('',(-0.693519859136,0.137949614787,0.707106858094));
#13404 = ORIENTED_EDGE('',*,*,#13405,.T.);
#13405 = EDGE_CURVE('',#13398,#12959,#13406,.T.);
#13406 = LINE('',#13407,#13408);
#13407 = CARTESIAN_POINT('',(4.91863822937,-0.978377938271,
    18.299999237061));
#13408 = VECTOR('',#13409,1.);
#13409 = DIRECTION('',(-0.539835142511,0.570977064753,0.61851694434));
#13410 = PLANE('',#13411);
#13411 = AXIS2_PLACEMENT_3D('',#13412,#13413,#13414);
#13412 = CARTESIAN_POINT('',(4.592673736944,-0.775438161636,
    18.652637891198));
#13413 = DIRECTION('',(0.699874932545,-0.103816331298,0.70668044274));
#13414 = DIRECTION('',(0.710519746354,0.,-0.7036772627));
#13415 = ADVANCED_FACE('',(#13416),#13433,.T.);
#13416 = FACE_BOUND('',#13417,.T.);
#13417 = EDGE_LOOP('',(#13418,#13426,#13427));
#13418 = ORIENTED_EDGE('',*,*,#13419,.T.);
#13419 = EDGE_CURVE('',#13420,#12959,#13422,.T.);
#13420 = VERTEX_POINT('',#13421);
#13421 = CARTESIAN_POINT('',(4.990851402283,-0.491555958986,
    18.299999237061));
#13422 = LINE('',#13423,#13424);
#13423 = CARTESIAN_POINT('',(4.990851402283,-0.491555958986,
    18.299999237061));
#13424 = VECTOR('',#13425,1.);
#13425 = DIRECTION('',(-0.703701878725,6.930858048271E-02,0.707106771676
    ));
#13426 = ORIENTED_EDGE('',*,*,#13405,.F.);
#13427 = ORIENTED_EDGE('',*,*,#13428,.F.);
#13428 = EDGE_CURVE('',#13420,#13398,#13429,.T.);
#13429 = LINE('',#13430,#13431);
#13430 = CARTESIAN_POINT('',(4.990851402283,-0.491555958986,
    18.299999237061));
#13431 = VECTOR('',#13432,1.);
#13432 = DIRECTION('',(-0.146730382722,-0.989176523572,0.));
#13433 = PLANE('',#13434);
#13434 = AXIS2_PLACEMENT_3D('',#13435,#13436,#13437);
#13435 = CARTESIAN_POINT('',(4.737734861938,-0.623230541931,
    18.531334160407));
#13436 = DIRECTION('',(0.699874804661,-0.10381655397,0.706680536681));
#13437 = DIRECTION('',(0.710519857409,-1.387778780781E-17,
    -0.703677150565));
#13438 = ADVANCED_FACE('',(#13439),#13449,.T.);
#13439 = FACE_BOUND('',#13440,.T.);
#13440 = EDGE_LOOP('',(#13441,#13442,#13443));
#13441 = ORIENTED_EDGE('',*,*,#12966,.T.);
#13442 = ORIENTED_EDGE('',*,*,#13419,.F.);
#13443 = ORIENTED_EDGE('',*,*,#13444,.F.);
#13444 = EDGE_CURVE('',#12967,#13420,#13445,.T.);
#13445 = LINE('',#13446,#13447);
#13446 = CARTESIAN_POINT('',(4.425000190735,0.,18.889999389648));
#13447 = VECTOR('',#13448,1.);
#13448 = DIRECTION('',(0.593200938754,-0.515314715901,-0.618517089365));
#13449 = PLANE('',#13450);
#13450 = AXIS2_PLACEMENT_3D('',#13451,#13452,#13453);
#13451 = CARTESIAN_POINT('',(4.646565025208,-0.321543485651,
    18.652637894612));
#13452 = DIRECTION('',(0.706680472793,-3.471757420905E-02,0.706680549763
    ));
#13453 = DIRECTION('',(0.707106819695,0.,-0.707106742678));
#13454 = ADVANCED_FACE('',(#13455),#13472,.T.);
#13455 = FACE_BOUND('',#13456,.T.);
#13456 = EDGE_LOOP('',(#13457,#13458,#13466));
#13457 = ORIENTED_EDGE('',*,*,#13444,.T.);
#13458 = ORIENTED_EDGE('',*,*,#13459,.F.);
#13459 = EDGE_CURVE('',#13460,#13420,#13462,.T.);
#13460 = VERTEX_POINT('',#13461);
#13461 = CARTESIAN_POINT('',(5.014999866486,0.,18.299999237061));
#13462 = LINE('',#13463,#13464);
#13463 = CARTESIAN_POINT('',(5.014999866486,0.,18.299999237061));
#13464 = VECTOR('',#13465,1.);
#13465 = DIRECTION('',(-4.906740767876E-02,-0.998795469305,0.));
#13466 = ORIENTED_EDGE('',*,*,#13467,.T.);
#13467 = EDGE_CURVE('',#13460,#12967,#13468,.T.);
#13468 = LINE('',#13469,#13470);
#13469 = CARTESIAN_POINT('',(5.014999866486,0.,18.299999237061));
#13470 = VECTOR('',#13471,1.);
#13471 = DIRECTION('',(-0.707106495445,0.,0.707107066928));
#13472 = PLANE('',#13473);
#13473 = AXIS2_PLACEMENT_3D('',#13474,#13475,#13476);
#13474 = CARTESIAN_POINT('',(4.776008755443,-0.155850317827,
    18.531334141625));
#13475 = DIRECTION('',(0.706680815542,-3.471681314203E-02,0.706680244404
    ));
#13476 = DIRECTION('',(-0.707106495445,-3.469446951954E-18,
    0.707107066928));
#13477 = ADVANCED_FACE('',(#13478),#13488,.T.);
#13478 = FACE_BOUND('',#13479,.T.);
#13479 = EDGE_LOOP('',(#13480,#13481,#13482));
#13480 = ORIENTED_EDGE('',*,*,#12974,.F.);
#13481 = ORIENTED_EDGE('',*,*,#13467,.F.);
#13482 = ORIENTED_EDGE('',*,*,#13483,.F.);
#13483 = EDGE_CURVE('',#12975,#13460,#13484,.T.);
#13484 = LINE('',#13485,#13486);
#13485 = CARTESIAN_POINT('',(4.403692245483,0.433725833893,
    18.889999389648));
#13486 = VECTOR('',#13487,1.);
#13487 = DIRECTION('',(0.64085433948,-0.454689379365,-0.618517003697));
#13488 = PLANE('',#13489);
#13489 = AXIS2_PLACEMENT_3D('',#13490,#13491,#13492);
#13490 = CARTESIAN_POINT('',(4.655707248402,0.135447868213,
    18.652637900221));
#13491 = DIRECTION('',(0.706680796457,3.471759010989E-02,0.706680225318)
  );
#13492 = DIRECTION('',(-0.707106495445,0.,0.707107066928));
#13493 = ADVANCED_FACE('',(#13494),#13511,.T.);
#13494 = FACE_BOUND('',#13495,.T.);
#13495 = EDGE_LOOP('',(#13496,#13504,#13505));
#13496 = ORIENTED_EDGE('',*,*,#13497,.T.);
#13497 = EDGE_CURVE('',#13498,#12975,#13500,.T.);
#13498 = VERTEX_POINT('',#13499);
#13499 = CARTESIAN_POINT('',(4.990851402283,0.491555958986,
    18.299999237061));
#13500 = LINE('',#13501,#13502);
#13501 = CARTESIAN_POINT('',(4.990851402283,0.491555958986,
    18.299999237061));
#13502 = VECTOR('',#13503,1.);
#13503 = DIRECTION('',(-0.703701878725,-6.930858048271E-02,
    0.707106771676));
#13504 = ORIENTED_EDGE('',*,*,#13483,.T.);
#13505 = ORIENTED_EDGE('',*,*,#13506,.F.);
#13506 = EDGE_CURVE('',#13498,#13460,#13507,.T.);
#13507 = LINE('',#13508,#13509);
#13508 = CARTESIAN_POINT('',(4.990851402283,0.491555958986,
    18.299999237061));
#13509 = VECTOR('',#13510,1.);
#13510 = DIRECTION('',(4.906740767876E-02,-0.998795469305,0.));
#13511 = PLANE('',#13512);
#13512 = AXIS2_PLACEMENT_3D('',#13513,#13514,#13515);
#13513 = CARTESIAN_POINT('',(4.768286811337,0.313030873683,
    18.53133415504));
#13514 = DIRECTION('',(0.706680529956,3.471679911219E-02,0.706680530678)
  );
#13515 = DIRECTION('',(0.707106781548,3.469446951954E-18,-0.707106780825
    ));
#13516 = ADVANCED_FACE('',(#13517),#13527,.T.);
#13517 = FACE_BOUND('',#13518,.T.);
#13518 = EDGE_LOOP('',(#13519,#13520,#13521));
#13519 = ORIENTED_EDGE('',*,*,#12982,.F.);
#13520 = ORIENTED_EDGE('',*,*,#13497,.F.);
#13521 = ORIENTED_EDGE('',*,*,#13522,.T.);
#13522 = EDGE_CURVE('',#13498,#12983,#13523,.T.);
#13523 = LINE('',#13524,#13525);
#13524 = CARTESIAN_POINT('',(4.990851402283,0.491555958986,
    18.299999237061));
#13525 = VECTOR('',#13526,1.);
#13526 = DIRECTION('',(-0.682335765022,0.38968526054,0.618517017947));
#13527 = PLANE('',#13528);
#13528 = AXIS2_PLACEMENT_3D('',#13529,#13530,#13531);
#13529 = CARTESIAN_POINT('',(4.620012551632,0.59113475068,
    18.652637891498));
#13530 = DIRECTION('',(0.699874833932,0.103816316671,0.706680542552));
#13531 = DIRECTION('',(0.710519845617,-6.938893903907E-18,
    -0.703677162472));
#13532 = ADVANCED_FACE('',(#13533),#13550,.T.);
#13533 = FACE_BOUND('',#13534,.T.);
#13534 = EDGE_LOOP('',(#13535,#13543,#13544));
#13535 = ORIENTED_EDGE('',*,*,#13536,.T.);
#13536 = EDGE_CURVE('',#13537,#12983,#13539,.T.);
#13537 = VERTEX_POINT('',#13538);
#13538 = CARTESIAN_POINT('',(4.91863822937,0.978377938271,
    18.299999237061));
#13539 = LINE('',#13540,#13541);
#13540 = CARTESIAN_POINT('',(4.91863822937,0.978377938271,
    18.299999237061));
#13541 = VECTOR('',#13542,1.);
#13542 = DIRECTION('',(-0.693519859136,-0.137949614787,0.707106858094));
#13543 = ORIENTED_EDGE('',*,*,#13522,.F.);
#13544 = ORIENTED_EDGE('',*,*,#13545,.F.);
#13545 = EDGE_CURVE('',#13537,#13498,#13546,.T.);
#13546 = LINE('',#13547,#13548);
#13547 = CARTESIAN_POINT('',(4.91863822937,0.978377938271,
    18.299999237061));
#13548 = VECTOR('',#13549,1.);
#13549 = DIRECTION('',(0.146730382722,-0.989176523572,0.));
#13550 = PLANE('',#13551);
#13551 = AXIS2_PLACEMENT_3D('',#13552,#13553,#13554);
#13552 = CARTESIAN_POINT('',(4.714643944964,0.778897392136,
    18.531334154391));
#13553 = DIRECTION('',(0.699874891672,0.103816566877,0.706680448611));
#13554 = DIRECTION('',(0.710519769823,-6.938893903907E-18,
    -0.703677239002));
#13555 = ADVANCED_FACE('',(#13556),#13573,.T.);
#13556 = FACE_BOUND('',#13557,.T.);
#13557 = EDGE_LOOP('',(#13558,#13566,#13567));
#13558 = ORIENTED_EDGE('',*,*,#13559,.T.);
#13559 = EDGE_CURVE('',#13560,#13071,#13562,.T.);
#13560 = VERTEX_POINT('',#13561);
#13561 = CARTESIAN_POINT('',(1.919157385826,4.633255958557,
    18.299999237061));
#13562 = LINE('',#13563,#13564);
#13563 = CARTESIAN_POINT('',(1.919157385826,4.633255958557,
    18.299999237061));
#13564 = VECTOR('',#13565,1.);
#13565 = DIRECTION('',(-0.665322490008,-0.418070302915,0.618516940843));
#13566 = ORIENTED_EDGE('',*,*,#13070,.F.);
#13567 = ORIENTED_EDGE('',*,*,#13568,.T.);
#13568 = EDGE_CURVE('',#13063,#13560,#13569,.T.);
#13569 = LINE('',#13570,#13571);
#13570 = CARTESIAN_POINT('',(1.693374156952,4.088166713715,
    18.889999389648));
#13571 = VECTOR('',#13572,1.);
#13572 = DIRECTION('',(0.270597951342,0.653281617455,-0.70710669423));
#13573 = PLANE('',#13574);
#13574 = AXIS2_PLACEMENT_3D('',#13575,#13576,#13577);
#13575 = CARTESIAN_POINT('',(1.656524527043,4.353146275186,
    18.652637888636));
#13576 = DIRECTION('',(0.238360670361,0.666173171409,0.70668061847));
#13577 = DIRECTION('',(1.387778780781E-17,0.727654005082,-0.685944348245
    ));
#13578 = ADVANCED_FACE('',(#13579),#13596,.T.);
#13579 = FACE_BOUND('',#13580,.T.);
#13580 = EDGE_LOOP('',(#13581,#13589,#13590));
#13581 = ORIENTED_EDGE('',*,*,#13582,.F.);
#13582 = EDGE_CURVE('',#13071,#13583,#13585,.T.);
#13583 = VERTEX_POINT('',#13584);
#13584 = CARTESIAN_POINT('',(1.455777645111,4.799055576324,
    18.299999237061));
#13585 = LINE('',#13586,#13587);
#13586 = CARTESIAN_POINT('',(1.284509658813,4.234460830688,
    18.889999389648));
#13587 = VECTOR('',#13588,1.);
#13588 = DIRECTION('',(0.20526227662,0.676658874564,-0.707106898051));
#13589 = ORIENTED_EDGE('',*,*,#13559,.F.);
#13590 = ORIENTED_EDGE('',*,*,#13591,.F.);
#13591 = EDGE_CURVE('',#13583,#13560,#13592,.T.);
#13592 = LINE('',#13593,#13594);
#13593 = CARTESIAN_POINT('',(1.455777645111,4.799055576324,
    18.299999237061));
#13594 = VECTOR('',#13595,1.);
#13595 = DIRECTION('',(0.941544261503,-0.336889304714,0.));
#13596 = PLANE('',#13597);
#13597 = AXIS2_PLACEMENT_3D('',#13598,#13599,#13600);
#13598 = CARTESIAN_POINT('',(1.535541562997,4.525114321091,
    18.531334165103));
#13599 = DIRECTION('',(0.238360261817,0.666173528049,0.706680420072));
#13600 = DIRECTION('',(-1.387778780781E-17,0.727653725668,
    -0.685944644649));
#13601 = ADVANCED_FACE('',(#13602),#13619,.T.);
#13602 = FACE_BOUND('',#13603,.T.);
#13603 = EDGE_LOOP('',(#13604,#13605,#13613));
#13604 = ORIENTED_EDGE('',*,*,#13568,.F.);
#13605 = ORIENTED_EDGE('',*,*,#13606,.T.);
#13606 = EDGE_CURVE('',#13063,#13607,#13609,.T.);
#13607 = VERTEX_POINT('',#13608);
#13608 = CARTESIAN_POINT('',(2.364054679871,4.422835350037,
    18.299999237061));
#13609 = LINE('',#13610,#13611);
#13610 = CARTESIAN_POINT('',(1.693374156952,4.088166713715,
    18.889999389648));
#13611 = VECTOR('',#13612,1.);
#13612 = DIRECTION('',(0.703096812907,0.35084431937,-0.618516883558));
#13613 = ORIENTED_EDGE('',*,*,#13614,.F.);
#13614 = EDGE_CURVE('',#13560,#13607,#13615,.T.);
#13615 = LINE('',#13616,#13617);
#13616 = CARTESIAN_POINT('',(1.919157385826,4.633255958557,
    18.299999237061));
#13617 = VECTOR('',#13618,1.);
#13618 = DIRECTION('',(0.903989403426,-0.427554860215,0.));
#13619 = PLANE('',#13620);
#13620 = AXIS2_PLACEMENT_3D('',#13621,#13622,#13623);
#13621 = CARTESIAN_POINT('',(1.971686300618,4.352815370048,
    18.531334160125));
#13622 = DIRECTION('',(0.302509041235,0.639602056166,0.706680613658));
#13623 = DIRECTION('',(0.,0.741418661434,-0.671042747131));
#13624 = ADVANCED_FACE('',(#13625),#13635,.T.);
#13625 = FACE_BOUND('',#13626,.T.);
#13626 = EDGE_LOOP('',(#13627,#13628,#13629));
#13627 = ORIENTED_EDGE('',*,*,#13606,.F.);
#13628 = ORIENTED_EDGE('',*,*,#13062,.F.);
#13629 = ORIENTED_EDGE('',*,*,#13630,.T.);
#13630 = EDGE_CURVE('',#13055,#13607,#13631,.T.);
#13631 = LINE('',#13632,#13633);
#13632 = CARTESIAN_POINT('',(2.085930585861,3.902501583099,
    18.889999389648));
#13633 = VECTOR('',#13634,1.);
#13634 = DIRECTION('',(0.333327751628,0.62361258289,-0.707106750397));
#13635 = PLANE('',#13636);
#13636 = AXIS2_PLACEMENT_3D('',#13637,#13638,#13639);
#13637 = CARTESIAN_POINT('',(2.075230911,4.169816976204,18.652637881191)
  );
#13638 = DIRECTION('',(0.302508923178,0.63960218164,0.70668055063));
#13639 = DIRECTION('',(0.,0.741418566163,-0.671042852394));
#13640 = ADVANCED_FACE('',(#13641),#13658,.T.);
#13641 = FACE_BOUND('',#13642,.T.);
#13642 = EDGE_LOOP('',(#13643,#13644,#13652));
#13643 = ORIENTED_EDGE('',*,*,#13630,.F.);
#13644 = ORIENTED_EDGE('',*,*,#13645,.F.);
#13645 = EDGE_CURVE('',#13646,#13055,#13648,.T.);
#13646 = VERTEX_POINT('',#13647);
#13647 = CARTESIAN_POINT('',(2.78618478775,4.169820308685,
    18.299999237061));
#13648 = LINE('',#13649,#13650);
#13649 = CARTESIAN_POINT('',(2.78618478775,4.169820308685,
    18.299999237061));
#13650 = VECTOR('',#13651,1.);
#13651 = DIRECTION('',(-0.734099974591,-0.280239189041,0.618516955492));
#13652 = ORIENTED_EDGE('',*,*,#13653,.F.);
#13653 = EDGE_CURVE('',#13607,#13646,#13654,.T.);
#13654 = LINE('',#13655,#13656);
#13655 = CARTESIAN_POINT('',(2.364054679871,4.422835350037,
    18.299999237061));
#13656 = VECTOR('',#13657,1.);
#13657 = DIRECTION('',(0.857728617459,-0.514102731749,0.));
#13658 = PLANE('',#13659);
#13659 = AXIS2_PLACEMENT_3D('',#13660,#13661,#13662);
#13660 = CARTESIAN_POINT('',(2.388842659811,4.138596435216,
    18.531334154725));
#13661 = DIRECTION('',(0.363744520316,0.606871088698,0.70668055417));
#13662 = DIRECTION('',(-2.775557561563E-17,0.75864895479,-0.651499626551
    ));
#13663 = ADVANCED_FACE('',(#13664),#13674,.T.);
#13664 = FACE_BOUND('',#13665,.T.);
#13665 = EDGE_LOOP('',(#13666,#13667,#13668));
#13666 = ORIENTED_EDGE('',*,*,#13645,.T.);
#13667 = ORIENTED_EDGE('',*,*,#13054,.F.);
#13668 = ORIENTED_EDGE('',*,*,#13669,.T.);
#13669 = EDGE_CURVE('',#13047,#13646,#13670,.T.);
#13670 = LINE('',#13671,#13672);
#13671 = CARTESIAN_POINT('',(2.458398342133,3.679253101349,
    18.889999389648));
#13672 = VECTOR('',#13673,1.);
#13673 = DIRECTION('',(0.392847398972,0.587937829643,-0.707106802114));
#13674 = PLANE('',#13675);
#13675 = AXIS2_PLACEMENT_3D('',#13676,#13677,#13678);
#13676 = CARTESIAN_POINT('',(2.47395167453,3.946330048321,
    18.652637888536));
#13677 = DIRECTION('',(0.363744435476,0.606871198745,0.706680503336));
#13678 = DIRECTION('',(-2.775557561563E-17,0.758648873235,
    -0.651499721519));
#13679 = ADVANCED_FACE('',(#13680),#13697,.T.);
#13680 = FACE_BOUND('',#13681,.T.);
#13681 = EDGE_LOOP('',(#13682,#13683,#13691));
#13682 = ORIENTED_EDGE('',*,*,#13669,.F.);
#13683 = ORIENTED_EDGE('',*,*,#13684,.F.);
#13684 = EDGE_CURVE('',#13685,#13047,#13687,.T.);
#13685 = VERTEX_POINT('',#13686);
#13686 = CARTESIAN_POINT('',(3.181482315063,3.876647472382,
    18.299999237061));
#13687 = LINE('',#13688,#13689);
#13688 = CARTESIAN_POINT('',(3.181482315063,3.876647472382,
    18.299999237061));
#13689 = VECTOR('',#13690,1.);
#13690 = DIRECTION('',(-0.758033305637,-0.206935173769,0.618517050212));
#13691 = ORIENTED_EDGE('',*,*,#13692,.F.);
#13692 = EDGE_CURVE('',#13646,#13685,#13693,.T.);
#13693 = LINE('',#13694,#13695);
#13694 = CARTESIAN_POINT('',(2.78618478775,4.169820308685,
    18.299999237061));
#13695 = VECTOR('',#13696,1.);
#13696 = DIRECTION('',(0.803207328064,-0.595699578768,0.));
#13697 = PLANE('',#13698);
#13698 = AXIS2_PLACEMENT_3D('',#13699,#13700,#13701);
#13699 = CARTESIAN_POINT('',(2.782993105618,3.88452042726,
    18.531334148127));
#13700 = DIRECTION('',(0.421476996145,0.568295536845,0.706680496775));
#13701 = DIRECTION('',(0.,0.779278817759,-0.626677368502));
#13702 = ADVANCED_FACE('',(#13703),#13713,.T.);
#13703 = FACE_BOUND('',#13704,.T.);
#13704 = EDGE_LOOP('',(#13705,#13706,#13707));
#13705 = ORIENTED_EDGE('',*,*,#13684,.T.);
#13706 = ORIENTED_EDGE('',*,*,#13046,.F.);
#13707 = ORIENTED_EDGE('',*,*,#13708,.T.);
#13708 = EDGE_CURVE('',#13039,#13685,#13709,.T.);
#13709 = LINE('',#13710,#13711);
#13710 = CARTESIAN_POINT('',(2.807190179825,3.420571327209,
    18.889999389648));
#13711 = VECTOR('',#13712,1.);
#13712 = DIRECTION('',(0.448583835138,0.546600815392,-0.707106845863));
#13713 = PLANE('',#13714);
#13714 = AXIS2_PLACEMENT_3D('',#13715,#13716,#13717);
#13715 = CARTESIAN_POINT('',(2.848846843052,3.684837693656,
    18.652637880412));
#13716 = DIRECTION('',(0.421476945896,0.568295617243,0.70668046209));
#13717 = DIRECTION('',(-2.775557561563E-17,0.779278759441,-0.62667744102
    ));
#13718 = ADVANCED_FACE('',(#13719),#13736,.T.);
#13719 = FACE_BOUND('',#13720,.T.);
#13720 = EDGE_LOOP('',(#13721,#13722,#13730));
#13721 = ORIENTED_EDGE('',*,*,#13708,.F.);
#13722 = ORIENTED_EDGE('',*,*,#13723,.F.);
#13723 = EDGE_CURVE('',#13724,#13039,#13726,.T.);
#13724 = VERTEX_POINT('',#13725);
#13725 = CARTESIAN_POINT('',(3.546140432358,3.546140432358,
    18.299999237061));
#13726 = LINE('',#13727,#13728);
#13727 = CARTESIAN_POINT('',(3.546140432358,3.546140432358,
    18.299999237061));
#13728 = VECTOR('',#13729,1.);
#13729 = DIRECTION('',(-0.774666416199,-0.131638318462,0.618517014096));
#13730 = ORIENTED_EDGE('',*,*,#13731,.F.);
#13731 = EDGE_CURVE('',#13685,#13724,#13732,.T.);
#13732 = LINE('',#13733,#13734);
#13733 = CARTESIAN_POINT('',(3.181482315063,3.876647472382,
    18.299999237061));
#13734 = VECTOR('',#13735,1.);
#13735 = DIRECTION('',(0.740950935524,-0.671559164293,0.));
#13736 = PLANE('',#13737);
#13737 = AXIS2_PLACEMENT_3D('',#13738,#13739,#13740);
#13738 = CARTESIAN_POINT('',(3.150341703375,3.593034291986,
    18.531334148348));
#13739 = DIRECTION('',(0.47515016731,0.524247124754,0.706680458688));
#13740 = DIRECTION('',(0.,0.80313293202,-0.59579987706));
#13741 = ADVANCED_FACE('',(#13742),#13752,.T.);
#13742 = FACE_BOUND('',#13743,.T.);
#13743 = EDGE_LOOP('',(#13744,#13745,#13746));
#13744 = ORIENTED_EDGE('',*,*,#13723,.T.);
#13745 = ORIENTED_EDGE('',*,*,#13038,.F.);
#13746 = ORIENTED_EDGE('',*,*,#13747,.T.);
#13747 = EDGE_CURVE('',#13031,#13724,#13748,.T.);
#13748 = LINE('',#13749,#13750);
#13749 = CARTESIAN_POINT('',(3.128947496414,3.128947496414,
    18.889999389648));
#13750 = VECTOR('',#13751,1.);
#13751 = DIRECTION('',(0.499999896419,0.499999896419,-0.707106927672));
#13752 = PLANE('',#13753);
#13753 = AXIS2_PLACEMENT_3D('',#13754,#13755,#13756);
#13754 = CARTESIAN_POINT('',(3.196306028076,3.387858290951,
    18.652637908912));
#13755 = DIRECTION('',(0.475150070572,0.5242473198,0.706680379039));
#13756 = DIRECTION('',(5.551115123126E-17,0.803132793818,-0.595800063355
    ));
#13757 = ADVANCED_FACE('',(#13758),#13775,.T.);
#13758 = FACE_BOUND('',#13759,.T.);
#13759 = EDGE_LOOP('',(#13760,#13761,#13769));
#13760 = ORIENTED_EDGE('',*,*,#13747,.F.);
#13761 = ORIENTED_EDGE('',*,*,#13762,.F.);
#13762 = EDGE_CURVE('',#13763,#13031,#13765,.T.);
#13763 = VERTEX_POINT('',#13764);
#13764 = CARTESIAN_POINT('',(3.876647472382,3.181482315063,
    18.299999237061));
#13765 = LINE('',#13766,#13767);
#13766 = CARTESIAN_POINT('',(3.876647472382,3.181482315063,
    18.299999237061));
#13767 = VECTOR('',#13768,1.);
#13768 = DIRECTION('',(-0.783839008953,-5.50740156602E-02,0.618516985089
    ));
#13769 = ORIENTED_EDGE('',*,*,#13770,.F.);
#13770 = EDGE_CURVE('',#13724,#13763,#13771,.T.);
#13771 = LINE('',#13772,#13773);
#13772 = CARTESIAN_POINT('',(3.546140432358,3.546140432358,
    18.299999237061));
#13773 = VECTOR('',#13774,1.);
#13774 = DIRECTION('',(0.671559164293,-0.740950935524,0.));
#13775 = PLANE('',#13776);
#13776 = AXIS2_PLACEMENT_3D('',#13777,#13778,#13779);
#13777 = CARTESIAN_POINT('',(3.48735095302,3.266945307725,
    18.531334146901));
#13778 = DIRECTION('',(0.524247180016,0.475150217396,0.706680384017));
#13779 = DIRECTION('',(0.803132871844,-2.775557561563E-17,
    -0.595799958177));
#13780 = ADVANCED_FACE('',(#13781),#13791,.T.);
#13781 = FACE_BOUND('',#13782,.T.);
#13782 = EDGE_LOOP('',(#13783,#13784,#13790));
#13783 = ORIENTED_EDGE('',*,*,#13030,.F.);
#13784 = ORIENTED_EDGE('',*,*,#13785,.T.);
#13785 = EDGE_CURVE('',#13023,#13763,#13786,.T.);
#13786 = LINE('',#13787,#13788);
#13787 = CARTESIAN_POINT('',(3.420571327209,2.807190179825,
    18.889999389648));
#13788 = VECTOR('',#13789,1.);
#13789 = DIRECTION('',(0.546600815392,0.448583835138,-0.707106845863));
#13790 = ORIENTED_EDGE('',*,*,#13762,.T.);
#13791 = PLANE('',#13792);
#13792 = AXIS2_PLACEMENT_3D('',#13793,#13794,#13795);
#13793 = CARTESIAN_POINT('',(3.512983230845,3.058252020033,
    18.652637905249));
#13794 = DIRECTION('',(0.524247257171,0.475150013807,0.706680463666));
#13795 = DIRECTION('',(0.803132862018,-2.775557561563E-17,
    -0.595799971422));
#13796 = ADVANCED_FACE('',(#13797),#13814,.T.);
#13797 = FACE_BOUND('',#13798,.T.);
#13798 = EDGE_LOOP('',(#13799,#13800,#13808));
#13799 = ORIENTED_EDGE('',*,*,#13785,.F.);
#13800 = ORIENTED_EDGE('',*,*,#13801,.F.);
#13801 = EDGE_CURVE('',#13802,#13023,#13804,.T.);
#13802 = VERTEX_POINT('',#13803);
#13803 = CARTESIAN_POINT('',(4.169820308685,2.78618478775,
    18.299999237061));
#13804 = LINE('',#13805,#13806);
#13805 = CARTESIAN_POINT('',(4.169820308685,2.78618478775,
    18.299999237061));
#13806 = VECTOR('',#13807,1.);
#13807 = DIRECTION('',(-0.785462839665,2.202065710477E-02,0.618516950589
    ));
#13808 = ORIENTED_EDGE('',*,*,#13809,.F.);
#13809 = EDGE_CURVE('',#13763,#13802,#13810,.T.);
#13810 = LINE('',#13811,#13812);
#13811 = CARTESIAN_POINT('',(3.876647472382,3.181482315063,
    18.299999237061));
#13812 = VECTOR('',#13813,1.);
#13813 = DIRECTION('',(0.595699578768,-0.803207328064,0.));
#13814 = PLANE('',#13815);
#13815 = AXIS2_PLACEMENT_3D('',#13816,#13817,#13818);
#13816 = CARTESIAN_POINT('',(3.790775155411,2.909393913001,
    18.531334150975));
#13817 = DIRECTION('',(0.568295562932,0.421477015492,0.706680464258));
#13818 = DIRECTION('',(0.779278789628,-2.775557561563E-17,
    -0.626677403482));
#13819 = ADVANCED_FACE('',(#13820),#13830,.T.);
#13820 = FACE_BOUND('',#13821,.T.);
#13821 = EDGE_LOOP('',(#13822,#13823,#13829));
#13822 = ORIENTED_EDGE('',*,*,#13022,.F.);
#13823 = ORIENTED_EDGE('',*,*,#13824,.T.);
#13824 = EDGE_CURVE('',#13015,#13802,#13825,.T.);
#13825 = LINE('',#13826,#13827);
#13826 = CARTESIAN_POINT('',(3.679253101349,2.458398342133,
    18.889999389648));
#13827 = VECTOR('',#13828,1.);
#13828 = DIRECTION('',(0.587937829643,0.392847398972,-0.707106802114));
#13829 = ORIENTED_EDGE('',*,*,#13801,.T.);
#13830 = PLANE('',#13831);
#13831 = AXIS2_PLACEMENT_3D('',#13832,#13833,#13834);
#13832 = CARTESIAN_POINT('',(3.795828495048,2.699193189716,
    18.652637875089));
#13833 = DIRECTION('',(0.568295587679,0.42147692397,0.706680498943));
#13834 = DIRECTION('',(0.779278791323,0.,-0.626677401376));
#13835 = ADVANCED_FACE('',(#13836),#13853,.T.);
#13836 = FACE_BOUND('',#13837,.T.);
#13837 = EDGE_LOOP('',(#13838,#13839,#13847));
#13838 = ORIENTED_EDGE('',*,*,#13824,.F.);
#13839 = ORIENTED_EDGE('',*,*,#13840,.F.);
#13840 = EDGE_CURVE('',#13841,#13015,#13843,.T.);
#13841 = VERTEX_POINT('',#13842);
#13842 = CARTESIAN_POINT('',(4.422835350037,2.364054679871,
    18.299999237061));
#13843 = LINE('',#13844,#13845);
#13844 = CARTESIAN_POINT('',(4.422835350037,2.364054679871,
    18.299999237061));
#13845 = VECTOR('',#13846,1.);
#13846 = DIRECTION('',(-0.779522203135,9.890362443172E-02,0.618516942285
    ));
#13847 = ORIENTED_EDGE('',*,*,#13848,.F.);
#13848 = EDGE_CURVE('',#13802,#13841,#13849,.T.);
#13849 = LINE('',#13850,#13851);
#13850 = CARTESIAN_POINT('',(4.169820308685,2.78618478775,
    18.299999237061));
#13851 = VECTOR('',#13852,1.);
#13852 = DIRECTION('',(0.514102731749,-0.857728617459,0.));
#13853 = PLANE('',#13854);
#13854 = AXIS2_PLACEMENT_3D('',#13855,#13856,#13857);
#13855 = CARTESIAN_POINT('',(4.057692052145,2.523823535447,
    18.53133415359));
#13856 = DIRECTION('',(0.606871129526,0.363744544788,0.706680506513));
#13857 = DIRECTION('',(0.75864891141,0.,-0.651499677065));
#13858 = ADVANCED_FACE('',(#13859),#13869,.T.);
#13859 = FACE_BOUND('',#13860,.T.);
#13860 = EDGE_LOOP('',(#13861,#13862,#13863));
#13861 = ORIENTED_EDGE('',*,*,#13840,.T.);
#13862 = ORIENTED_EDGE('',*,*,#13014,.F.);
#13863 = ORIENTED_EDGE('',*,*,#13864,.T.);
#13864 = EDGE_CURVE('',#13007,#13841,#13865,.T.);
#13865 = LINE('',#13866,#13867);
#13866 = CARTESIAN_POINT('',(3.902501583099,2.085930585861,
    18.889999389648));
#13867 = VECTOR('',#13868,1.);
#13868 = DIRECTION('',(0.62361258289,0.333327751628,-0.707106750397));
#13869 = PLANE('',#13870);
#13870 = AXIS2_PLACEMENT_3D('',#13871,#13872,#13873);
#13871 = CARTESIAN_POINT('',(4.042117708457,2.314139621449,
    18.652637886425));
#13872 = DIRECTION('',(0.606871152473,0.363744407742,0.706680557347));
#13873 = DIRECTION('',(0.758648922398,0.,-0.65149966427));
#13874 = ADVANCED_FACE('',(#13875),#13892,.T.);
#13875 = FACE_BOUND('',#13876,.T.);
#13876 = EDGE_LOOP('',(#13877,#13878,#13886));
#13877 = ORIENTED_EDGE('',*,*,#13864,.F.);
#13878 = ORIENTED_EDGE('',*,*,#13879,.F.);
#13879 = EDGE_CURVE('',#13880,#13007,#13882,.T.);
#13880 = VERTEX_POINT('',#13881);
#13881 = CARTESIAN_POINT('',(4.633255958557,1.919157385826,
    18.299999237061));
#13882 = LINE('',#13883,#13884);
#13883 = CARTESIAN_POINT('',(4.633255958557,1.919157385826,
    18.299999237061));
#13884 = VECTOR('',#13885,1.);
#13885 = DIRECTION('',(-0.766074326009,0.174833940246,0.618516952369));
#13886 = ORIENTED_EDGE('',*,*,#13887,.F.);
#13887 = EDGE_CURVE('',#13841,#13880,#13888,.T.);
#13888 = LINE('',#13889,#13890);
#13889 = CARTESIAN_POINT('',(4.422835350037,2.364054679871,
    18.299999237061));
#13890 = VECTOR('',#13891,1.);
#13891 = DIRECTION('',(0.427554860215,-0.903989403426,0.));
#13892 = PLANE('',#13893);
#13893 = AXIS2_PLACEMENT_3D('',#13894,#13895,#13896);
#13894 = CARTESIAN_POINT('',(4.285531050194,2.113947238861,
    18.531334155312));
#13895 = DIRECTION('',(0.639602109517,0.302509066468,0.706680554569));
#13896 = DIRECTION('',(0.741418605671,0.,-0.671042808743));
#13897 = ADVANCED_FACE('',(#13898),#13908,.T.);
#13898 = FACE_BOUND('',#13899,.T.);
#13899 = EDGE_LOOP('',(#13900,#13901,#13907));
#13900 = ORIENTED_EDGE('',*,*,#13006,.F.);
#13901 = ORIENTED_EDGE('',*,*,#13902,.T.);
#13902 = EDGE_CURVE('',#12999,#13880,#13903,.T.);
#13903 = LINE('',#13904,#13905);
#13904 = CARTESIAN_POINT('',(4.088166713715,1.693374156952,
    18.889999389648));
#13905 = VECTOR('',#13906,1.);
#13906 = DIRECTION('',(0.653281617455,0.270597951342,-0.70710669423));
#13907 = ORIENTED_EDGE('',*,*,#13879,.T.);
#13908 = PLANE('',#13909);
#13909 = AXIS2_PLACEMENT_3D('',#13910,#13911,#13912);
#13910 = CARTESIAN_POINT('',(4.249479031215,1.906799538394,
    18.652637882224));
#13911 = DIRECTION('',(0.639602121176,0.302508894581,0.706680617597));
#13912 = DIRECTION('',(0.741418629361,0.,-0.671042782568));
#13913 = ADVANCED_FACE('',(#13914),#13931,.T.);
#13914 = FACE_BOUND('',#13915,.T.);
#13915 = EDGE_LOOP('',(#13916,#13917,#13925));
#13916 = ORIENTED_EDGE('',*,*,#13902,.F.);
#13917 = ORIENTED_EDGE('',*,*,#13918,.F.);
#13918 = EDGE_CURVE('',#13919,#12999,#13921,.T.);
#13919 = VERTEX_POINT('',#13920);
#13920 = CARTESIAN_POINT('',(4.799055576324,1.455777645111,
    18.299999237061));
#13921 = LINE('',#13922,#13923);
#13922 = CARTESIAN_POINT('',(4.799055576324,1.455777645111,
    18.299999237061));
#13923 = VECTOR('',#13924,1.);
#13924 = DIRECTION('',(-0.745248716218,0.24908041853,0.618517013574));
#13925 = ORIENTED_EDGE('',*,*,#13926,.F.);
#13926 = EDGE_CURVE('',#13880,#13919,#13927,.T.);
#13927 = LINE('',#13928,#13929);
#13928 = CARTESIAN_POINT('',(4.633255958557,1.919157385826,
    18.299999237061));
#13929 = VECTOR('',#13930,1.);
#13930 = DIRECTION('',(0.336889304714,-0.941544261503,0.));
#13931 = PLANE('',#13932);
#13932 = AXIS2_PLACEMENT_3D('',#13933,#13934,#13935);
#13933 = CARTESIAN_POINT('',(4.472097881925,1.683712485325,
    18.531334168686));
#13934 = DIRECTION('',(0.666173353135,0.238360199231,0.70668060607));
#13935 = DIRECTION('',(0.727653905677,0.,-0.685944453694));
#13936 = ADVANCED_FACE('',(#13937),#13947,.T.);
#13937 = FACE_BOUND('',#13938,.T.);
#13938 = EDGE_LOOP('',(#13939,#13940,#13941));
#13939 = ORIENTED_EDGE('',*,*,#13918,.T.);
#13940 = ORIENTED_EDGE('',*,*,#12998,.F.);
#13941 = ORIENTED_EDGE('',*,*,#13942,.F.);
#13942 = EDGE_CURVE('',#13919,#12991,#13943,.T.);
#13943 = LINE('',#13944,#13945);
#13944 = CARTESIAN_POINT('',(4.799055576324,1.455777645111,
    18.299999237061));
#13945 = VECTOR('',#13946,1.);
#13946 = DIRECTION('',(-0.676658874564,-0.20526227662,0.707106898051));
#13947 = PLANE('',#13948);
#13948 = AXIS2_PLACEMENT_3D('',#13949,#13950,#13951);
#13949 = CARTESIAN_POINT('',(4.415915476413,1.481095987601,
    18.652637897783));
#13950 = DIRECTION('',(0.666173369645,0.238360741291,0.706680407672));
#13951 = DIRECTION('',(0.727653801071,-1.387778780781E-17,-0.68594456466
    ));
#13952 = ADVANCED_FACE('',(#13953),#13977,.T.);
#13953 = FACE_BOUND('',#13954,.T.);
#13954 = EDGE_LOOP('',(#13955,#13963,#13971));
#13955 = ORIENTED_EDGE('',*,*,#13956,.F.);
#13956 = EDGE_CURVE('',#13111,#13957,#13959,.T.);
#13957 = VERTEX_POINT('',#13958);
#13958 = CARTESIAN_POINT('',(-0.978377938271,4.91863822937,
    18.299999237061));
#13959 = LINE('',#13960,#13961);
#13960 = CARTESIAN_POINT('',(-0.863274693489,4.339974880219,
    18.889999389648));
#13961 = VECTOR('',#13962,1.);
#13962 = DIRECTION('',(-0.137949614787,0.693519859136,-0.707106858094));
#13963 = ORIENTED_EDGE('',*,*,#13964,.T.);
#13964 = EDGE_CURVE('',#13111,#13965,#13967,.T.);
#13965 = VERTEX_POINT('',#13966);
#13966 = CARTESIAN_POINT('',(-0.491555958986,4.990851402283,
    18.299999237061));
#13967 = LINE('',#13968,#13969);
#13968 = CARTESIAN_POINT('',(-0.863274693489,4.339974880219,
    18.889999389648));
#13969 = VECTOR('',#13970,1.);
#13970 = DIRECTION('',(0.38968526054,0.682335765022,-0.618517017947));
#13971 = ORIENTED_EDGE('',*,*,#13972,.F.);
#13972 = EDGE_CURVE('',#13957,#13965,#13973,.T.);
#13973 = LINE('',#13974,#13975);
#13974 = CARTESIAN_POINT('',(-0.978377938271,4.91863822937,
    18.299999237061));
#13975 = VECTOR('',#13976,1.);
#13976 = DIRECTION('',(0.989176523572,0.146730382722,0.));
#13977 = PLANE('',#13978);
#13978 = AXIS2_PLACEMENT_3D('',#13979,#13980,#13981);
#13979 = CARTESIAN_POINT('',(-0.778897392136,4.714643944964,
    18.531334154391));
#13980 = DIRECTION('',(-0.103816566877,0.699874891672,0.706680448611));
#13981 = DIRECTION('',(-6.938893903907E-18,0.710519769823,
    -0.703677239002));
#13982 = ADVANCED_FACE('',(#13983),#13993,.T.);
#13983 = FACE_BOUND('',#13984,.T.);
#13984 = EDGE_LOOP('',(#13985,#13986,#13987));
#13985 = ORIENTED_EDGE('',*,*,#13964,.F.);
#13986 = ORIENTED_EDGE('',*,*,#13110,.F.);
#13987 = ORIENTED_EDGE('',*,*,#13988,.T.);
#13988 = EDGE_CURVE('',#13103,#13965,#13989,.T.);
#13989 = LINE('',#13990,#13991);
#13990 = CARTESIAN_POINT('',(-0.433725833893,4.403692245483,
    18.889999389648));
#13991 = VECTOR('',#13992,1.);
#13992 = DIRECTION('',(-6.930858048271E-02,0.703701878725,
    -0.707106771676));
#13993 = PLANE('',#13994);
#13994 = AXIS2_PLACEMENT_3D('',#13995,#13996,#13997);
#13995 = CARTESIAN_POINT('',(-0.59113475068,4.620012551632,
    18.652637891498));
#13996 = DIRECTION('',(-0.103816316671,0.699874833932,0.706680542552));
#13997 = DIRECTION('',(0.,0.710519845617,-0.703677162472));
#13998 = ADVANCED_FACE('',(#13999),#14016,.T.);
#13999 = FACE_BOUND('',#14000,.T.);
#14000 = EDGE_LOOP('',(#14001,#14002,#14010));
#14001 = ORIENTED_EDGE('',*,*,#13988,.F.);
#14002 = ORIENTED_EDGE('',*,*,#14003,.T.);
#14003 = EDGE_CURVE('',#13103,#14004,#14006,.T.);
#14004 = VERTEX_POINT('',#14005);
#14005 = CARTESIAN_POINT('',(0.,5.014999866486,18.299999237061));
#14006 = LINE('',#14007,#14008);
#14007 = CARTESIAN_POINT('',(-0.433725833893,4.403692245483,
    18.889999389648));
#14008 = VECTOR('',#14009,1.);
#14009 = DIRECTION('',(0.454689379365,0.64085433948,-0.618517003697));
#14010 = ORIENTED_EDGE('',*,*,#14011,.F.);
#14011 = EDGE_CURVE('',#13965,#14004,#14012,.T.);
#14012 = LINE('',#14013,#14014);
#14013 = CARTESIAN_POINT('',(-0.491555958986,4.990851402283,
    18.299999237061));
#14014 = VECTOR('',#14015,1.);
#14015 = DIRECTION('',(0.998795469305,4.906740767876E-02,0.));
#14016 = PLANE('',#14017);
#14017 = AXIS2_PLACEMENT_3D('',#14018,#14019,#14020);
#14018 = CARTESIAN_POINT('',(-0.313030873683,4.768286811337,
    18.53133415504));
#14019 = DIRECTION('',(-3.471679911219E-02,0.706680529956,0.706680530678
    ));
#14020 = DIRECTION('',(0.,0.707106781548,-0.707106780825));
#14021 = ADVANCED_FACE('',(#14022),#14032,.T.);
#14022 = FACE_BOUND('',#14023,.T.);
#14023 = EDGE_LOOP('',(#14024,#14025,#14026));
#14024 = ORIENTED_EDGE('',*,*,#14003,.F.);
#14025 = ORIENTED_EDGE('',*,*,#13102,.F.);
#14026 = ORIENTED_EDGE('',*,*,#14027,.T.);
#14027 = EDGE_CURVE('',#13095,#14004,#14028,.T.);
#14028 = LINE('',#14029,#14030);
#14029 = CARTESIAN_POINT('',(0.,4.425000190735,18.889999389648));
#14030 = VECTOR('',#14031,1.);
#14031 = DIRECTION('',(0.,0.707106495445,-0.707107066928));
#14032 = PLANE('',#14033);
#14033 = AXIS2_PLACEMENT_3D('',#14034,#14035,#14036);
#14034 = CARTESIAN_POINT('',(-0.135447868213,4.655707248402,
    18.652637900221));
#14035 = DIRECTION('',(-3.471759010989E-02,0.706680796457,0.706680225318
    ));
#14036 = DIRECTION('',(0.,-0.707106495445,0.707107066928));
#14037 = ADVANCED_FACE('',(#14038),#14055,.T.);
#14038 = FACE_BOUND('',#14039,.T.);
#14039 = EDGE_LOOP('',(#14040,#14041,#14049));
#14040 = ORIENTED_EDGE('',*,*,#14027,.F.);
#14041 = ORIENTED_EDGE('',*,*,#14042,.T.);
#14042 = EDGE_CURVE('',#13095,#14043,#14045,.T.);
#14043 = VERTEX_POINT('',#14044);
#14044 = CARTESIAN_POINT('',(0.491555958986,4.990851402283,
    18.299999237061));
#14045 = LINE('',#14046,#14047);
#14046 = CARTESIAN_POINT('',(0.,4.425000190735,18.889999389648));
#14047 = VECTOR('',#14048,1.);
#14048 = DIRECTION('',(0.515314715901,0.593200938754,-0.618517089365));
#14049 = ORIENTED_EDGE('',*,*,#14050,.F.);
#14050 = EDGE_CURVE('',#14004,#14043,#14051,.T.);
#14051 = LINE('',#14052,#14053);
#14052 = CARTESIAN_POINT('',(0.,5.014999866486,18.299999237061));
#14053 = VECTOR('',#14054,1.);
#14054 = DIRECTION('',(0.998795469305,-4.906740767876E-02,0.));
#14055 = PLANE('',#14056);
#14056 = AXIS2_PLACEMENT_3D('',#14057,#14058,#14059);
#14057 = CARTESIAN_POINT('',(0.155850317827,4.776008755443,
    18.531334141625));
#14058 = DIRECTION('',(3.471681314202E-02,0.706680815542,0.706680244404)
  );
#14059 = DIRECTION('',(0.,-0.707106495445,0.707107066928));
#14060 = ADVANCED_FACE('',(#14061),#14071,.T.);
#14061 = FACE_BOUND('',#14062,.T.);
#14062 = EDGE_LOOP('',(#14063,#14064,#14065));
#14063 = ORIENTED_EDGE('',*,*,#14042,.F.);
#14064 = ORIENTED_EDGE('',*,*,#13094,.F.);
#14065 = ORIENTED_EDGE('',*,*,#14066,.T.);
#14066 = EDGE_CURVE('',#13087,#14043,#14067,.T.);
#14067 = LINE('',#14068,#14069);
#14068 = CARTESIAN_POINT('',(0.433725833893,4.403692245483,
    18.889999389648));
#14069 = VECTOR('',#14070,1.);
#14070 = DIRECTION('',(6.930858048271E-02,0.703701878725,-0.707106771676
    ));
#14071 = PLANE('',#14072);
#14072 = AXIS2_PLACEMENT_3D('',#14073,#14074,#14075);
#14073 = CARTESIAN_POINT('',(0.321543485651,4.646565025208,
    18.652637894612));
#14074 = DIRECTION('',(3.471757420905E-02,0.706680472793,0.706680549763)
  );
#14075 = DIRECTION('',(-3.469446951954E-18,0.707106819695,
    -0.707106742678));
#14076 = ADVANCED_FACE('',(#14077),#14094,.T.);
#14077 = FACE_BOUND('',#14078,.T.);
#14078 = EDGE_LOOP('',(#14079,#14080,#14088));
#14079 = ORIENTED_EDGE('',*,*,#14066,.F.);
#14080 = ORIENTED_EDGE('',*,*,#14081,.T.);
#14081 = EDGE_CURVE('',#13087,#14082,#14084,.T.);
#14082 = VERTEX_POINT('',#14083);
#14083 = CARTESIAN_POINT('',(0.978377938271,4.91863822937,
    18.299999237061));
#14084 = LINE('',#14085,#14086);
#14085 = CARTESIAN_POINT('',(0.433725833893,4.403692245483,
    18.889999389648));
#14086 = VECTOR('',#14087,1.);
#14087 = DIRECTION('',(0.570977064753,0.539835142511,-0.61851694434));
#14088 = ORIENTED_EDGE('',*,*,#14089,.F.);
#14089 = EDGE_CURVE('',#14043,#14082,#14090,.T.);
#14090 = LINE('',#14091,#14092);
#14091 = CARTESIAN_POINT('',(0.491555958986,4.990851402283,
    18.299999237061));
#14092 = VECTOR('',#14093,1.);
#14093 = DIRECTION('',(0.989176523572,-0.146730382722,0.));
#14094 = PLANE('',#14095);
#14095 = AXIS2_PLACEMENT_3D('',#14096,#14097,#14098);
#14096 = CARTESIAN_POINT('',(0.623230541931,4.737734861938,
    18.531334160407));
#14097 = DIRECTION('',(0.10381655397,0.699874804661,0.706680536681));
#14098 = DIRECTION('',(0.,0.710519857409,-0.703677150565));
#14099 = ADVANCED_FACE('',(#14100),#14110,.T.);
#14100 = FACE_BOUND('',#14101,.T.);
#14101 = EDGE_LOOP('',(#14102,#14103,#14104));
#14102 = ORIENTED_EDGE('',*,*,#14081,.F.);
#14103 = ORIENTED_EDGE('',*,*,#13086,.F.);
#14104 = ORIENTED_EDGE('',*,*,#14105,.T.);
#14105 = EDGE_CURVE('',#13079,#14082,#14106,.T.);
#14106 = LINE('',#14107,#14108);
#14107 = CARTESIAN_POINT('',(0.863274693489,4.339974880219,
    18.889999389648));
#14108 = VECTOR('',#14109,1.);
#14109 = DIRECTION('',(0.137949614787,0.693519859136,-0.707106858094));
#14110 = PLANE('',#14111);
#14111 = AXIS2_PLACEMENT_3D('',#14112,#14113,#14114);
#14112 = CARTESIAN_POINT('',(0.775438161636,4.592673736944,
    18.652637891198));
#14113 = DIRECTION('',(0.103816331298,0.699874932545,0.70668044274));
#14114 = DIRECTION('',(0.,0.710519746354,-0.7036772627));
#14115 = ADVANCED_FACE('',(#14116),#14140,.T.);
#14116 = FACE_BOUND('',#14117,.T.);
#14117 = EDGE_LOOP('',(#14118,#14126,#14134));
#14118 = ORIENTED_EDGE('',*,*,#14119,.F.);
#14119 = EDGE_CURVE('',#13199,#14120,#14122,.T.);
#14120 = VERTEX_POINT('',#14121);
#14121 = CARTESIAN_POINT('',(-4.799055576324,1.455777645111,
    18.299999237061));
#14122 = LINE('',#14123,#14124);
#14123 = CARTESIAN_POINT('',(-4.234460830688,1.284509658813,
    18.889999389648));
#14124 = VECTOR('',#14125,1.);
#14125 = DIRECTION('',(-0.676658874564,0.20526227662,-0.707106898051));
#14126 = ORIENTED_EDGE('',*,*,#14127,.T.);
#14127 = EDGE_CURVE('',#13199,#14128,#14130,.T.);
#14128 = VERTEX_POINT('',#14129);
#14129 = CARTESIAN_POINT('',(-4.633255958557,1.919157385826,
    18.299999237061));
#14130 = LINE('',#14131,#14132);
#14131 = CARTESIAN_POINT('',(-4.234460830688,1.284509658813,
    18.889999389648));
#14132 = VECTOR('',#14133,1.);
#14133 = DIRECTION('',(-0.418070302915,0.665322490008,-0.618516940843));
#14134 = ORIENTED_EDGE('',*,*,#14135,.F.);
#14135 = EDGE_CURVE('',#14120,#14128,#14136,.T.);
#14136 = LINE('',#14137,#14138);
#14137 = CARTESIAN_POINT('',(-4.799055576324,1.455777645111,
    18.299999237061));
#14138 = VECTOR('',#14139,1.);
#14139 = DIRECTION('',(0.336889304714,0.941544261503,0.));
#14140 = PLANE('',#14141);
#14141 = AXIS2_PLACEMENT_3D('',#14142,#14143,#14144);
#14142 = CARTESIAN_POINT('',(-4.525114321091,1.535541562997,
    18.531334165103));
#14143 = DIRECTION('',(-0.666173528049,0.238360261817,0.706680420072));
#14144 = DIRECTION('',(0.727653725668,0.,0.685944644649));
#14145 = ADVANCED_FACE('',(#14146),#14156,.T.);
#14146 = FACE_BOUND('',#14147,.T.);
#14147 = EDGE_LOOP('',(#14148,#14149,#14150));
#14148 = ORIENTED_EDGE('',*,*,#14127,.F.);
#14149 = ORIENTED_EDGE('',*,*,#13198,.F.);
#14150 = ORIENTED_EDGE('',*,*,#14151,.T.);
#14151 = EDGE_CURVE('',#13191,#14128,#14152,.T.);
#14152 = LINE('',#14153,#14154);
#14153 = CARTESIAN_POINT('',(-4.088166713715,1.693374156952,
    18.889999389648));
#14154 = VECTOR('',#14155,1.);
#14155 = DIRECTION('',(-0.653281617455,0.270597951342,-0.70710669423));
#14156 = PLANE('',#14157);
#14157 = AXIS2_PLACEMENT_3D('',#14158,#14159,#14160);
#14158 = CARTESIAN_POINT('',(-4.353146275186,1.656524527043,
    18.652637888636));
#14159 = DIRECTION('',(-0.666173171409,0.238360670361,0.70668061847));
#14160 = DIRECTION('',(0.727654005082,0.,0.685944348245));
#14161 = ADVANCED_FACE('',(#14162),#14179,.T.);
#14162 = FACE_BOUND('',#14163,.T.);
#14163 = EDGE_LOOP('',(#14164,#14172,#14173));
#14164 = ORIENTED_EDGE('',*,*,#14165,.F.);
#14165 = EDGE_CURVE('',#14128,#14166,#14168,.T.);
#14166 = VERTEX_POINT('',#14167);
#14167 = CARTESIAN_POINT('',(-4.422835350037,2.364054679871,
    18.299999237061));
#14168 = LINE('',#14169,#14170);
#14169 = CARTESIAN_POINT('',(-4.633255958557,1.919157385826,
    18.299999237061));
#14170 = VECTOR('',#14171,1.);
#14171 = DIRECTION('',(0.427554860215,0.903989403426,0.));
#14172 = ORIENTED_EDGE('',*,*,#14151,.F.);
#14173 = ORIENTED_EDGE('',*,*,#14174,.T.);
#14174 = EDGE_CURVE('',#13191,#14166,#14175,.T.);
#14175 = LINE('',#14176,#14177);
#14176 = CARTESIAN_POINT('',(-4.088166713715,1.693374156952,
    18.889999389648));
#14177 = VECTOR('',#14178,1.);
#14178 = DIRECTION('',(-0.35084431937,0.703096812907,-0.618516883558));
#14179 = PLANE('',#14180);
#14180 = AXIS2_PLACEMENT_3D('',#14181,#14182,#14183);
#14181 = CARTESIAN_POINT('',(-4.352815370048,1.971686300618,
    18.531334160125));
#14182 = DIRECTION('',(-0.639602056166,0.302509041235,0.706680613658));
#14183 = DIRECTION('',(0.741418661434,2.775557561563E-17,0.671042747131)
  );
#14184 = ADVANCED_FACE('',(#14185),#14195,.T.);
#14185 = FACE_BOUND('',#14186,.T.);
#14186 = EDGE_LOOP('',(#14187,#14193,#14194));
#14187 = ORIENTED_EDGE('',*,*,#14188,.T.);
#14188 = EDGE_CURVE('',#13183,#14166,#14189,.T.);
#14189 = LINE('',#14190,#14191);
#14190 = CARTESIAN_POINT('',(-3.902501583099,2.085930585861,
    18.889999389648));
#14191 = VECTOR('',#14192,1.);
#14192 = DIRECTION('',(-0.62361258289,0.333327751628,-0.707106750397));
#14193 = ORIENTED_EDGE('',*,*,#14174,.F.);
#14194 = ORIENTED_EDGE('',*,*,#13190,.T.);
#14195 = PLANE('',#14196);
#14196 = AXIS2_PLACEMENT_3D('',#14197,#14198,#14199);
#14197 = CARTESIAN_POINT('',(-4.169816976204,2.075230911,18.652637881191
    ));
#14198 = DIRECTION('',(-0.63960218164,0.302508923178,0.70668055063));
#14199 = DIRECTION('',(0.741418566163,0.,0.671042852394));
#14200 = ADVANCED_FACE('',(#14201),#14218,.T.);
#14201 = FACE_BOUND('',#14202,.T.);
#14202 = EDGE_LOOP('',(#14203,#14211,#14212));
#14203 = ORIENTED_EDGE('',*,*,#14204,.F.);
#14204 = EDGE_CURVE('',#14166,#14205,#14207,.T.);
#14205 = VERTEX_POINT('',#14206);
#14206 = CARTESIAN_POINT('',(-4.169820308685,2.78618478775,
    18.299999237061));
#14207 = LINE('',#14208,#14209);
#14208 = CARTESIAN_POINT('',(-4.422835350037,2.364054679871,
    18.299999237061));
#14209 = VECTOR('',#14210,1.);
#14210 = DIRECTION('',(0.514102731749,0.857728617459,0.));
#14211 = ORIENTED_EDGE('',*,*,#14188,.F.);
#14212 = ORIENTED_EDGE('',*,*,#14213,.T.);
#14213 = EDGE_CURVE('',#13183,#14205,#14214,.T.);
#14214 = LINE('',#14215,#14216);
#14215 = CARTESIAN_POINT('',(-3.902501583099,2.085930585861,
    18.889999389648));
#14216 = VECTOR('',#14217,1.);
#14217 = DIRECTION('',(-0.280239189041,0.734099974591,-0.618516955492));
#14218 = PLANE('',#14219);
#14219 = AXIS2_PLACEMENT_3D('',#14220,#14221,#14222);
#14220 = CARTESIAN_POINT('',(-4.138596435216,2.388842659811,
    18.531334154725));
#14221 = DIRECTION('',(-0.606871088698,0.363744520316,0.70668055417));
#14222 = DIRECTION('',(0.75864895479,0.,0.651499626551));
#14223 = ADVANCED_FACE('',(#14224),#14234,.T.);
#14224 = FACE_BOUND('',#14225,.T.);
#14225 = EDGE_LOOP('',(#14226,#14227,#14228));
#14226 = ORIENTED_EDGE('',*,*,#14213,.F.);
#14227 = ORIENTED_EDGE('',*,*,#13182,.F.);
#14228 = ORIENTED_EDGE('',*,*,#14229,.T.);
#14229 = EDGE_CURVE('',#13175,#14205,#14230,.T.);
#14230 = LINE('',#14231,#14232);
#14231 = CARTESIAN_POINT('',(-3.679253101349,2.458398342133,
    18.889999389648));
#14232 = VECTOR('',#14233,1.);
#14233 = DIRECTION('',(-0.587937829643,0.392847398972,-0.707106802114));
#14234 = PLANE('',#14235);
#14235 = AXIS2_PLACEMENT_3D('',#14236,#14237,#14238);
#14236 = CARTESIAN_POINT('',(-3.946330048321,2.47395167453,
    18.652637888536));
#14237 = DIRECTION('',(-0.606871198745,0.363744435476,0.706680503336));
#14238 = DIRECTION('',(0.758648873235,0.,0.651499721519));
#14239 = ADVANCED_FACE('',(#14240),#14257,.T.);
#14240 = FACE_BOUND('',#14241,.T.);
#14241 = EDGE_LOOP('',(#14242,#14243,#14251));
#14242 = ORIENTED_EDGE('',*,*,#14229,.F.);
#14243 = ORIENTED_EDGE('',*,*,#14244,.T.);
#14244 = EDGE_CURVE('',#13175,#14245,#14247,.T.);
#14245 = VERTEX_POINT('',#14246);
#14246 = CARTESIAN_POINT('',(-3.876647472382,3.181482315063,
    18.299999237061));
#14247 = LINE('',#14248,#14249);
#14248 = CARTESIAN_POINT('',(-3.679253101349,2.458398342133,
    18.889999389648));
#14249 = VECTOR('',#14250,1.);
#14250 = DIRECTION('',(-0.206935173769,0.758033305637,-0.618517050212));
#14251 = ORIENTED_EDGE('',*,*,#14252,.F.);
#14252 = EDGE_CURVE('',#14205,#14245,#14253,.T.);
#14253 = LINE('',#14254,#14255);
#14254 = CARTESIAN_POINT('',(-4.169820308685,2.78618478775,
    18.299999237061));
#14255 = VECTOR('',#14256,1.);
#14256 = DIRECTION('',(0.595699578768,0.803207328064,0.));
#14257 = PLANE('',#14258);
#14258 = AXIS2_PLACEMENT_3D('',#14259,#14260,#14261);
#14259 = CARTESIAN_POINT('',(-3.88452042726,2.782993105618,
    18.531334148127));
#14260 = DIRECTION('',(-0.568295536845,0.421476996145,0.706680496775));
#14261 = DIRECTION('',(0.779278817759,0.,0.626677368502));
#14262 = ADVANCED_FACE('',(#14263),#14273,.T.);
#14263 = FACE_BOUND('',#14264,.T.);
#14264 = EDGE_LOOP('',(#14265,#14266,#14267));
#14265 = ORIENTED_EDGE('',*,*,#14244,.F.);
#14266 = ORIENTED_EDGE('',*,*,#13174,.F.);
#14267 = ORIENTED_EDGE('',*,*,#14268,.T.);
#14268 = EDGE_CURVE('',#13167,#14245,#14269,.T.);
#14269 = LINE('',#14270,#14271);
#14270 = CARTESIAN_POINT('',(-3.420571327209,2.807190179825,
    18.889999389648));
#14271 = VECTOR('',#14272,1.);
#14272 = DIRECTION('',(-0.546600815392,0.448583835138,-0.707106845863));
#14273 = PLANE('',#14274);
#14274 = AXIS2_PLACEMENT_3D('',#14275,#14276,#14277);
#14275 = CARTESIAN_POINT('',(-3.684837693656,2.848846843052,
    18.652637880412));
#14276 = DIRECTION('',(-0.568295617243,0.421476945896,0.70668046209));
#14277 = DIRECTION('',(0.779278759441,2.775557561563E-17,0.62667744102)
  );
#14278 = ADVANCED_FACE('',(#14279),#14296,.T.);
#14279 = FACE_BOUND('',#14280,.T.);
#14280 = EDGE_LOOP('',(#14281,#14289,#14290));
#14281 = ORIENTED_EDGE('',*,*,#14282,.F.);
#14282 = EDGE_CURVE('',#14245,#14283,#14285,.T.);
#14283 = VERTEX_POINT('',#14284);
#14284 = CARTESIAN_POINT('',(-3.546140432358,3.546140432358,
    18.299999237061));
#14285 = LINE('',#14286,#14287);
#14286 = CARTESIAN_POINT('',(-3.876647472382,3.181482315063,
    18.299999237061));
#14287 = VECTOR('',#14288,1.);
#14288 = DIRECTION('',(0.671559164293,0.740950935524,0.));
#14289 = ORIENTED_EDGE('',*,*,#14268,.F.);
#14290 = ORIENTED_EDGE('',*,*,#14291,.T.);
#14291 = EDGE_CURVE('',#13167,#14283,#14292,.T.);
#14292 = LINE('',#14293,#14294);
#14293 = CARTESIAN_POINT('',(-3.420571327209,2.807190179825,
    18.889999389648));
#14294 = VECTOR('',#14295,1.);
#14295 = DIRECTION('',(-0.131638318462,0.774666416199,-0.618517014096));
#14296 = PLANE('',#14297);
#14297 = AXIS2_PLACEMENT_3D('',#14298,#14299,#14300);
#14298 = CARTESIAN_POINT('',(-3.593034291986,3.150341703375,
    18.531334148348));
#14299 = DIRECTION('',(-0.524247124754,0.47515016731,0.706680458688));
#14300 = DIRECTION('',(0.80313293202,0.,0.59579987706));
#14301 = ADVANCED_FACE('',(#14302),#14312,.T.);
#14302 = FACE_BOUND('',#14303,.T.);
#14303 = EDGE_LOOP('',(#14304,#14310,#14311));
#14304 = ORIENTED_EDGE('',*,*,#14305,.T.);
#14305 = EDGE_CURVE('',#13159,#14283,#14306,.T.);
#14306 = LINE('',#14307,#14308);
#14307 = CARTESIAN_POINT('',(-3.128947496414,3.128947496414,
    18.889999389648));
#14308 = VECTOR('',#14309,1.);
#14309 = DIRECTION('',(-0.499999896419,0.499999896419,-0.707106927672));
#14310 = ORIENTED_EDGE('',*,*,#14291,.F.);
#14311 = ORIENTED_EDGE('',*,*,#13166,.F.);
#14312 = PLANE('',#14313);
#14313 = AXIS2_PLACEMENT_3D('',#14314,#14315,#14316);
#14314 = CARTESIAN_POINT('',(-3.387858290951,3.196306028076,
    18.652637908912));
#14315 = DIRECTION('',(-0.5242473198,0.475150070572,0.706680379039));
#14316 = DIRECTION('',(0.803132793818,2.775557561563E-17,0.595800063355)
  );
#14317 = ADVANCED_FACE('',(#14318),#14335,.T.);
#14318 = FACE_BOUND('',#14319,.T.);
#14319 = EDGE_LOOP('',(#14320,#14328,#14329));
#14320 = ORIENTED_EDGE('',*,*,#14321,.F.);
#14321 = EDGE_CURVE('',#14283,#14322,#14324,.T.);
#14322 = VERTEX_POINT('',#14323);
#14323 = CARTESIAN_POINT('',(-3.181482315063,3.876647472382,
    18.299999237061));
#14324 = LINE('',#14325,#14326);
#14325 = CARTESIAN_POINT('',(-3.546140432358,3.546140432358,
    18.299999237061));
#14326 = VECTOR('',#14327,1.);
#14327 = DIRECTION('',(0.740950935524,0.671559164293,0.));
#14328 = ORIENTED_EDGE('',*,*,#14305,.F.);
#14329 = ORIENTED_EDGE('',*,*,#14330,.T.);
#14330 = EDGE_CURVE('',#13159,#14322,#14331,.T.);
#14331 = LINE('',#14332,#14333);
#14332 = CARTESIAN_POINT('',(-3.128947496414,3.128947496414,
    18.889999389648));
#14333 = VECTOR('',#14334,1.);
#14334 = DIRECTION('',(-5.50740156602E-02,0.783839008953,-0.618516985089
    ));
#14335 = PLANE('',#14336);
#14336 = AXIS2_PLACEMENT_3D('',#14337,#14338,#14339);
#14337 = CARTESIAN_POINT('',(-3.266945307725,3.48735095302,
    18.531334146901));
#14338 = DIRECTION('',(-0.475150217396,0.524247180016,0.706680384017));
#14339 = DIRECTION('',(2.775557561563E-17,0.803132871844,-0.595799958177
    ));
#14340 = ADVANCED_FACE('',(#14341),#14351,.T.);
#14341 = FACE_BOUND('',#14342,.T.);
#14342 = EDGE_LOOP('',(#14343,#14344,#14345));
#14343 = ORIENTED_EDGE('',*,*,#14330,.F.);
#14344 = ORIENTED_EDGE('',*,*,#13158,.F.);
#14345 = ORIENTED_EDGE('',*,*,#14346,.T.);
#14346 = EDGE_CURVE('',#13151,#14322,#14347,.T.);
#14347 = LINE('',#14348,#14349);
#14348 = CARTESIAN_POINT('',(-2.807190179825,3.420571327209,
    18.889999389648));
#14349 = VECTOR('',#14350,1.);
#14350 = DIRECTION('',(-0.448583835138,0.546600815392,-0.707106845863));
#14351 = PLANE('',#14352);
#14352 = AXIS2_PLACEMENT_3D('',#14353,#14354,#14355);
#14353 = CARTESIAN_POINT('',(-3.058252020033,3.512983230845,
    18.652637905249));
#14354 = DIRECTION('',(-0.475150013807,0.524247257171,0.706680463666));
#14355 = DIRECTION('',(-2.775557561563E-17,0.803132862018,
    -0.595799971422));
#14356 = ADVANCED_FACE('',(#14357),#14374,.T.);
#14357 = FACE_BOUND('',#14358,.T.);
#14358 = EDGE_LOOP('',(#14359,#14360,#14368));
#14359 = ORIENTED_EDGE('',*,*,#14346,.F.);
#14360 = ORIENTED_EDGE('',*,*,#14361,.T.);
#14361 = EDGE_CURVE('',#13151,#14362,#14364,.T.);
#14362 = VERTEX_POINT('',#14363);
#14363 = CARTESIAN_POINT('',(-2.78618478775,4.169820308685,
    18.299999237061));
#14364 = LINE('',#14365,#14366);
#14365 = CARTESIAN_POINT('',(-2.807190179825,3.420571327209,
    18.889999389648));
#14366 = VECTOR('',#14367,1.);
#14367 = DIRECTION('',(2.202065710477E-02,0.785462839665,-0.618516950589
    ));
#14368 = ORIENTED_EDGE('',*,*,#14369,.F.);
#14369 = EDGE_CURVE('',#14322,#14362,#14370,.T.);
#14370 = LINE('',#14371,#14372);
#14371 = CARTESIAN_POINT('',(-3.181482315063,3.876647472382,
    18.299999237061));
#14372 = VECTOR('',#14373,1.);
#14373 = DIRECTION('',(0.803207328064,0.595699578768,0.));
#14374 = PLANE('',#14375);
#14375 = AXIS2_PLACEMENT_3D('',#14376,#14377,#14378);
#14376 = CARTESIAN_POINT('',(-2.909393913001,3.790775155411,
    18.531334150975));
#14377 = DIRECTION('',(-0.421477015492,0.568295562932,0.706680464258));
#14378 = DIRECTION('',(0.,0.779278789628,-0.626677403482));
#14379 = ADVANCED_FACE('',(#14380),#14390,.T.);
#14380 = FACE_BOUND('',#14381,.T.);
#14381 = EDGE_LOOP('',(#14382,#14383,#14384));
#14382 = ORIENTED_EDGE('',*,*,#14361,.F.);
#14383 = ORIENTED_EDGE('',*,*,#13150,.F.);
#14384 = ORIENTED_EDGE('',*,*,#14385,.T.);
#14385 = EDGE_CURVE('',#13143,#14362,#14386,.T.);
#14386 = LINE('',#14387,#14388);
#14387 = CARTESIAN_POINT('',(-2.458398342133,3.679253101349,
    18.889999389648));
#14388 = VECTOR('',#14389,1.);
#14389 = DIRECTION('',(-0.392847398972,0.587937829643,-0.707106802114));
#14390 = PLANE('',#14391);
#14391 = AXIS2_PLACEMENT_3D('',#14392,#14393,#14394);
#14392 = CARTESIAN_POINT('',(-2.699193189716,3.795828495048,
    18.652637875089));
#14393 = DIRECTION('',(-0.42147692397,0.568295587679,0.706680498943));
#14394 = DIRECTION('',(0.,0.779278791323,-0.626677401376));
#14395 = ADVANCED_FACE('',(#14396),#14413,.T.);
#14396 = FACE_BOUND('',#14397,.T.);
#14397 = EDGE_LOOP('',(#14398,#14406,#14407));
#14398 = ORIENTED_EDGE('',*,*,#14399,.F.);
#14399 = EDGE_CURVE('',#14362,#14400,#14402,.T.);
#14400 = VERTEX_POINT('',#14401);
#14401 = CARTESIAN_POINT('',(-2.364054679871,4.422835350037,
    18.299999237061));
#14402 = LINE('',#14403,#14404);
#14403 = CARTESIAN_POINT('',(-2.78618478775,4.169820308685,
    18.299999237061));
#14404 = VECTOR('',#14405,1.);
#14405 = DIRECTION('',(0.857728617459,0.514102731749,0.));
#14406 = ORIENTED_EDGE('',*,*,#14385,.F.);
#14407 = ORIENTED_EDGE('',*,*,#14408,.T.);
#14408 = EDGE_CURVE('',#13143,#14400,#14409,.T.);
#14409 = LINE('',#14410,#14411);
#14410 = CARTESIAN_POINT('',(-2.458398342133,3.679253101349,
    18.889999389648));
#14411 = VECTOR('',#14412,1.);
#14412 = DIRECTION('',(9.890362443172E-02,0.779522203135,-0.618516942285
    ));
#14413 = PLANE('',#14414);
#14414 = AXIS2_PLACEMENT_3D('',#14415,#14416,#14417);
#14415 = CARTESIAN_POINT('',(-2.523823535447,4.057692052145,
    18.53133415359));
#14416 = DIRECTION('',(-0.363744544788,0.606871129526,0.706680506513));
#14417 = DIRECTION('',(0.,0.75864891141,-0.651499677065));
#14418 = ADVANCED_FACE('',(#14419),#14429,.T.);
#14419 = FACE_BOUND('',#14420,.T.);
#14420 = EDGE_LOOP('',(#14421,#14422,#14423));
#14421 = ORIENTED_EDGE('',*,*,#14408,.F.);
#14422 = ORIENTED_EDGE('',*,*,#13142,.F.);
#14423 = ORIENTED_EDGE('',*,*,#14424,.T.);
#14424 = EDGE_CURVE('',#13135,#14400,#14425,.T.);
#14425 = LINE('',#14426,#14427);
#14426 = CARTESIAN_POINT('',(-2.085930585861,3.902501583099,
    18.889999389648));
#14427 = VECTOR('',#14428,1.);
#14428 = DIRECTION('',(-0.333327751628,0.62361258289,-0.707106750397));
#14429 = PLANE('',#14430);
#14430 = AXIS2_PLACEMENT_3D('',#14431,#14432,#14433);
#14431 = CARTESIAN_POINT('',(-2.314139621449,4.042117708457,
    18.652637886425));
#14432 = DIRECTION('',(-0.363744407742,0.606871152473,0.706680557347));
#14433 = DIRECTION('',(0.,0.758648922398,-0.65149966427));
#14434 = ADVANCED_FACE('',(#14435),#14452,.T.);
#14435 = FACE_BOUND('',#14436,.T.);
#14436 = EDGE_LOOP('',(#14437,#14438,#14446));
#14437 = ORIENTED_EDGE('',*,*,#14424,.F.);
#14438 = ORIENTED_EDGE('',*,*,#14439,.T.);
#14439 = EDGE_CURVE('',#13135,#14440,#14442,.T.);
#14440 = VERTEX_POINT('',#14441);
#14441 = CARTESIAN_POINT('',(-1.919157385826,4.633255958557,
    18.299999237061));
#14442 = LINE('',#14443,#14444);
#14443 = CARTESIAN_POINT('',(-2.085930585861,3.902501583099,
    18.889999389648));
#14444 = VECTOR('',#14445,1.);
#14445 = DIRECTION('',(0.174833940246,0.766074326009,-0.618516952369));
#14446 = ORIENTED_EDGE('',*,*,#14447,.F.);
#14447 = EDGE_CURVE('',#14400,#14440,#14448,.T.);
#14448 = LINE('',#14449,#14450);
#14449 = CARTESIAN_POINT('',(-2.364054679871,4.422835350037,
    18.299999237061));
#14450 = VECTOR('',#14451,1.);
#14451 = DIRECTION('',(0.903989403426,0.427554860215,0.));
#14452 = PLANE('',#14453);
#14453 = AXIS2_PLACEMENT_3D('',#14454,#14455,#14456);
#14454 = CARTESIAN_POINT('',(-2.113947238861,4.285531050194,
    18.531334155312));
#14455 = DIRECTION('',(-0.302509066468,0.639602109517,0.706680554569));
#14456 = DIRECTION('',(2.775557561563E-17,0.741418605671,-0.671042808743
    ));
#14457 = ADVANCED_FACE('',(#14458),#14468,.T.);
#14458 = FACE_BOUND('',#14459,.T.);
#14459 = EDGE_LOOP('',(#14460,#14461,#14462));
#14460 = ORIENTED_EDGE('',*,*,#14439,.F.);
#14461 = ORIENTED_EDGE('',*,*,#13134,.F.);
#14462 = ORIENTED_EDGE('',*,*,#14463,.T.);
#14463 = EDGE_CURVE('',#13127,#14440,#14464,.T.);
#14464 = LINE('',#14465,#14466);
#14465 = CARTESIAN_POINT('',(-1.693374156952,4.088166713715,
    18.889999389648));
#14466 = VECTOR('',#14467,1.);
#14467 = DIRECTION('',(-0.270597951342,0.653281617455,-0.70710669423));
#14468 = PLANE('',#14469);
#14469 = AXIS2_PLACEMENT_3D('',#14470,#14471,#14472);
#14470 = CARTESIAN_POINT('',(-1.906799538394,4.249479031215,
    18.652637882224));
#14471 = DIRECTION('',(-0.302508894581,0.639602121176,0.706680617597));
#14472 = DIRECTION('',(0.,0.741418629361,-0.671042782568));
#14473 = ADVANCED_FACE('',(#14474),#14491,.T.);
#14474 = FACE_BOUND('',#14475,.T.);
#14475 = EDGE_LOOP('',(#14476,#14477,#14485));
#14476 = ORIENTED_EDGE('',*,*,#14463,.F.);
#14477 = ORIENTED_EDGE('',*,*,#14478,.F.);
#14478 = EDGE_CURVE('',#14479,#13127,#14481,.T.);
#14479 = VERTEX_POINT('',#14480);
#14480 = CARTESIAN_POINT('',(-1.455777645111,4.799055576324,
    18.299999237061));
#14481 = LINE('',#14482,#14483);
#14482 = CARTESIAN_POINT('',(-1.455777645111,4.799055576324,
    18.299999237061));
#14483 = VECTOR('',#14484,1.);
#14484 = DIRECTION('',(-0.24908041853,-0.745248716218,0.618517013574));
#14485 = ORIENTED_EDGE('',*,*,#14486,.F.);
#14486 = EDGE_CURVE('',#14440,#14479,#14487,.T.);
#14487 = LINE('',#14488,#14489);
#14488 = CARTESIAN_POINT('',(-1.919157385826,4.633255958557,
    18.299999237061));
#14489 = VECTOR('',#14490,1.);
#14490 = DIRECTION('',(0.941544261503,0.336889304714,0.));
#14491 = PLANE('',#14492);
#14492 = AXIS2_PLACEMENT_3D('',#14493,#14494,#14495);
#14493 = CARTESIAN_POINT('',(-1.683712485325,4.472097881925,
    18.531334168686));
#14494 = DIRECTION('',(-0.238360199231,0.666173353135,0.70668060607));
#14495 = DIRECTION('',(1.387778780781E-17,0.727653905677,-0.685944453694
    ));
#14496 = ADVANCED_FACE('',(#14497),#14507,.T.);
#14497 = FACE_BOUND('',#14498,.T.);
#14498 = EDGE_LOOP('',(#14499,#14500,#14501));
#14499 = ORIENTED_EDGE('',*,*,#14478,.T.);
#14500 = ORIENTED_EDGE('',*,*,#13126,.F.);
#14501 = ORIENTED_EDGE('',*,*,#14502,.T.);
#14502 = EDGE_CURVE('',#13119,#14479,#14503,.T.);
#14503 = LINE('',#14504,#14505);
#14504 = CARTESIAN_POINT('',(-1.284509658813,4.234460830688,
    18.889999389648));
#14505 = VECTOR('',#14506,1.);
#14506 = DIRECTION('',(-0.20526227662,0.676658874564,-0.707106898051));
#14507 = PLANE('',#14508);
#14508 = AXIS2_PLACEMENT_3D('',#14509,#14510,#14511);
#14509 = CARTESIAN_POINT('',(-1.481095987601,4.415915476413,
    18.652637897783));
#14510 = DIRECTION('',(-0.238360741291,0.666173369645,0.706680407672));
#14511 = DIRECTION('',(0.,0.727653801071,-0.68594456466));
#14512 = ADVANCED_FACE('',(#14513),#14537,.T.);
#14513 = FACE_BOUND('',#14514,.T.);
#14514 = EDGE_LOOP('',(#14515,#14525,#14531));
#14515 = ORIENTED_EDGE('',*,*,#14516,.F.);
#14516 = EDGE_CURVE('',#14517,#14519,#14521,.T.);
#14517 = VERTEX_POINT('',#14518);
#14518 = CARTESIAN_POINT('',(-4.91863822937,-0.978377938271,
    18.299999237061));
#14519 = VERTEX_POINT('',#14520);
#14520 = CARTESIAN_POINT('',(-4.990851402283,-0.491555958986,
    18.299999237061));
#14521 = LINE('',#14522,#14523);
#14522 = CARTESIAN_POINT('',(-4.91863822937,-0.978377938271,
    18.299999237061));
#14523 = VECTOR('',#14524,1.);
#14524 = DIRECTION('',(-0.146730382722,0.989176523572,0.));
#14525 = ORIENTED_EDGE('',*,*,#14526,.F.);
#14526 = EDGE_CURVE('',#13239,#14517,#14527,.T.);
#14527 = LINE('',#14528,#14529);
#14528 = CARTESIAN_POINT('',(-4.339974880219,-0.863274693489,
    18.889999389648));
#14529 = VECTOR('',#14530,1.);
#14530 = DIRECTION('',(-0.693519859136,-0.137949614787,-0.707106858094)
  );
#14531 = ORIENTED_EDGE('',*,*,#14532,.T.);
#14532 = EDGE_CURVE('',#13239,#14519,#14533,.T.);
#14533 = LINE('',#14534,#14535);
#14534 = CARTESIAN_POINT('',(-4.339974880219,-0.863274693489,
    18.889999389648));
#14535 = VECTOR('',#14536,1.);
#14536 = DIRECTION('',(-0.682335765022,0.38968526054,-0.618517017947));
#14537 = PLANE('',#14538);
#14538 = AXIS2_PLACEMENT_3D('',#14539,#14540,#14541);
#14539 = CARTESIAN_POINT('',(-4.714643944964,-0.778897392136,
    18.531334154391));
#14540 = DIRECTION('',(-0.699874891672,-0.103816566877,0.706680448611));
#14541 = DIRECTION('',(0.710519769823,6.938893903907E-18,0.703677239002)
  );
#14542 = ADVANCED_FACE('',(#14543),#14553,.T.);
#14543 = FACE_BOUND('',#14544,.T.);
#14544 = EDGE_LOOP('',(#14545,#14551,#14552));
#14545 = ORIENTED_EDGE('',*,*,#14546,.T.);
#14546 = EDGE_CURVE('',#13231,#14519,#14547,.T.);
#14547 = LINE('',#14548,#14549);
#14548 = CARTESIAN_POINT('',(-4.403692245483,-0.433725833893,
    18.889999389648));
#14549 = VECTOR('',#14550,1.);
#14550 = DIRECTION('',(-0.703701878725,-6.930858048271E-02,
    -0.707106771676));
#14551 = ORIENTED_EDGE('',*,*,#14532,.F.);
#14552 = ORIENTED_EDGE('',*,*,#13238,.T.);
#14553 = PLANE('',#14554);
#14554 = AXIS2_PLACEMENT_3D('',#14555,#14556,#14557);
#14555 = CARTESIAN_POINT('',(-4.620012551632,-0.59113475068,
    18.652637891498));
#14556 = DIRECTION('',(-0.699874833932,-0.103816316671,0.706680542552));
#14557 = DIRECTION('',(0.710519845617,6.938893903907E-18,0.703677162472)
  );
#14558 = ADVANCED_FACE('',(#14559),#14576,.T.);
#14559 = FACE_BOUND('',#14560,.T.);
#14560 = EDGE_LOOP('',(#14561,#14569,#14570));
#14561 = ORIENTED_EDGE('',*,*,#14562,.F.);
#14562 = EDGE_CURVE('',#14519,#14563,#14565,.T.);
#14563 = VERTEX_POINT('',#14564);
#14564 = CARTESIAN_POINT('',(-5.014999866486,0.,18.299999237061));
#14565 = LINE('',#14566,#14567);
#14566 = CARTESIAN_POINT('',(-4.990851402283,-0.491555958986,
    18.299999237061));
#14567 = VECTOR('',#14568,1.);
#14568 = DIRECTION('',(-4.906740767876E-02,0.998795469305,0.));
#14569 = ORIENTED_EDGE('',*,*,#14546,.F.);
#14570 = ORIENTED_EDGE('',*,*,#14571,.T.);
#14571 = EDGE_CURVE('',#13231,#14563,#14572,.T.);
#14572 = LINE('',#14573,#14574);
#14573 = CARTESIAN_POINT('',(-4.403692245483,-0.433725833893,
    18.889999389648));
#14574 = VECTOR('',#14575,1.);
#14575 = DIRECTION('',(-0.64085433948,0.454689379365,-0.618517003697));
#14576 = PLANE('',#14577);
#14577 = AXIS2_PLACEMENT_3D('',#14578,#14579,#14580);
#14578 = CARTESIAN_POINT('',(-4.768286811337,-0.313030873683,
    18.53133415504));
#14579 = DIRECTION('',(-0.706680529956,-3.471679911219E-02,
    0.706680530678));
#14580 = DIRECTION('',(0.707106781548,3.469446951954E-18,0.707106780825)
  );
#14581 = ADVANCED_FACE('',(#14582),#14592,.T.);
#14582 = FACE_BOUND('',#14583,.T.);
#14583 = EDGE_LOOP('',(#14584,#14585,#14586));
#14584 = ORIENTED_EDGE('',*,*,#14571,.F.);
#14585 = ORIENTED_EDGE('',*,*,#13230,.T.);
#14586 = ORIENTED_EDGE('',*,*,#14587,.T.);
#14587 = EDGE_CURVE('',#13223,#14563,#14588,.T.);
#14588 = LINE('',#14589,#14590);
#14589 = CARTESIAN_POINT('',(-4.425000190735,0.,18.889999389648));
#14590 = VECTOR('',#14591,1.);
#14591 = DIRECTION('',(-0.707106495445,0.,-0.707107066928));
#14592 = PLANE('',#14593);
#14593 = AXIS2_PLACEMENT_3D('',#14594,#14595,#14596);
#14594 = CARTESIAN_POINT('',(-4.655707248402,-0.135447868213,
    18.652637900221));
#14595 = DIRECTION('',(-0.706680796457,-3.471759010989E-02,
    0.706680225318));
#14596 = DIRECTION('',(-0.707106495445,0.,-0.707107066928));
#14597 = ADVANCED_FACE('',(#14598),#14615,.T.);
#14598 = FACE_BOUND('',#14599,.T.);
#14599 = EDGE_LOOP('',(#14600,#14608,#14609));
#14600 = ORIENTED_EDGE('',*,*,#14601,.F.);
#14601 = EDGE_CURVE('',#14563,#14602,#14604,.T.);
#14602 = VERTEX_POINT('',#14603);
#14603 = CARTESIAN_POINT('',(-4.990851402283,0.491555958986,
    18.299999237061));
#14604 = LINE('',#14605,#14606);
#14605 = CARTESIAN_POINT('',(-5.014999866486,0.,18.299999237061));
#14606 = VECTOR('',#14607,1.);
#14607 = DIRECTION('',(4.906740767876E-02,0.998795469305,0.));
#14608 = ORIENTED_EDGE('',*,*,#14587,.F.);
#14609 = ORIENTED_EDGE('',*,*,#14610,.T.);
#14610 = EDGE_CURVE('',#13223,#14602,#14611,.T.);
#14611 = LINE('',#14612,#14613);
#14612 = CARTESIAN_POINT('',(-4.425000190735,0.,18.889999389648));
#14613 = VECTOR('',#14614,1.);
#14614 = DIRECTION('',(-0.593200938754,0.515314715901,-0.618517089365));
#14615 = PLANE('',#14616);
#14616 = AXIS2_PLACEMENT_3D('',#14617,#14618,#14619);
#14617 = CARTESIAN_POINT('',(-4.776008755443,0.155850317827,
    18.531334141625));
#14618 = DIRECTION('',(-0.706680815542,3.471681314202E-02,0.706680244404
    ));
#14619 = DIRECTION('',(-0.707106495445,0.,-0.707107066928));
#14620 = ADVANCED_FACE('',(#14621),#14631,.T.);
#14621 = FACE_BOUND('',#14622,.T.);
#14622 = EDGE_LOOP('',(#14623,#14629,#14630));
#14623 = ORIENTED_EDGE('',*,*,#14624,.T.);
#14624 = EDGE_CURVE('',#13215,#14602,#14625,.T.);
#14625 = LINE('',#14626,#14627);
#14626 = CARTESIAN_POINT('',(-4.403692245483,0.433725833893,
    18.889999389648));
#14627 = VECTOR('',#14628,1.);
#14628 = DIRECTION('',(-0.703701878725,6.930858048271E-02,
    -0.707106771676));
#14629 = ORIENTED_EDGE('',*,*,#14610,.F.);
#14630 = ORIENTED_EDGE('',*,*,#13222,.T.);
#14631 = PLANE('',#14632);
#14632 = AXIS2_PLACEMENT_3D('',#14633,#14634,#14635);
#14633 = CARTESIAN_POINT('',(-4.646565025208,0.321543485651,
    18.652637894612));
#14634 = DIRECTION('',(-0.706680472793,3.471757420905E-02,0.706680549763
    ));
#14635 = DIRECTION('',(0.707106819695,0.,0.707106742678));
#14636 = ADVANCED_FACE('',(#14637),#14654,.T.);
#14637 = FACE_BOUND('',#14638,.T.);
#14638 = EDGE_LOOP('',(#14639,#14647,#14648));
#14639 = ORIENTED_EDGE('',*,*,#14640,.F.);
#14640 = EDGE_CURVE('',#14602,#14641,#14643,.T.);
#14641 = VERTEX_POINT('',#14642);
#14642 = CARTESIAN_POINT('',(-4.91863822937,0.978377938271,
    18.299999237061));
#14643 = LINE('',#14644,#14645);
#14644 = CARTESIAN_POINT('',(-4.990851402283,0.491555958986,
    18.299999237061));
#14645 = VECTOR('',#14646,1.);
#14646 = DIRECTION('',(0.146730382722,0.989176523572,0.));
#14647 = ORIENTED_EDGE('',*,*,#14624,.F.);
#14648 = ORIENTED_EDGE('',*,*,#14649,.T.);
#14649 = EDGE_CURVE('',#13215,#14641,#14650,.T.);
#14650 = LINE('',#14651,#14652);
#14651 = CARTESIAN_POINT('',(-4.403692245483,0.433725833893,
    18.889999389648));
#14652 = VECTOR('',#14653,1.);
#14653 = DIRECTION('',(-0.539835142511,0.570977064753,-0.61851694434));
#14654 = PLANE('',#14655);
#14655 = AXIS2_PLACEMENT_3D('',#14656,#14657,#14658);
#14656 = CARTESIAN_POINT('',(-4.737734861938,0.623230541931,
    18.531334160407));
#14657 = DIRECTION('',(-0.699874804661,0.10381655397,0.706680536681));
#14658 = DIRECTION('',(0.710519857409,-6.938893903907E-18,0.703677150565
    ));
#14659 = ADVANCED_FACE('',(#14660),#14670,.T.);
#14660 = FACE_BOUND('',#14661,.T.);
#14661 = EDGE_LOOP('',(#14662,#14668,#14669));
#14662 = ORIENTED_EDGE('',*,*,#14663,.T.);
#14663 = EDGE_CURVE('',#13207,#14641,#14664,.T.);
#14664 = LINE('',#14665,#14666);
#14665 = CARTESIAN_POINT('',(-4.339974880219,0.863274693489,
    18.889999389648));
#14666 = VECTOR('',#14667,1.);
#14667 = DIRECTION('',(-0.693519859136,0.137949614787,-0.707106858094));
#14668 = ORIENTED_EDGE('',*,*,#14649,.F.);
#14669 = ORIENTED_EDGE('',*,*,#13214,.F.);
#14670 = PLANE('',#14671);
#14671 = AXIS2_PLACEMENT_3D('',#14672,#14673,#14674);
#14672 = CARTESIAN_POINT('',(-4.592673736944,0.775438161636,
    18.652637891198));
#14673 = DIRECTION('',(-0.699874932545,0.103816331298,0.70668044274));
#14674 = DIRECTION('',(0.710519746354,0.,0.7036772627));
#14675 = ADVANCED_FACE('',(#14676),#14700,.T.);
#14676 = FACE_BOUND('',#14677,.T.);
#14677 = EDGE_LOOP('',(#14678,#14688,#14694));
#14678 = ORIENTED_EDGE('',*,*,#14679,.F.);
#14679 = EDGE_CURVE('',#14680,#14682,#14684,.T.);
#14680 = VERTEX_POINT('',#14681);
#14681 = CARTESIAN_POINT('',(-4.633255958557,-1.919157385826,
    18.299999237061));
#14682 = VERTEX_POINT('',#14683);
#14683 = CARTESIAN_POINT('',(-4.799055576324,-1.455777645111,
    18.299999237061));
#14684 = LINE('',#14685,#14686);
#14685 = CARTESIAN_POINT('',(-4.633255958557,-1.919157385826,
    18.299999237061));
#14686 = VECTOR('',#14687,1.);
#14687 = DIRECTION('',(-0.336889304714,0.941544261503,0.));
#14688 = ORIENTED_EDGE('',*,*,#14689,.T.);
#14689 = EDGE_CURVE('',#14680,#13255,#14690,.T.);
#14690 = LINE('',#14691,#14692);
#14691 = CARTESIAN_POINT('',(-4.633255958557,-1.919157385826,
    18.299999237061));
#14692 = VECTOR('',#14693,1.);
#14693 = DIRECTION('',(0.653281617455,0.270597951342,0.70710669423));
#14694 = ORIENTED_EDGE('',*,*,#14695,.T.);
#14695 = EDGE_CURVE('',#13255,#14682,#14696,.T.);
#14696 = LINE('',#14697,#14698);
#14697 = CARTESIAN_POINT('',(-4.088166713715,-1.693374156952,
    18.889999389648));
#14698 = VECTOR('',#14699,1.);
#14699 = DIRECTION('',(-0.745248716218,0.24908041853,-0.618517013574));
#14700 = PLANE('',#14701);
#14701 = AXIS2_PLACEMENT_3D('',#14702,#14703,#14704);
#14702 = CARTESIAN_POINT('',(-4.472097881925,-1.683712485325,
    18.531334168686));
#14703 = DIRECTION('',(-0.666173353135,-0.238360199231,0.70668060607));
#14704 = DIRECTION('',(0.727653905677,0.,0.685944453694));
#14705 = ADVANCED_FACE('',(#14706),#14716,.T.);
#14706 = FACE_BOUND('',#14707,.T.);
#14707 = EDGE_LOOP('',(#14708,#14709,#14715));
#14708 = ORIENTED_EDGE('',*,*,#14689,.F.);
#14709 = ORIENTED_EDGE('',*,*,#14710,.F.);
#14710 = EDGE_CURVE('',#13263,#14680,#14711,.T.);
#14711 = LINE('',#14712,#14713);
#14712 = CARTESIAN_POINT('',(-3.902501583099,-2.085930585861,
    18.889999389648));
#14713 = VECTOR('',#14714,1.);
#14714 = DIRECTION('',(-0.766074326009,0.174833940246,-0.618516952369));
#14715 = ORIENTED_EDGE('',*,*,#13262,.T.);
#14716 = PLANE('',#14717);
#14717 = AXIS2_PLACEMENT_3D('',#14718,#14719,#14720);
#14718 = CARTESIAN_POINT('',(-4.249479031215,-1.906799538394,
    18.652637882224));
#14719 = DIRECTION('',(-0.639602121176,-0.302508894581,0.706680617597));
#14720 = DIRECTION('',(0.741418629361,0.,0.671042782568));
#14721 = ADVANCED_FACE('',(#14722),#14739,.T.);
#14722 = FACE_BOUND('',#14723,.T.);
#14723 = EDGE_LOOP('',(#14724,#14732,#14738));
#14724 = ORIENTED_EDGE('',*,*,#14725,.F.);
#14725 = EDGE_CURVE('',#14726,#14680,#14728,.T.);
#14726 = VERTEX_POINT('',#14727);
#14727 = CARTESIAN_POINT('',(-4.422835350037,-2.364054679871,
    18.299999237061));
#14728 = LINE('',#14729,#14730);
#14729 = CARTESIAN_POINT('',(-4.422835350037,-2.364054679871,
    18.299999237061));
#14730 = VECTOR('',#14731,1.);
#14731 = DIRECTION('',(-0.427554860215,0.903989403426,0.));
#14732 = ORIENTED_EDGE('',*,*,#14733,.T.);
#14733 = EDGE_CURVE('',#14726,#13263,#14734,.T.);
#14734 = LINE('',#14735,#14736);
#14735 = CARTESIAN_POINT('',(-4.422835350037,-2.364054679871,
    18.299999237061));
#14736 = VECTOR('',#14737,1.);
#14737 = DIRECTION('',(0.62361258289,0.333327751628,0.707106750397));
#14738 = ORIENTED_EDGE('',*,*,#14710,.T.);
#14739 = PLANE('',#14740);
#14740 = AXIS2_PLACEMENT_3D('',#14741,#14742,#14743);
#14741 = CARTESIAN_POINT('',(-4.285531050194,-2.113947238861,
    18.531334155312));
#14742 = DIRECTION('',(-0.639602109517,-0.302509066468,0.706680554569));
#14743 = DIRECTION('',(0.741418605671,2.775557561563E-17,0.671042808743)
  );
#14744 = ADVANCED_FACE('',(#14745),#14755,.T.);
#14745 = FACE_BOUND('',#14746,.T.);
#14746 = EDGE_LOOP('',(#14747,#14753,#14754));
#14747 = ORIENTED_EDGE('',*,*,#14748,.T.);
#14748 = EDGE_CURVE('',#13247,#14682,#14749,.T.);
#14749 = LINE('',#14750,#14751);
#14750 = CARTESIAN_POINT('',(-4.234460830688,-1.284509658813,
    18.889999389648));
#14751 = VECTOR('',#14752,1.);
#14752 = DIRECTION('',(-0.676658874564,-0.20526227662,-0.707106898051));
#14753 = ORIENTED_EDGE('',*,*,#14695,.F.);
#14754 = ORIENTED_EDGE('',*,*,#13254,.T.);
#14755 = PLANE('',#14756);
#14756 = AXIS2_PLACEMENT_3D('',#14757,#14758,#14759);
#14757 = CARTESIAN_POINT('',(-4.415915476413,-1.481095987601,
    18.652637897783));
#14758 = DIRECTION('',(-0.666173369645,-0.238360741291,0.706680407672));
#14759 = DIRECTION('',(0.727653801071,-1.387778780781E-17,0.68594456466)
  );
#14760 = ADVANCED_FACE('',(#14761),#14771,.T.);
#14761 = FACE_BOUND('',#14762,.T.);
#14762 = EDGE_LOOP('',(#14763,#14764,#14770));
#14763 = ORIENTED_EDGE('',*,*,#14733,.F.);
#14764 = ORIENTED_EDGE('',*,*,#14765,.F.);
#14765 = EDGE_CURVE('',#13271,#14726,#14766,.T.);
#14766 = LINE('',#14767,#14768);
#14767 = CARTESIAN_POINT('',(-3.679253101349,-2.458398342133,
    18.889999389648));
#14768 = VECTOR('',#14769,1.);
#14769 = DIRECTION('',(-0.779522203135,9.890362443172E-02,
    -0.618516942285));
#14770 = ORIENTED_EDGE('',*,*,#13270,.T.);
#14771 = PLANE('',#14772);
#14772 = AXIS2_PLACEMENT_3D('',#14773,#14774,#14775);
#14773 = CARTESIAN_POINT('',(-4.042117708457,-2.314139621449,
    18.652637886425));
#14774 = DIRECTION('',(-0.606871152473,-0.363744407742,0.706680557347));
#14775 = DIRECTION('',(0.758648922398,0.,0.65149966427));
#14776 = ADVANCED_FACE('',(#14777),#14794,.T.);
#14777 = FACE_BOUND('',#14778,.T.);
#14778 = EDGE_LOOP('',(#14779,#14787,#14793));
#14779 = ORIENTED_EDGE('',*,*,#14780,.F.);
#14780 = EDGE_CURVE('',#14781,#14726,#14783,.T.);
#14781 = VERTEX_POINT('',#14782);
#14782 = CARTESIAN_POINT('',(-4.169820308685,-2.78618478775,
    18.299999237061));
#14783 = LINE('',#14784,#14785);
#14784 = CARTESIAN_POINT('',(-4.169820308685,-2.78618478775,
    18.299999237061));
#14785 = VECTOR('',#14786,1.);
#14786 = DIRECTION('',(-0.514102731749,0.857728617459,0.));
#14787 = ORIENTED_EDGE('',*,*,#14788,.T.);
#14788 = EDGE_CURVE('',#14781,#13271,#14789,.T.);
#14789 = LINE('',#14790,#14791);
#14790 = CARTESIAN_POINT('',(-4.169820308685,-2.78618478775,
    18.299999237061));
#14791 = VECTOR('',#14792,1.);
#14792 = DIRECTION('',(0.587937829643,0.392847398972,0.707106802114));
#14793 = ORIENTED_EDGE('',*,*,#14765,.T.);
#14794 = PLANE('',#14795);
#14795 = AXIS2_PLACEMENT_3D('',#14796,#14797,#14798);
#14796 = CARTESIAN_POINT('',(-4.057692052145,-2.523823535447,
    18.53133415359));
#14797 = DIRECTION('',(-0.606871129526,-0.363744544788,0.706680506513));
#14798 = DIRECTION('',(0.75864891141,-2.775557561563E-17,0.651499677065)
  );
#14799 = ADVANCED_FACE('',(#14800),#14810,.T.);
#14800 = FACE_BOUND('',#14801,.T.);
#14801 = EDGE_LOOP('',(#14802,#14803,#14809));
#14802 = ORIENTED_EDGE('',*,*,#14788,.F.);
#14803 = ORIENTED_EDGE('',*,*,#14804,.F.);
#14804 = EDGE_CURVE('',#13279,#14781,#14805,.T.);
#14805 = LINE('',#14806,#14807);
#14806 = CARTESIAN_POINT('',(-3.420571327209,-2.807190179825,
    18.889999389648));
#14807 = VECTOR('',#14808,1.);
#14808 = DIRECTION('',(-0.785462839665,2.202065710477E-02,
    -0.618516950589));
#14809 = ORIENTED_EDGE('',*,*,#13278,.T.);
#14810 = PLANE('',#14811);
#14811 = AXIS2_PLACEMENT_3D('',#14812,#14813,#14814);
#14812 = CARTESIAN_POINT('',(-3.795828495048,-2.699193189716,
    18.652637875089));
#14813 = DIRECTION('',(-0.568295587679,-0.42147692397,0.706680498943));
#14814 = DIRECTION('',(0.779278791323,2.775557561563E-17,0.626677401376)
  );
#14815 = ADVANCED_FACE('',(#14816),#14833,.T.);
#14816 = FACE_BOUND('',#14817,.T.);
#14817 = EDGE_LOOP('',(#14818,#14819,#14827));
#14818 = ORIENTED_EDGE('',*,*,#14804,.T.);
#14819 = ORIENTED_EDGE('',*,*,#14820,.F.);
#14820 = EDGE_CURVE('',#14821,#14781,#14823,.T.);
#14821 = VERTEX_POINT('',#14822);
#14822 = CARTESIAN_POINT('',(-3.876647472382,-3.181482315063,
    18.299999237061));
#14823 = LINE('',#14824,#14825);
#14824 = CARTESIAN_POINT('',(-3.876647472382,-3.181482315063,
    18.299999237061));
#14825 = VECTOR('',#14826,1.);
#14826 = DIRECTION('',(-0.595699578768,0.803207328064,0.));
#14827 = ORIENTED_EDGE('',*,*,#14828,.T.);
#14828 = EDGE_CURVE('',#14821,#13279,#14829,.T.);
#14829 = LINE('',#14830,#14831);
#14830 = CARTESIAN_POINT('',(-3.876647472382,-3.181482315063,
    18.299999237061));
#14831 = VECTOR('',#14832,1.);
#14832 = DIRECTION('',(0.546600815392,0.448583835138,0.707106845863));
#14833 = PLANE('',#14834);
#14834 = AXIS2_PLACEMENT_3D('',#14835,#14836,#14837);
#14835 = CARTESIAN_POINT('',(-3.790775155411,-2.909393913001,
    18.531334150975));
#14836 = DIRECTION('',(-0.568295562932,-0.421477015492,0.706680464258));
#14837 = DIRECTION('',(0.779278789628,0.,0.626677403482));
#14838 = ADVANCED_FACE('',(#14839),#14849,.T.);
#14839 = FACE_BOUND('',#14840,.T.);
#14840 = EDGE_LOOP('',(#14841,#14842,#14848));
#14841 = ORIENTED_EDGE('',*,*,#14828,.F.);
#14842 = ORIENTED_EDGE('',*,*,#14843,.F.);
#14843 = EDGE_CURVE('',#13287,#14821,#14844,.T.);
#14844 = LINE('',#14845,#14846);
#14845 = CARTESIAN_POINT('',(-3.128947496414,-3.128947496414,
    18.889999389648));
#14846 = VECTOR('',#14847,1.);
#14847 = DIRECTION('',(-0.783839008953,-5.50740156602E-02,
    -0.618516985089));
#14848 = ORIENTED_EDGE('',*,*,#13286,.T.);
#14849 = PLANE('',#14850);
#14850 = AXIS2_PLACEMENT_3D('',#14851,#14852,#14853);
#14851 = CARTESIAN_POINT('',(-3.512983230845,-3.058252020033,
    18.652637905249));
#14852 = DIRECTION('',(-0.524247257171,-0.475150013807,0.706680463666));
#14853 = DIRECTION('',(0.803132862018,0.,0.595799971422));
#14854 = ADVANCED_FACE('',(#14855),#14872,.T.);
#14855 = FACE_BOUND('',#14856,.T.);
#14856 = EDGE_LOOP('',(#14857,#14865,#14871));
#14857 = ORIENTED_EDGE('',*,*,#14858,.F.);
#14858 = EDGE_CURVE('',#14859,#14821,#14861,.T.);
#14859 = VERTEX_POINT('',#14860);
#14860 = CARTESIAN_POINT('',(-3.546140432358,-3.546140432358,
    18.299999237061));
#14861 = LINE('',#14862,#14863);
#14862 = CARTESIAN_POINT('',(-3.546140432358,-3.546140432358,
    18.299999237061));
#14863 = VECTOR('',#14864,1.);
#14864 = DIRECTION('',(-0.671559164293,0.740950935524,0.));
#14865 = ORIENTED_EDGE('',*,*,#14866,.T.);
#14866 = EDGE_CURVE('',#14859,#13287,#14867,.T.);
#14867 = LINE('',#14868,#14869);
#14868 = CARTESIAN_POINT('',(-3.546140432358,-3.546140432358,
    18.299999237061));
#14869 = VECTOR('',#14870,1.);
#14870 = DIRECTION('',(0.499999896419,0.499999896419,0.707106927672));
#14871 = ORIENTED_EDGE('',*,*,#14843,.T.);
#14872 = PLANE('',#14873);
#14873 = AXIS2_PLACEMENT_3D('',#14874,#14875,#14876);
#14874 = CARTESIAN_POINT('',(-3.48735095302,-3.266945307725,
    18.531334146901));
#14875 = DIRECTION('',(-0.524247180016,-0.475150217396,0.706680384017));
#14876 = DIRECTION('',(0.803132871844,0.,0.595799958177));
#14877 = ADVANCED_FACE('',(#14878),#14888,.T.);
#14878 = FACE_BOUND('',#14879,.T.);
#14879 = EDGE_LOOP('',(#14880,#14881,#14887));
#14880 = ORIENTED_EDGE('',*,*,#14866,.F.);
#14881 = ORIENTED_EDGE('',*,*,#14882,.F.);
#14882 = EDGE_CURVE('',#13295,#14859,#14883,.T.);
#14883 = LINE('',#14884,#14885);
#14884 = CARTESIAN_POINT('',(-2.807190179825,-3.420571327209,
    18.889999389648));
#14885 = VECTOR('',#14886,1.);
#14886 = DIRECTION('',(-0.774666416199,-0.131638318462,-0.618517014096)
  );
#14887 = ORIENTED_EDGE('',*,*,#13294,.T.);
#14888 = PLANE('',#14889);
#14889 = AXIS2_PLACEMENT_3D('',#14890,#14891,#14892);
#14890 = CARTESIAN_POINT('',(-3.196306028076,-3.387858290951,
    18.652637908912));
#14891 = DIRECTION('',(-0.475150070572,-0.5242473198,0.706680379039));
#14892 = DIRECTION('',(0.,0.803132793818,0.595800063355));
#14893 = ADVANCED_FACE('',(#14894),#14911,.T.);
#14894 = FACE_BOUND('',#14895,.T.);
#14895 = EDGE_LOOP('',(#14896,#14897,#14905));
#14896 = ORIENTED_EDGE('',*,*,#14882,.T.);
#14897 = ORIENTED_EDGE('',*,*,#14898,.F.);
#14898 = EDGE_CURVE('',#14899,#14859,#14901,.T.);
#14899 = VERTEX_POINT('',#14900);
#14900 = CARTESIAN_POINT('',(-3.181482315063,-3.876647472382,
    18.299999237061));
#14901 = LINE('',#14902,#14903);
#14902 = CARTESIAN_POINT('',(-3.181482315063,-3.876647472382,
    18.299999237061));
#14903 = VECTOR('',#14904,1.);
#14904 = DIRECTION('',(-0.740950935524,0.671559164293,0.));
#14905 = ORIENTED_EDGE('',*,*,#14906,.T.);
#14906 = EDGE_CURVE('',#14899,#13295,#14907,.T.);
#14907 = LINE('',#14908,#14909);
#14908 = CARTESIAN_POINT('',(-3.181482315063,-3.876647472382,
    18.299999237061));
#14909 = VECTOR('',#14910,1.);
#14910 = DIRECTION('',(0.448583835138,0.546600815392,0.707106845863));
#14911 = PLANE('',#14912);
#14912 = AXIS2_PLACEMENT_3D('',#14913,#14914,#14915);
#14913 = CARTESIAN_POINT('',(-3.150341703375,-3.593034291986,
    18.531334148348));
#14914 = DIRECTION('',(-0.47515016731,-0.524247124754,0.706680458688));
#14915 = DIRECTION('',(0.,0.80313293202,0.59579987706));
#14916 = ADVANCED_FACE('',(#14917),#14927,.T.);
#14917 = FACE_BOUND('',#14918,.T.);
#14918 = EDGE_LOOP('',(#14919,#14920,#14926));
#14919 = ORIENTED_EDGE('',*,*,#14906,.F.);
#14920 = ORIENTED_EDGE('',*,*,#14921,.F.);
#14921 = EDGE_CURVE('',#13303,#14899,#14922,.T.);
#14922 = LINE('',#14923,#14924);
#14923 = CARTESIAN_POINT('',(-2.458398342133,-3.679253101349,
    18.889999389648));
#14924 = VECTOR('',#14925,1.);
#14925 = DIRECTION('',(-0.758033305637,-0.206935173769,-0.618517050212)
  );
#14926 = ORIENTED_EDGE('',*,*,#13302,.T.);
#14927 = PLANE('',#14928);
#14928 = AXIS2_PLACEMENT_3D('',#14929,#14930,#14931);
#14929 = CARTESIAN_POINT('',(-2.848846843052,-3.684837693656,
    18.652637880412));
#14930 = DIRECTION('',(-0.421476945896,-0.568295617243,0.70668046209));
#14931 = DIRECTION('',(-2.775557561563E-17,0.779278759441,0.62667744102)
  );
#14932 = ADVANCED_FACE('',(#14933),#14950,.T.);
#14933 = FACE_BOUND('',#14934,.T.);
#14934 = EDGE_LOOP('',(#14935,#14943,#14949));
#14935 = ORIENTED_EDGE('',*,*,#14936,.F.);
#14936 = EDGE_CURVE('',#14937,#14899,#14939,.T.);
#14937 = VERTEX_POINT('',#14938);
#14938 = CARTESIAN_POINT('',(-2.78618478775,-4.169820308685,
    18.299999237061));
#14939 = LINE('',#14940,#14941);
#14940 = CARTESIAN_POINT('',(-2.78618478775,-4.169820308685,
    18.299999237061));
#14941 = VECTOR('',#14942,1.);
#14942 = DIRECTION('',(-0.803207328064,0.595699578768,0.));
#14943 = ORIENTED_EDGE('',*,*,#14944,.T.);
#14944 = EDGE_CURVE('',#14937,#13303,#14945,.T.);
#14945 = LINE('',#14946,#14947);
#14946 = CARTESIAN_POINT('',(-2.78618478775,-4.169820308685,
    18.299999237061));
#14947 = VECTOR('',#14948,1.);
#14948 = DIRECTION('',(0.392847398972,0.587937829643,0.707106802114));
#14949 = ORIENTED_EDGE('',*,*,#14921,.T.);
#14950 = PLANE('',#14951);
#14951 = AXIS2_PLACEMENT_3D('',#14952,#14953,#14954);
#14952 = CARTESIAN_POINT('',(-2.782993105618,-3.88452042726,
    18.531334148127));
#14953 = DIRECTION('',(-0.421476996145,-0.568295536845,0.706680496775));
#14954 = DIRECTION('',(0.,0.779278817759,0.626677368502));
#14955 = ADVANCED_FACE('',(#14956),#14966,.T.);
#14956 = FACE_BOUND('',#14957,.T.);
#14957 = EDGE_LOOP('',(#14958,#14959,#14965));
#14958 = ORIENTED_EDGE('',*,*,#14944,.F.);
#14959 = ORIENTED_EDGE('',*,*,#14960,.F.);
#14960 = EDGE_CURVE('',#13311,#14937,#14961,.T.);
#14961 = LINE('',#14962,#14963);
#14962 = CARTESIAN_POINT('',(-2.085930585861,-3.902501583099,
    18.889999389648));
#14963 = VECTOR('',#14964,1.);
#14964 = DIRECTION('',(-0.734099974591,-0.280239189041,-0.618516955492)
  );
#14965 = ORIENTED_EDGE('',*,*,#13310,.T.);
#14966 = PLANE('',#14967);
#14967 = AXIS2_PLACEMENT_3D('',#14968,#14969,#14970);
#14968 = CARTESIAN_POINT('',(-2.47395167453,-3.946330048321,
    18.652637888536));
#14969 = DIRECTION('',(-0.363744435476,-0.606871198745,0.706680503336));
#14970 = DIRECTION('',(-2.775557561563E-17,0.758648873235,0.651499721519
    ));
#14971 = ADVANCED_FACE('',(#14972),#14989,.T.);
#14972 = FACE_BOUND('',#14973,.T.);
#14973 = EDGE_LOOP('',(#14974,#14975,#14983));
#14974 = ORIENTED_EDGE('',*,*,#14960,.T.);
#14975 = ORIENTED_EDGE('',*,*,#14976,.F.);
#14976 = EDGE_CURVE('',#14977,#14937,#14979,.T.);
#14977 = VERTEX_POINT('',#14978);
#14978 = CARTESIAN_POINT('',(-2.364054679871,-4.422835350037,
    18.299999237061));
#14979 = LINE('',#14980,#14981);
#14980 = CARTESIAN_POINT('',(-2.364054679871,-4.422835350037,
    18.299999237061));
#14981 = VECTOR('',#14982,1.);
#14982 = DIRECTION('',(-0.857728617459,0.514102731749,0.));
#14983 = ORIENTED_EDGE('',*,*,#14984,.T.);
#14984 = EDGE_CURVE('',#14977,#13311,#14985,.T.);
#14985 = LINE('',#14986,#14987);
#14986 = CARTESIAN_POINT('',(-2.364054679871,-4.422835350037,
    18.299999237061));
#14987 = VECTOR('',#14988,1.);
#14988 = DIRECTION('',(0.333327751628,0.62361258289,0.707106750397));
#14989 = PLANE('',#14990);
#14990 = AXIS2_PLACEMENT_3D('',#14991,#14992,#14993);
#14991 = CARTESIAN_POINT('',(-2.388842659811,-4.138596435216,
    18.531334154725));
#14992 = DIRECTION('',(-0.363744520316,-0.606871088698,0.70668055417));
#14993 = DIRECTION('',(0.,0.75864895479,0.651499626551));
#14994 = ADVANCED_FACE('',(#14995),#15005,.T.);
#14995 = FACE_BOUND('',#14996,.T.);
#14996 = EDGE_LOOP('',(#14997,#14998,#15004));
#14997 = ORIENTED_EDGE('',*,*,#14984,.F.);
#14998 = ORIENTED_EDGE('',*,*,#14999,.F.);
#14999 = EDGE_CURVE('',#13319,#14977,#15000,.T.);
#15000 = LINE('',#15001,#15002);
#15001 = CARTESIAN_POINT('',(-1.693374156952,-4.088166713715,
    18.889999389648));
#15002 = VECTOR('',#15003,1.);
#15003 = DIRECTION('',(-0.703096812907,-0.35084431937,-0.618516883558));
#15004 = ORIENTED_EDGE('',*,*,#13318,.T.);
#15005 = PLANE('',#15006);
#15006 = AXIS2_PLACEMENT_3D('',#15007,#15008,#15009);
#15007 = CARTESIAN_POINT('',(-2.075230911,-4.169816976204,
    18.652637881191));
#15008 = DIRECTION('',(-0.302508923178,-0.63960218164,0.70668055063));
#15009 = DIRECTION('',(-2.775557561563E-17,0.741418566163,0.671042852394
    ));
#15010 = ADVANCED_FACE('',(#15011),#15028,.T.);
#15011 = FACE_BOUND('',#15012,.T.);
#15012 = EDGE_LOOP('',(#15013,#15014,#15022));
#15013 = ORIENTED_EDGE('',*,*,#14999,.T.);
#15014 = ORIENTED_EDGE('',*,*,#15015,.F.);
#15015 = EDGE_CURVE('',#15016,#14977,#15018,.T.);
#15016 = VERTEX_POINT('',#15017);
#15017 = CARTESIAN_POINT('',(-1.919157385826,-4.633255958557,
    18.299999237061));
#15018 = LINE('',#15019,#15020);
#15019 = CARTESIAN_POINT('',(-1.919157385826,-4.633255958557,
    18.299999237061));
#15020 = VECTOR('',#15021,1.);
#15021 = DIRECTION('',(-0.903989403426,0.427554860215,0.));
#15022 = ORIENTED_EDGE('',*,*,#15023,.T.);
#15023 = EDGE_CURVE('',#15016,#13319,#15024,.T.);
#15024 = LINE('',#15025,#15026);
#15025 = CARTESIAN_POINT('',(-1.919157385826,-4.633255958557,
    18.299999237061));
#15026 = VECTOR('',#15027,1.);
#15027 = DIRECTION('',(0.270597951342,0.653281617455,0.70710669423));
#15028 = PLANE('',#15029);
#15029 = AXIS2_PLACEMENT_3D('',#15030,#15031,#15032);
#15030 = CARTESIAN_POINT('',(-1.971686300618,-4.352815370048,
    18.531334160125));
#15031 = DIRECTION('',(-0.302509041235,-0.639602056166,0.706680613658));
#15032 = DIRECTION('',(0.,0.741418661434,0.671042747131));
#15033 = ADVANCED_FACE('',(#15034),#15044,.T.);
#15034 = FACE_BOUND('',#15035,.T.);
#15035 = EDGE_LOOP('',(#15036,#15037,#15043));
#15036 = ORIENTED_EDGE('',*,*,#15023,.F.);
#15037 = ORIENTED_EDGE('',*,*,#15038,.F.);
#15038 = EDGE_CURVE('',#13327,#15016,#15039,.T.);
#15039 = LINE('',#15040,#15041);
#15040 = CARTESIAN_POINT('',(-1.284509658813,-4.234460830688,
    18.889999389648));
#15041 = VECTOR('',#15042,1.);
#15042 = DIRECTION('',(-0.665322490008,-0.418070302915,-0.618516940843)
  );
#15043 = ORIENTED_EDGE('',*,*,#13326,.T.);
#15044 = PLANE('',#15045);
#15045 = AXIS2_PLACEMENT_3D('',#15046,#15047,#15048);
#15046 = CARTESIAN_POINT('',(-1.656524527043,-4.353146275186,
    18.652637888636));
#15047 = DIRECTION('',(-0.238360670361,-0.666173171409,0.70668061847));
#15048 = DIRECTION('',(-1.387778780781E-17,0.727654005082,0.685944348245
    ));
#15049 = ADVANCED_FACE('',(#15050),#15067,.T.);
#15050 = FACE_BOUND('',#15051,.T.);
#15051 = EDGE_LOOP('',(#15052,#15053,#15061));
#15052 = ORIENTED_EDGE('',*,*,#15038,.T.);
#15053 = ORIENTED_EDGE('',*,*,#15054,.F.);
#15054 = EDGE_CURVE('',#15055,#15016,#15057,.T.);
#15055 = VERTEX_POINT('',#15056);
#15056 = CARTESIAN_POINT('',(-1.455777645111,-4.799055576324,
    18.299999237061));
#15057 = LINE('',#15058,#15059);
#15058 = CARTESIAN_POINT('',(-1.455777645111,-4.799055576324,
    18.299999237061));
#15059 = VECTOR('',#15060,1.);
#15060 = DIRECTION('',(-0.941544261503,0.336889304714,0.));
#15061 = ORIENTED_EDGE('',*,*,#15062,.T.);
#15062 = EDGE_CURVE('',#15055,#13327,#15063,.T.);
#15063 = LINE('',#15064,#15065);
#15064 = CARTESIAN_POINT('',(-1.455777645111,-4.799055576324,
    18.299999237061));
#15065 = VECTOR('',#15066,1.);
#15066 = DIRECTION('',(0.20526227662,0.676658874564,0.707106898051));
#15067 = PLANE('',#15068);
#15068 = AXIS2_PLACEMENT_3D('',#15069,#15070,#15071);
#15069 = CARTESIAN_POINT('',(-1.535541562997,-4.525114321091,
    18.531334165103));
#15070 = DIRECTION('',(-0.238360261817,-0.666173528049,0.706680420072));
#15071 = DIRECTION('',(-1.387778780781E-17,0.727653725668,0.685944644649
    ));
#15072 = ADVANCED_FACE('',(#15073),#15090,.T.);
#15073 = FACE_BOUND('',#15074,.T.);
#15074 = EDGE_LOOP('',(#15075,#15083,#15089));
#15075 = ORIENTED_EDGE('',*,*,#15076,.F.);
#15076 = EDGE_CURVE('',#15077,#13335,#15079,.T.);
#15077 = VERTEX_POINT('',#15078);
#15078 = CARTESIAN_POINT('',(-0.978377938271,-4.91863822937,
    18.299999237061));
#15079 = LINE('',#15080,#15081);
#15080 = CARTESIAN_POINT('',(-0.978377938271,-4.91863822937,
    18.299999237061));
#15081 = VECTOR('',#15082,1.);
#15082 = DIRECTION('',(0.137949614787,0.693519859136,0.707106858094));
#15083 = ORIENTED_EDGE('',*,*,#15084,.T.);
#15084 = EDGE_CURVE('',#15077,#13343,#15085,.T.);
#15085 = LINE('',#15086,#15087);
#15086 = CARTESIAN_POINT('',(-0.978377938271,-4.91863822937,
    18.299999237061));
#15087 = VECTOR('',#15088,1.);
#15088 = DIRECTION('',(0.570977064753,0.539835142511,0.61851694434));
#15089 = ORIENTED_EDGE('',*,*,#13342,.T.);
#15090 = PLANE('',#15091);
#15091 = AXIS2_PLACEMENT_3D('',#15092,#15093,#15094);
#15092 = CARTESIAN_POINT('',(-0.775438161636,-4.592673736944,
    18.652637891198));
#15093 = DIRECTION('',(-0.103816331298,-0.699874932545,0.70668044274));
#15094 = DIRECTION('',(-6.938893903907E-18,0.710519746354,0.7036772627)
  );
#15095 = ADVANCED_FACE('',(#15096),#15113,.T.);
#15096 = FACE_BOUND('',#15097,.T.);
#15097 = EDGE_LOOP('',(#15098,#15099,#15107));
#15098 = ORIENTED_EDGE('',*,*,#15084,.F.);
#15099 = ORIENTED_EDGE('',*,*,#15100,.F.);
#15100 = EDGE_CURVE('',#15101,#15077,#15103,.T.);
#15101 = VERTEX_POINT('',#15102);
#15102 = CARTESIAN_POINT('',(-0.491555958986,-4.990851402283,
    18.299999237061));
#15103 = LINE('',#15104,#15105);
#15104 = CARTESIAN_POINT('',(-0.491555958986,-4.990851402283,
    18.299999237061));
#15105 = VECTOR('',#15106,1.);
#15106 = DIRECTION('',(-0.989176523572,0.146730382722,0.));
#15107 = ORIENTED_EDGE('',*,*,#15108,.T.);
#15108 = EDGE_CURVE('',#15101,#13343,#15109,.T.);
#15109 = LINE('',#15110,#15111);
#15110 = CARTESIAN_POINT('',(-0.491555958986,-4.990851402283,
    18.299999237061));
#15111 = VECTOR('',#15112,1.);
#15112 = DIRECTION('',(6.930858048271E-02,0.703701878725,0.707106771676)
  );
#15113 = PLANE('',#15114);
#15114 = AXIS2_PLACEMENT_3D('',#15115,#15116,#15117);
#15115 = CARTESIAN_POINT('',(-0.623230541931,-4.737734861938,
    18.531334160407));
#15116 = DIRECTION('',(-0.10381655397,-0.699874804661,0.706680536681));
#15117 = DIRECTION('',(-6.938893903907E-18,0.710519857409,0.703677150565
    ));
#15118 = ADVANCED_FACE('',(#15119),#15129,.T.);
#15119 = FACE_BOUND('',#15120,.T.);
#15120 = EDGE_LOOP('',(#15121,#15122,#15128));
#15121 = ORIENTED_EDGE('',*,*,#15108,.F.);
#15122 = ORIENTED_EDGE('',*,*,#15123,.F.);
#15123 = EDGE_CURVE('',#13351,#15101,#15124,.T.);
#15124 = LINE('',#15125,#15126);
#15125 = CARTESIAN_POINT('',(0.,-4.425000190735,18.889999389648));
#15126 = VECTOR('',#15127,1.);
#15127 = DIRECTION('',(-0.515314715901,-0.593200938754,-0.618517089365)
  );
#15128 = ORIENTED_EDGE('',*,*,#13350,.T.);
#15129 = PLANE('',#15130);
#15130 = AXIS2_PLACEMENT_3D('',#15131,#15132,#15133);
#15131 = CARTESIAN_POINT('',(-0.321543485651,-4.646565025208,
    18.652637894612));
#15132 = DIRECTION('',(-3.471757420905E-02,-0.706680472793,
    0.706680549763));
#15133 = DIRECTION('',(-3.469446951954E-18,0.707106819695,0.707106742678
    ));
#15134 = ADVANCED_FACE('',(#15135),#15152,.T.);
#15135 = FACE_BOUND('',#15136,.T.);
#15136 = EDGE_LOOP('',(#15137,#15138,#15146));
#15137 = ORIENTED_EDGE('',*,*,#15123,.T.);
#15138 = ORIENTED_EDGE('',*,*,#15139,.F.);
#15139 = EDGE_CURVE('',#15140,#15101,#15142,.T.);
#15140 = VERTEX_POINT('',#15141);
#15141 = CARTESIAN_POINT('',(0.,-5.014999866486,18.299999237061));
#15142 = LINE('',#15143,#15144);
#15143 = CARTESIAN_POINT('',(0.,-5.014999866486,18.299999237061));
#15144 = VECTOR('',#15145,1.);
#15145 = DIRECTION('',(-0.998795469305,4.906740767876E-02,0.));
#15146 = ORIENTED_EDGE('',*,*,#15147,.T.);
#15147 = EDGE_CURVE('',#15140,#13351,#15148,.T.);
#15148 = LINE('',#15149,#15150);
#15149 = CARTESIAN_POINT('',(0.,-5.014999866486,18.299999237061));
#15150 = VECTOR('',#15151,1.);
#15151 = DIRECTION('',(0.,0.707106495445,0.707107066928));
#15152 = PLANE('',#15153);
#15153 = AXIS2_PLACEMENT_3D('',#15154,#15155,#15156);
#15154 = CARTESIAN_POINT('',(-0.155850317827,-4.776008755443,
    18.531334141625));
#15155 = DIRECTION('',(-3.471681314202E-02,-0.706680815542,
    0.706680244404));
#15156 = DIRECTION('',(0.,-0.707106495445,-0.707107066928));
#15157 = ADVANCED_FACE('',(#15158),#15168,.T.);
#15158 = FACE_BOUND('',#15159,.T.);
#15159 = EDGE_LOOP('',(#15160,#15161,#15167));
#15160 = ORIENTED_EDGE('',*,*,#15147,.F.);
#15161 = ORIENTED_EDGE('',*,*,#15162,.F.);
#15162 = EDGE_CURVE('',#13359,#15140,#15163,.T.);
#15163 = LINE('',#15164,#15165);
#15164 = CARTESIAN_POINT('',(0.433725833893,-4.403692245483,
    18.889999389648));
#15165 = VECTOR('',#15166,1.);
#15166 = DIRECTION('',(-0.454689379365,-0.64085433948,-0.618517003697));
#15167 = ORIENTED_EDGE('',*,*,#13358,.T.);
#15168 = PLANE('',#15169);
#15169 = AXIS2_PLACEMENT_3D('',#15170,#15171,#15172);
#15170 = CARTESIAN_POINT('',(0.135447868213,-4.655707248402,
    18.652637900221));
#15171 = DIRECTION('',(3.471759010989E-02,-0.706680796457,0.706680225318
    ));
#15172 = DIRECTION('',(0.,-0.707106495445,-0.707107066928));
#15173 = ADVANCED_FACE('',(#15174),#15191,.T.);
#15174 = FACE_BOUND('',#15175,.T.);
#15175 = EDGE_LOOP('',(#15176,#15177,#15185));
#15176 = ORIENTED_EDGE('',*,*,#15162,.T.);
#15177 = ORIENTED_EDGE('',*,*,#15178,.F.);
#15178 = EDGE_CURVE('',#15179,#15140,#15181,.T.);
#15179 = VERTEX_POINT('',#15180);
#15180 = CARTESIAN_POINT('',(0.491555958986,-4.990851402283,
    18.299999237061));
#15181 = LINE('',#15182,#15183);
#15182 = CARTESIAN_POINT('',(0.491555958986,-4.990851402283,
    18.299999237061));
#15183 = VECTOR('',#15184,1.);
#15184 = DIRECTION('',(-0.998795469305,-4.906740767876E-02,0.));
#15185 = ORIENTED_EDGE('',*,*,#15186,.T.);
#15186 = EDGE_CURVE('',#15179,#13359,#15187,.T.);
#15187 = LINE('',#15188,#15189);
#15188 = CARTESIAN_POINT('',(0.491555958986,-4.990851402283,
    18.299999237061));
#15189 = VECTOR('',#15190,1.);
#15190 = DIRECTION('',(-6.930858048271E-02,0.703701878725,0.707106771676
    ));
#15191 = PLANE('',#15192);
#15192 = AXIS2_PLACEMENT_3D('',#15193,#15194,#15195);
#15193 = CARTESIAN_POINT('',(0.313030873683,-4.768286811337,
    18.53133415504));
#15194 = DIRECTION('',(3.471679911219E-02,-0.706680529956,0.706680530678
    ));
#15195 = DIRECTION('',(3.469446951954E-18,0.707106781548,0.707106780825)
  );
#15196 = ADVANCED_FACE('',(#15197),#15207,.T.);
#15197 = FACE_BOUND('',#15198,.T.);
#15198 = EDGE_LOOP('',(#15199,#15200,#15206));
#15199 = ORIENTED_EDGE('',*,*,#15186,.F.);
#15200 = ORIENTED_EDGE('',*,*,#15201,.T.);
#15201 = EDGE_CURVE('',#15179,#13367,#15202,.T.);
#15202 = LINE('',#15203,#15204);
#15203 = CARTESIAN_POINT('',(0.491555958986,-4.990851402283,
    18.299999237061));
#15204 = VECTOR('',#15205,1.);
#15205 = DIRECTION('',(0.38968526054,0.682335765022,0.618517017947));
#15206 = ORIENTED_EDGE('',*,*,#13366,.T.);
#15207 = PLANE('',#15208);
#15208 = AXIS2_PLACEMENT_3D('',#15209,#15210,#15211);
#15209 = CARTESIAN_POINT('',(0.59113475068,-4.620012551632,
    18.652637891498));
#15210 = DIRECTION('',(0.103816316671,-0.699874833932,0.706680542552));
#15211 = DIRECTION('',(0.,0.710519845617,0.703677162472));
#15212 = ADVANCED_FACE('',(#15213),#15230,.T.);
#15213 = FACE_BOUND('',#15214,.T.);
#15214 = EDGE_LOOP('',(#15215,#15216,#15224));
#15215 = ORIENTED_EDGE('',*,*,#15201,.F.);
#15216 = ORIENTED_EDGE('',*,*,#15217,.F.);
#15217 = EDGE_CURVE('',#15218,#15179,#15220,.T.);
#15218 = VERTEX_POINT('',#15219);
#15219 = CARTESIAN_POINT('',(0.978377938271,-4.91863822937,
    18.299999237061));
#15220 = LINE('',#15221,#15222);
#15221 = CARTESIAN_POINT('',(0.978377938271,-4.91863822937,
    18.299999237061));
#15222 = VECTOR('',#15223,1.);
#15223 = DIRECTION('',(-0.989176523572,-0.146730382722,0.));
#15224 = ORIENTED_EDGE('',*,*,#15225,.T.);
#15225 = EDGE_CURVE('',#15218,#13367,#15226,.T.);
#15226 = LINE('',#15227,#15228);
#15227 = CARTESIAN_POINT('',(0.978377938271,-4.91863822937,
    18.299999237061));
#15228 = VECTOR('',#15229,1.);
#15229 = DIRECTION('',(-0.137949614787,0.693519859136,0.707106858094));
#15230 = PLANE('',#15231);
#15231 = AXIS2_PLACEMENT_3D('',#15232,#15233,#15234);
#15232 = CARTESIAN_POINT('',(0.778897392136,-4.714643944964,
    18.531334154391));
#15233 = DIRECTION('',(0.103816566877,-0.699874891672,0.706680448611));
#15234 = DIRECTION('',(0.,0.710519769823,0.703677239002));
#15235 = ADVANCED_FACE('',(#15236,#15741),#15847,.T.);
#15236 = FACE_BOUND('',#15237,.T.);
#15237 = EDGE_LOOP('',(#15238,#15246,#15247,#15255,#15263,#15271,#15279,
    #15287,#15295,#15303,#15311,#15319,#15327,#15335,#15343,#15351,
    #15359,#15367,#15375,#15383,#15391,#15399,#15407,#15415,#15423,
    #15431,#15439,#15447,#15455,#15463,#15471,#15479,#15487,#15495,
    #15503,#15511,#15519,#15527,#15535,#15543,#15551,#15559,#15567,
    #15575,#15583,#15591,#15599,#15607,#15615,#15623,#15631,#15639,
    #15647,#15655,#15663,#15671,#15679,#15687,#15695,#15703,#15711,
    #15719,#15727,#15735));
#15238 = ORIENTED_EDGE('',*,*,#15239,.F.);
#15239 = EDGE_CURVE('',#12458,#15240,#15242,.T.);
#15240 = VERTEX_POINT('',#15241);
#15241 = CARTESIAN_POINT('',(4.431654453278,2.368768692017,
    18.299999237061));
#15242 = LINE('',#15243,#15244);
#15243 = CARTESIAN_POINT('',(4.178134918213,2.79174041748,
    18.299999237061));
#15244 = VECTOR('',#15245,1.);
#15245 = DIRECTION('',(0.514102802708,-0.857728574928,0.));
#15246 = ORIENTED_EDGE('',*,*,#12457,.F.);
#15247 = ORIENTED_EDGE('',*,*,#15248,.F.);
#15248 = EDGE_CURVE('',#15249,#12450,#15251,.T.);
#15249 = VERTEX_POINT('',#15250);
#15250 = CARTESIAN_POINT('',(3.553211688995,3.553211688995,
    18.299999237061));
#15251 = LINE('',#15252,#15253);
#15252 = CARTESIAN_POINT('',(3.553211688995,3.553211688995,
    18.299999237061));
#15253 = VECTOR('',#15254,1.);
#15254 = DIRECTION('',(0.67155856261,-0.740951480857,0.));
#15255 = ORIENTED_EDGE('',*,*,#15256,.F.);
#15256 = EDGE_CURVE('',#15257,#15249,#15259,.T.);
#15257 = VERTEX_POINT('',#15258);
#15258 = CARTESIAN_POINT('',(3.187826156616,3.884377479553,
    18.299999237061));
#15259 = LINE('',#15260,#15261);
#15260 = CARTESIAN_POINT('',(3.187826156616,3.884377479553,
    18.299999237061));
#15261 = VECTOR('',#15262,1.);
#15262 = DIRECTION('',(0.740951480857,-0.67155856261,0.));
#15263 = ORIENTED_EDGE('',*,*,#15264,.F.);
#15264 = EDGE_CURVE('',#15265,#15257,#15267,.T.);
#15265 = VERTEX_POINT('',#15266);
#15266 = CARTESIAN_POINT('',(2.79174041748,4.178134918213,
    18.299999237061));
#15267 = LINE('',#15268,#15269);
#15268 = CARTESIAN_POINT('',(2.79174041748,4.178134918213,
    18.299999237061));
#15269 = VECTOR('',#15270,1.);
#15270 = DIRECTION('',(0.803207304574,-0.595699610441,0.));
#15271 = ORIENTED_EDGE('',*,*,#15272,.F.);
#15272 = EDGE_CURVE('',#15273,#15265,#15275,.T.);
#15273 = VERTEX_POINT('',#15274);
#15274 = CARTESIAN_POINT('',(2.368768692017,4.431654453278,
    18.299999237061));
#15275 = LINE('',#15276,#15277);
#15276 = CARTESIAN_POINT('',(2.368768692017,4.431654453278,
    18.299999237061));
#15277 = VECTOR('',#15278,1.);
#15278 = DIRECTION('',(0.857728574928,-0.514102802708,0.));
#15279 = ORIENTED_EDGE('',*,*,#15280,.F.);
#15280 = EDGE_CURVE('',#15281,#15273,#15283,.T.);
#15281 = VERTEX_POINT('',#15282);
#15282 = CARTESIAN_POINT('',(1.922984242439,4.642494678497,
    18.299999237061));
#15283 = LINE('',#15284,#15285);
#15284 = CARTESIAN_POINT('',(1.922984242439,4.642494678497,
    18.299999237061));
#15285 = VECTOR('',#15286,1.);
#15286 = DIRECTION('',(0.903989384881,-0.427554899426,0.));
#15287 = ORIENTED_EDGE('',*,*,#15288,.F.);
#15288 = EDGE_CURVE('',#15289,#15281,#15291,.T.);
#15289 = VERTEX_POINT('',#15290);
#15290 = CARTESIAN_POINT('',(1.458680510521,4.808625221252,
    18.299999237061));
#15291 = LINE('',#15292,#15293);
#15292 = CARTESIAN_POINT('',(1.458680510521,4.808625221252,
    18.299999237061));
#15293 = VECTOR('',#15294,1.);
#15294 = DIRECTION('',(0.941544058077,-0.336889873252,0.));
#15295 = ORIENTED_EDGE('',*,*,#15296,.F.);
#15296 = EDGE_CURVE('',#15297,#15289,#15299,.T.);
#15297 = VERTEX_POINT('',#15298);
#15298 = CARTESIAN_POINT('',(0.980328857899,4.92844581604,
    18.299999237061));
#15299 = LINE('',#15300,#15301);
#15300 = CARTESIAN_POINT('',(0.980328857899,4.92844581604,
    18.299999237061));
#15301 = VECTOR('',#15302,1.);
#15302 = DIRECTION('',(0.970031375831,-0.242979690313,0.));
#15303 = ORIENTED_EDGE('',*,*,#15304,.F.);
#15304 = EDGE_CURVE('',#15305,#15297,#15307,.T.);
#15305 = VERTEX_POINT('',#15306);
#15306 = CARTESIAN_POINT('',(0.492536127567,5.000803470612,
    18.299999237061));
#15307 = LINE('',#15308,#15309);
#15308 = CARTESIAN_POINT('',(0.492536127567,5.000803470612,
    18.299999237061));
#15309 = VECTOR('',#15310,1.);
#15310 = DIRECTION('',(0.989176380988,-0.14673134394,0.));
#15311 = ORIENTED_EDGE('',*,*,#15312,.F.);
#15312 = EDGE_CURVE('',#15313,#15305,#15315,.T.);
#15313 = VERTEX_POINT('',#15314);
#15314 = CARTESIAN_POINT('',(0.,5.025000095367,18.299999237061));
#15315 = LINE('',#15316,#15317);
#15316 = CARTESIAN_POINT('',(0.,5.025000095367,18.299999237061));
#15317 = VECTOR('',#15318,1.);
#15318 = DIRECTION('',(0.998795468488,-4.906742430899E-02,0.));
#15319 = ORIENTED_EDGE('',*,*,#15320,.F.);
#15320 = EDGE_CURVE('',#15321,#15313,#15323,.T.);
#15321 = VERTEX_POINT('',#15322);
#15322 = CARTESIAN_POINT('',(-0.492536127567,5.000803470612,
    18.299999237061));
#15323 = LINE('',#15324,#15325);
#15324 = CARTESIAN_POINT('',(-0.492536127567,5.000803470612,
    18.299999237061));
#15325 = VECTOR('',#15326,1.);
#15326 = DIRECTION('',(0.998795468488,4.906742430899E-02,0.));
#15327 = ORIENTED_EDGE('',*,*,#15328,.F.);
#15328 = EDGE_CURVE('',#15329,#15321,#15331,.T.);
#15329 = VERTEX_POINT('',#15330);
#15330 = CARTESIAN_POINT('',(-0.980328857899,4.92844581604,
    18.299999237061));
#15331 = LINE('',#15332,#15333);
#15332 = CARTESIAN_POINT('',(-0.980328857899,4.92844581604,
    18.299999237061));
#15333 = VECTOR('',#15334,1.);
#15334 = DIRECTION('',(0.989176380988,0.14673134394,0.));
#15335 = ORIENTED_EDGE('',*,*,#15336,.F.);
#15336 = EDGE_CURVE('',#15337,#15329,#15339,.T.);
#15337 = VERTEX_POINT('',#15338);
#15338 = CARTESIAN_POINT('',(-1.458680510521,4.808625221252,
    18.299999237061));
#15339 = LINE('',#15340,#15341);
#15340 = CARTESIAN_POINT('',(-1.458680510521,4.808625221252,
    18.299999237061));
#15341 = VECTOR('',#15342,1.);
#15342 = DIRECTION('',(0.970031375831,0.242979690313,0.));
#15343 = ORIENTED_EDGE('',*,*,#15344,.F.);
#15344 = EDGE_CURVE('',#15345,#15337,#15347,.T.);
#15345 = VERTEX_POINT('',#15346);
#15346 = CARTESIAN_POINT('',(-1.922984242439,4.642494678497,
    18.299999237061));
#15347 = LINE('',#15348,#15349);
#15348 = CARTESIAN_POINT('',(-1.922984242439,4.642494678497,
    18.299999237061));
#15349 = VECTOR('',#15350,1.);
#15350 = DIRECTION('',(0.941544058077,0.336889873252,0.));
#15351 = ORIENTED_EDGE('',*,*,#15352,.F.);
#15352 = EDGE_CURVE('',#15353,#15345,#15355,.T.);
#15353 = VERTEX_POINT('',#15354);
#15354 = CARTESIAN_POINT('',(-2.368768692017,4.431654453278,
    18.299999237061));
#15355 = LINE('',#15356,#15357);
#15356 = CARTESIAN_POINT('',(-2.368768692017,4.431654453278,
    18.299999237061));
#15357 = VECTOR('',#15358,1.);
#15358 = DIRECTION('',(0.903989384881,0.427554899426,0.));
#15359 = ORIENTED_EDGE('',*,*,#15360,.F.);
#15360 = EDGE_CURVE('',#15361,#15353,#15363,.T.);
#15361 = VERTEX_POINT('',#15362);
#15362 = CARTESIAN_POINT('',(-2.79174041748,4.178134918213,
    18.299999237061));
#15363 = LINE('',#15364,#15365);
#15364 = CARTESIAN_POINT('',(-2.79174041748,4.178134918213,
    18.299999237061));
#15365 = VECTOR('',#15366,1.);
#15366 = DIRECTION('',(0.857728574928,0.514102802708,0.));
#15367 = ORIENTED_EDGE('',*,*,#15368,.F.);
#15368 = EDGE_CURVE('',#15369,#15361,#15371,.T.);
#15369 = VERTEX_POINT('',#15370);
#15370 = CARTESIAN_POINT('',(-3.187826156616,3.884377479553,
    18.299999237061));
#15371 = LINE('',#15372,#15373);
#15372 = CARTESIAN_POINT('',(-3.187826156616,3.884377479553,
    18.299999237061));
#15373 = VECTOR('',#15374,1.);
#15374 = DIRECTION('',(0.803207304574,0.595699610441,0.));
#15375 = ORIENTED_EDGE('',*,*,#15376,.F.);
#15376 = EDGE_CURVE('',#15377,#15369,#15379,.T.);
#15377 = VERTEX_POINT('',#15378);
#15378 = CARTESIAN_POINT('',(-3.553211688995,3.553211688995,
    18.299999237061));
#15379 = LINE('',#15380,#15381);
#15380 = CARTESIAN_POINT('',(-3.553211688995,3.553211688995,
    18.299999237061));
#15381 = VECTOR('',#15382,1.);
#15382 = DIRECTION('',(0.740951480857,0.67155856261,0.));
#15383 = ORIENTED_EDGE('',*,*,#15384,.F.);
#15384 = EDGE_CURVE('',#15385,#15377,#15387,.T.);
#15385 = VERTEX_POINT('',#15386);
#15386 = CARTESIAN_POINT('',(-3.884377479553,3.187826156616,
    18.299999237061));
#15387 = LINE('',#15388,#15389);
#15388 = CARTESIAN_POINT('',(-3.884377479553,3.187826156616,
    18.299999237061));
#15389 = VECTOR('',#15390,1.);
#15390 = DIRECTION('',(0.67155856261,0.740951480857,0.));
#15391 = ORIENTED_EDGE('',*,*,#15392,.F.);
#15392 = EDGE_CURVE('',#15393,#15385,#15395,.T.);
#15393 = VERTEX_POINT('',#15394);
#15394 = CARTESIAN_POINT('',(-4.178134918213,2.79174041748,
    18.299999237061));
#15395 = LINE('',#15396,#15397);
#15396 = CARTESIAN_POINT('',(-4.178134918213,2.79174041748,
    18.299999237061));
#15397 = VECTOR('',#15398,1.);
#15398 = DIRECTION('',(0.595699610441,0.803207304574,0.));
#15399 = ORIENTED_EDGE('',*,*,#15400,.F.);
#15400 = EDGE_CURVE('',#15401,#15393,#15403,.T.);
#15401 = VERTEX_POINT('',#15402);
#15402 = CARTESIAN_POINT('',(-4.431654453278,2.368768692017,
    18.299999237061));
#15403 = LINE('',#15404,#15405);
#15404 = CARTESIAN_POINT('',(-4.431654453278,2.368768692017,
    18.299999237061));
#15405 = VECTOR('',#15406,1.);
#15406 = DIRECTION('',(0.514102802708,0.857728574928,0.));
#15407 = ORIENTED_EDGE('',*,*,#15408,.F.);
#15408 = EDGE_CURVE('',#15409,#15401,#15411,.T.);
#15409 = VERTEX_POINT('',#15410);
#15410 = CARTESIAN_POINT('',(-4.642494678497,1.922984242439,
    18.299999237061));
#15411 = LINE('',#15412,#15413);
#15412 = CARTESIAN_POINT('',(-4.642494678497,1.922984242439,
    18.299999237061));
#15413 = VECTOR('',#15414,1.);
#15414 = DIRECTION('',(0.427554899426,0.903989384881,0.));
#15415 = ORIENTED_EDGE('',*,*,#15416,.F.);
#15416 = EDGE_CURVE('',#15417,#15409,#15419,.T.);
#15417 = VERTEX_POINT('',#15418);
#15418 = CARTESIAN_POINT('',(-4.808625221252,1.458680510521,
    18.299999237061));
#15419 = LINE('',#15420,#15421);
#15420 = CARTESIAN_POINT('',(-4.808625221252,1.458680510521,
    18.299999237061));
#15421 = VECTOR('',#15422,1.);
#15422 = DIRECTION('',(0.336889873252,0.941544058077,0.));
#15423 = ORIENTED_EDGE('',*,*,#15424,.F.);
#15424 = EDGE_CURVE('',#15425,#15417,#15427,.T.);
#15425 = VERTEX_POINT('',#15426);
#15426 = CARTESIAN_POINT('',(-4.92844581604,0.980328857899,
    18.299999237061));
#15427 = LINE('',#15428,#15429);
#15428 = CARTESIAN_POINT('',(-4.92844581604,0.980328857899,
    18.299999237061));
#15429 = VECTOR('',#15430,1.);
#15430 = DIRECTION('',(0.242979690313,0.970031375831,0.));
#15431 = ORIENTED_EDGE('',*,*,#15432,.F.);
#15432 = EDGE_CURVE('',#15433,#15425,#15435,.T.);
#15433 = VERTEX_POINT('',#15434);
#15434 = CARTESIAN_POINT('',(-5.000803470612,0.492536127567,
    18.299999237061));
#15435 = LINE('',#15436,#15437);
#15436 = CARTESIAN_POINT('',(-5.000803470612,0.492536127567,
    18.299999237061));
#15437 = VECTOR('',#15438,1.);
#15438 = DIRECTION('',(0.14673134394,0.989176380988,0.));
#15439 = ORIENTED_EDGE('',*,*,#15440,.F.);
#15440 = EDGE_CURVE('',#15441,#15433,#15443,.T.);
#15441 = VERTEX_POINT('',#15442);
#15442 = CARTESIAN_POINT('',(-5.025000095367,0.,18.299999237061));
#15443 = LINE('',#15444,#15445);
#15444 = CARTESIAN_POINT('',(-5.025000095367,0.,18.299999237061));
#15445 = VECTOR('',#15446,1.);
#15446 = DIRECTION('',(4.906742430899E-02,0.998795468488,0.));
#15447 = ORIENTED_EDGE('',*,*,#15448,.F.);
#15448 = EDGE_CURVE('',#15449,#15441,#15451,.T.);
#15449 = VERTEX_POINT('',#15450);
#15450 = CARTESIAN_POINT('',(-5.000803470612,-0.492536127567,
    18.299999237061));
#15451 = LINE('',#15452,#15453);
#15452 = CARTESIAN_POINT('',(-5.000803470612,-0.492536127567,
    18.299999237061));
#15453 = VECTOR('',#15454,1.);
#15454 = DIRECTION('',(-4.906742430899E-02,0.998795468488,0.));
#15455 = ORIENTED_EDGE('',*,*,#15456,.F.);
#15456 = EDGE_CURVE('',#15457,#15449,#15459,.T.);
#15457 = VERTEX_POINT('',#15458);
#15458 = CARTESIAN_POINT('',(-4.92844581604,-0.980328857899,
    18.299999237061));
#15459 = LINE('',#15460,#15461);
#15460 = CARTESIAN_POINT('',(-4.92844581604,-0.980328857899,
    18.299999237061));
#15461 = VECTOR('',#15462,1.);
#15462 = DIRECTION('',(-0.14673134394,0.989176380988,0.));
#15463 = ORIENTED_EDGE('',*,*,#15464,.F.);
#15464 = EDGE_CURVE('',#15465,#15457,#15467,.T.);
#15465 = VERTEX_POINT('',#15466);
#15466 = CARTESIAN_POINT('',(-4.808625221252,-1.458680510521,
    18.299999237061));
#15467 = LINE('',#15468,#15469);
#15468 = CARTESIAN_POINT('',(-4.808625221252,-1.458680510521,
    18.299999237061));
#15469 = VECTOR('',#15470,1.);
#15470 = DIRECTION('',(-0.242979690313,0.970031375831,0.));
#15471 = ORIENTED_EDGE('',*,*,#15472,.F.);
#15472 = EDGE_CURVE('',#15473,#15465,#15475,.T.);
#15473 = VERTEX_POINT('',#15474);
#15474 = CARTESIAN_POINT('',(-4.642494678497,-1.922984242439,
    18.299999237061));
#15475 = LINE('',#15476,#15477);
#15476 = CARTESIAN_POINT('',(-4.642494678497,-1.922984242439,
    18.299999237061));
#15477 = VECTOR('',#15478,1.);
#15478 = DIRECTION('',(-0.336889873252,0.941544058077,0.));
#15479 = ORIENTED_EDGE('',*,*,#15480,.F.);
#15480 = EDGE_CURVE('',#15481,#15473,#15483,.T.);
#15481 = VERTEX_POINT('',#15482);
#15482 = CARTESIAN_POINT('',(-4.431654453278,-2.368768692017,
    18.299999237061));
#15483 = LINE('',#15484,#15485);
#15484 = CARTESIAN_POINT('',(-4.431654453278,-2.368768692017,
    18.299999237061));
#15485 = VECTOR('',#15486,1.);
#15486 = DIRECTION('',(-0.427554899426,0.903989384881,0.));
#15487 = ORIENTED_EDGE('',*,*,#15488,.F.);
#15488 = EDGE_CURVE('',#15489,#15481,#15491,.T.);
#15489 = VERTEX_POINT('',#15490);
#15490 = CARTESIAN_POINT('',(-4.178134918213,-2.79174041748,
    18.299999237061));
#15491 = LINE('',#15492,#15493);
#15492 = CARTESIAN_POINT('',(-4.178134918213,-2.79174041748,
    18.299999237061));
#15493 = VECTOR('',#15494,1.);
#15494 = DIRECTION('',(-0.514102802708,0.857728574928,0.));
#15495 = ORIENTED_EDGE('',*,*,#15496,.F.);
#15496 = EDGE_CURVE('',#15497,#15489,#15499,.T.);
#15497 = VERTEX_POINT('',#15498);
#15498 = CARTESIAN_POINT('',(-3.884377479553,-3.187826156616,
    18.299999237061));
#15499 = LINE('',#15500,#15501);
#15500 = CARTESIAN_POINT('',(-3.884377479553,-3.187826156616,
    18.299999237061));
#15501 = VECTOR('',#15502,1.);
#15502 = DIRECTION('',(-0.595699610441,0.803207304574,0.));
#15503 = ORIENTED_EDGE('',*,*,#15504,.F.);
#15504 = EDGE_CURVE('',#15505,#15497,#15507,.T.);
#15505 = VERTEX_POINT('',#15506);
#15506 = CARTESIAN_POINT('',(-3.553211688995,-3.553211688995,
    18.299999237061));
#15507 = LINE('',#15508,#15509);
#15508 = CARTESIAN_POINT('',(-3.553211688995,-3.553211688995,
    18.299999237061));
#15509 = VECTOR('',#15510,1.);
#15510 = DIRECTION('',(-0.67155856261,0.740951480857,0.));
#15511 = ORIENTED_EDGE('',*,*,#15512,.F.);
#15512 = EDGE_CURVE('',#15513,#15505,#15515,.T.);
#15513 = VERTEX_POINT('',#15514);
#15514 = CARTESIAN_POINT('',(-3.187826156616,-3.884377479553,
    18.299999237061));
#15515 = LINE('',#15516,#15517);
#15516 = CARTESIAN_POINT('',(-3.187826156616,-3.884377479553,
    18.299999237061));
#15517 = VECTOR('',#15518,1.);
#15518 = DIRECTION('',(-0.740951480857,0.67155856261,0.));
#15519 = ORIENTED_EDGE('',*,*,#15520,.F.);
#15520 = EDGE_CURVE('',#15521,#15513,#15523,.T.);
#15521 = VERTEX_POINT('',#15522);
#15522 = CARTESIAN_POINT('',(-2.79174041748,-4.178134918213,
    18.299999237061));
#15523 = LINE('',#15524,#15525);
#15524 = CARTESIAN_POINT('',(-2.79174041748,-4.178134918213,
    18.299999237061));
#15525 = VECTOR('',#15526,1.);
#15526 = DIRECTION('',(-0.803207304574,0.595699610441,0.));
#15527 = ORIENTED_EDGE('',*,*,#15528,.F.);
#15528 = EDGE_CURVE('',#15529,#15521,#15531,.T.);
#15529 = VERTEX_POINT('',#15530);
#15530 = CARTESIAN_POINT('',(-2.368768692017,-4.431654453278,
    18.299999237061));
#15531 = LINE('',#15532,#15533);
#15532 = CARTESIAN_POINT('',(-2.368768692017,-4.431654453278,
    18.299999237061));
#15533 = VECTOR('',#15534,1.);
#15534 = DIRECTION('',(-0.857728574928,0.514102802708,0.));
#15535 = ORIENTED_EDGE('',*,*,#15536,.F.);
#15536 = EDGE_CURVE('',#15537,#15529,#15539,.T.);
#15537 = VERTEX_POINT('',#15538);
#15538 = CARTESIAN_POINT('',(-1.922984242439,-4.642494678497,
    18.299999237061));
#15539 = LINE('',#15540,#15541);
#15540 = CARTESIAN_POINT('',(-1.922984242439,-4.642494678497,
    18.299999237061));
#15541 = VECTOR('',#15542,1.);
#15542 = DIRECTION('',(-0.903989384881,0.427554899426,0.));
#15543 = ORIENTED_EDGE('',*,*,#15544,.F.);
#15544 = EDGE_CURVE('',#15545,#15537,#15547,.T.);
#15545 = VERTEX_POINT('',#15546);
#15546 = CARTESIAN_POINT('',(-1.458680510521,-4.808625221252,
    18.299999237061));
#15547 = LINE('',#15548,#15549);
#15548 = CARTESIAN_POINT('',(-1.458680510521,-4.808625221252,
    18.299999237061));
#15549 = VECTOR('',#15550,1.);
#15550 = DIRECTION('',(-0.941544058077,0.336889873252,0.));
#15551 = ORIENTED_EDGE('',*,*,#15552,.F.);
#15552 = EDGE_CURVE('',#15553,#15545,#15555,.T.);
#15553 = VERTEX_POINT('',#15554);
#15554 = CARTESIAN_POINT('',(-0.980328857899,-4.92844581604,
    18.299999237061));
#15555 = LINE('',#15556,#15557);
#15556 = CARTESIAN_POINT('',(-0.980328857899,-4.92844581604,
    18.299999237061));
#15557 = VECTOR('',#15558,1.);
#15558 = DIRECTION('',(-0.970031375831,0.242979690313,0.));
#15559 = ORIENTED_EDGE('',*,*,#15560,.F.);
#15560 = EDGE_CURVE('',#15561,#15553,#15563,.T.);
#15561 = VERTEX_POINT('',#15562);
#15562 = CARTESIAN_POINT('',(-0.492536127567,-5.000803470612,
    18.299999237061));
#15563 = LINE('',#15564,#15565);
#15564 = CARTESIAN_POINT('',(-0.492536127567,-5.000803470612,
    18.299999237061));
#15565 = VECTOR('',#15566,1.);
#15566 = DIRECTION('',(-0.989176380988,0.14673134394,0.));
#15567 = ORIENTED_EDGE('',*,*,#15568,.F.);
#15568 = EDGE_CURVE('',#15569,#15561,#15571,.T.);
#15569 = VERTEX_POINT('',#15570);
#15570 = CARTESIAN_POINT('',(0.,-5.025000095367,18.299999237061));
#15571 = LINE('',#15572,#15573);
#15572 = CARTESIAN_POINT('',(0.,-5.025000095367,18.299999237061));
#15573 = VECTOR('',#15574,1.);
#15574 = DIRECTION('',(-0.998795468488,4.906742430899E-02,0.));
#15575 = ORIENTED_EDGE('',*,*,#15576,.F.);
#15576 = EDGE_CURVE('',#15577,#15569,#15579,.T.);
#15577 = VERTEX_POINT('',#15578);
#15578 = CARTESIAN_POINT('',(0.492536127567,-5.000803470612,
    18.299999237061));
#15579 = LINE('',#15580,#15581);
#15580 = CARTESIAN_POINT('',(0.492536127567,-5.000803470612,
    18.299999237061));
#15581 = VECTOR('',#15582,1.);
#15582 = DIRECTION('',(-0.998795468488,-4.906742430899E-02,0.));
#15583 = ORIENTED_EDGE('',*,*,#15584,.F.);
#15584 = EDGE_CURVE('',#15585,#15577,#15587,.T.);
#15585 = VERTEX_POINT('',#15586);
#15586 = CARTESIAN_POINT('',(0.980328857899,-4.92844581604,
    18.299999237061));
#15587 = LINE('',#15588,#15589);
#15588 = CARTESIAN_POINT('',(0.980328857899,-4.92844581604,
    18.299999237061));
#15589 = VECTOR('',#15590,1.);
#15590 = DIRECTION('',(-0.989176380988,-0.14673134394,0.));
#15591 = ORIENTED_EDGE('',*,*,#15592,.F.);
#15592 = EDGE_CURVE('',#15593,#15585,#15595,.T.);
#15593 = VERTEX_POINT('',#15594);
#15594 = CARTESIAN_POINT('',(1.458680510521,-4.808625221252,
    18.299999237061));
#15595 = LINE('',#15596,#15597);
#15596 = CARTESIAN_POINT('',(1.458680510521,-4.808625221252,
    18.299999237061));
#15597 = VECTOR('',#15598,1.);
#15598 = DIRECTION('',(-0.970031375831,-0.242979690313,0.));
#15599 = ORIENTED_EDGE('',*,*,#15600,.F.);
#15600 = EDGE_CURVE('',#15601,#15593,#15603,.T.);
#15601 = VERTEX_POINT('',#15602);
#15602 = CARTESIAN_POINT('',(1.922984242439,-4.642494678497,
    18.299999237061));
#15603 = LINE('',#15604,#15605);
#15604 = CARTESIAN_POINT('',(1.922984242439,-4.642494678497,
    18.299999237061));
#15605 = VECTOR('',#15606,1.);
#15606 = DIRECTION('',(-0.941544058077,-0.336889873252,0.));
#15607 = ORIENTED_EDGE('',*,*,#15608,.F.);
#15608 = EDGE_CURVE('',#15609,#15601,#15611,.T.);
#15609 = VERTEX_POINT('',#15610);
#15610 = CARTESIAN_POINT('',(2.368768692017,-4.431654453278,
    18.299999237061));
#15611 = LINE('',#15612,#15613);
#15612 = CARTESIAN_POINT('',(2.368768692017,-4.431654453278,
    18.299999237061));
#15613 = VECTOR('',#15614,1.);
#15614 = DIRECTION('',(-0.903989384881,-0.427554899426,0.));
#15615 = ORIENTED_EDGE('',*,*,#15616,.F.);
#15616 = EDGE_CURVE('',#15617,#15609,#15619,.T.);
#15617 = VERTEX_POINT('',#15618);
#15618 = CARTESIAN_POINT('',(2.79174041748,-4.178134918213,
    18.299999237061));
#15619 = LINE('',#15620,#15621);
#15620 = CARTESIAN_POINT('',(2.79174041748,-4.178134918213,
    18.299999237061));
#15621 = VECTOR('',#15622,1.);
#15622 = DIRECTION('',(-0.857728574928,-0.514102802708,0.));
#15623 = ORIENTED_EDGE('',*,*,#15624,.F.);
#15624 = EDGE_CURVE('',#15625,#15617,#15627,.T.);
#15625 = VERTEX_POINT('',#15626);
#15626 = CARTESIAN_POINT('',(3.187826156616,-3.884377479553,
    18.299999237061));
#15627 = LINE('',#15628,#15629);
#15628 = CARTESIAN_POINT('',(3.187826156616,-3.884377479553,
    18.299999237061));
#15629 = VECTOR('',#15630,1.);
#15630 = DIRECTION('',(-0.803207304574,-0.595699610441,0.));
#15631 = ORIENTED_EDGE('',*,*,#15632,.F.);
#15632 = EDGE_CURVE('',#15633,#15625,#15635,.T.);
#15633 = VERTEX_POINT('',#15634);
#15634 = CARTESIAN_POINT('',(3.553211688995,-3.553211688995,
    18.299999237061));
#15635 = LINE('',#15636,#15637);
#15636 = CARTESIAN_POINT('',(3.553211688995,-3.553211688995,
    18.299999237061));
#15637 = VECTOR('',#15638,1.);
#15638 = DIRECTION('',(-0.740951480857,-0.67155856261,0.));
#15639 = ORIENTED_EDGE('',*,*,#15640,.F.);
#15640 = EDGE_CURVE('',#15641,#15633,#15643,.T.);
#15641 = VERTEX_POINT('',#15642);
#15642 = CARTESIAN_POINT('',(3.884377479553,-3.187826156616,
    18.299999237061));
#15643 = LINE('',#15644,#15645);
#15644 = CARTESIAN_POINT('',(3.884377479553,-3.187826156616,
    18.299999237061));
#15645 = VECTOR('',#15646,1.);
#15646 = DIRECTION('',(-0.67155856261,-0.740951480857,0.));
#15647 = ORIENTED_EDGE('',*,*,#15648,.F.);
#15648 = EDGE_CURVE('',#15649,#15641,#15651,.T.);
#15649 = VERTEX_POINT('',#15650);
#15650 = CARTESIAN_POINT('',(4.178134918213,-2.79174041748,
    18.299999237061));
#15651 = LINE('',#15652,#15653);
#15652 = CARTESIAN_POINT('',(4.178134918213,-2.79174041748,
    18.299999237061));
#15653 = VECTOR('',#15654,1.);
#15654 = DIRECTION('',(-0.595699610441,-0.803207304574,0.));
#15655 = ORIENTED_EDGE('',*,*,#15656,.F.);
#15656 = EDGE_CURVE('',#15657,#15649,#15659,.T.);
#15657 = VERTEX_POINT('',#15658);
#15658 = CARTESIAN_POINT('',(4.431654453278,-2.368768692017,
    18.299999237061));
#15659 = LINE('',#15660,#15661);
#15660 = CARTESIAN_POINT('',(4.431654453278,-2.368768692017,
    18.299999237061));
#15661 = VECTOR('',#15662,1.);
#15662 = DIRECTION('',(-0.514102802708,-0.857728574928,0.));
#15663 = ORIENTED_EDGE('',*,*,#15664,.F.);
#15664 = EDGE_CURVE('',#15665,#15657,#15667,.T.);
#15665 = VERTEX_POINT('',#15666);
#15666 = CARTESIAN_POINT('',(4.642494678497,-1.922984242439,
    18.299999237061));
#15667 = LINE('',#15668,#15669);
#15668 = CARTESIAN_POINT('',(4.642494678497,-1.922984242439,
    18.299999237061));
#15669 = VECTOR('',#15670,1.);
#15670 = DIRECTION('',(-0.427554899426,-0.903989384881,0.));
#15671 = ORIENTED_EDGE('',*,*,#15672,.F.);
#15672 = EDGE_CURVE('',#15673,#15665,#15675,.T.);
#15673 = VERTEX_POINT('',#15674);
#15674 = CARTESIAN_POINT('',(4.808625221252,-1.458680510521,
    18.299999237061));
#15675 = LINE('',#15676,#15677);
#15676 = CARTESIAN_POINT('',(4.808625221252,-1.458680510521,
    18.299999237061));
#15677 = VECTOR('',#15678,1.);
#15678 = DIRECTION('',(-0.336889873252,-0.941544058077,0.));
#15679 = ORIENTED_EDGE('',*,*,#15680,.F.);
#15680 = EDGE_CURVE('',#15681,#15673,#15683,.T.);
#15681 = VERTEX_POINT('',#15682);
#15682 = CARTESIAN_POINT('',(4.92844581604,-0.980328857899,
    18.299999237061));
#15683 = LINE('',#15684,#15685);
#15684 = CARTESIAN_POINT('',(4.92844581604,-0.980328857899,
    18.299999237061));
#15685 = VECTOR('',#15686,1.);
#15686 = DIRECTION('',(-0.242979690313,-0.970031375831,0.));
#15687 = ORIENTED_EDGE('',*,*,#15688,.F.);
#15688 = EDGE_CURVE('',#15689,#15681,#15691,.T.);
#15689 = VERTEX_POINT('',#15690);
#15690 = CARTESIAN_POINT('',(5.000803470612,-0.492536127567,
    18.299999237061));
#15691 = LINE('',#15692,#15693);
#15692 = CARTESIAN_POINT('',(5.000803470612,-0.492536127567,
    18.299999237061));
#15693 = VECTOR('',#15694,1.);
#15694 = DIRECTION('',(-0.14673134394,-0.989176380988,0.));
#15695 = ORIENTED_EDGE('',*,*,#15696,.F.);
#15696 = EDGE_CURVE('',#15697,#15689,#15699,.T.);
#15697 = VERTEX_POINT('',#15698);
#15698 = CARTESIAN_POINT('',(5.025000095367,0.,18.299999237061));
#15699 = LINE('',#15700,#15701);
#15700 = CARTESIAN_POINT('',(5.025000095367,0.,18.299999237061));
#15701 = VECTOR('',#15702,1.);
#15702 = DIRECTION('',(-4.906742430899E-02,-0.998795468488,0.));
#15703 = ORIENTED_EDGE('',*,*,#15704,.F.);
#15704 = EDGE_CURVE('',#15705,#15697,#15707,.T.);
#15705 = VERTEX_POINT('',#15706);
#15706 = CARTESIAN_POINT('',(5.000803470612,0.492536127567,
    18.299999237061));
#15707 = LINE('',#15708,#15709);
#15708 = CARTESIAN_POINT('',(5.000803470612,0.492536127567,
    18.299999237061));
#15709 = VECTOR('',#15710,1.);
#15710 = DIRECTION('',(4.906742430899E-02,-0.998795468488,0.));
#15711 = ORIENTED_EDGE('',*,*,#15712,.F.);
#15712 = EDGE_CURVE('',#15713,#15705,#15715,.T.);
#15713 = VERTEX_POINT('',#15714);
#15714 = CARTESIAN_POINT('',(4.92844581604,0.980328857899,
    18.299999237061));
#15715 = LINE('',#15716,#15717);
#15716 = CARTESIAN_POINT('',(4.92844581604,0.980328857899,
    18.299999237061));
#15717 = VECTOR('',#15718,1.);
#15718 = DIRECTION('',(0.14673134394,-0.989176380988,0.));
#15719 = ORIENTED_EDGE('',*,*,#15720,.F.);
#15720 = EDGE_CURVE('',#15721,#15713,#15723,.T.);
#15721 = VERTEX_POINT('',#15722);
#15722 = CARTESIAN_POINT('',(4.808625221252,1.458680510521,
    18.299999237061));
#15723 = LINE('',#15724,#15725);
#15724 = CARTESIAN_POINT('',(4.808625221252,1.458680510521,
    18.299999237061));
#15725 = VECTOR('',#15726,1.);
#15726 = DIRECTION('',(0.242979690313,-0.970031375831,0.));
#15727 = ORIENTED_EDGE('',*,*,#15728,.F.);
#15728 = EDGE_CURVE('',#15729,#15721,#15731,.T.);
#15729 = VERTEX_POINT('',#15730);
#15730 = CARTESIAN_POINT('',(4.642494678497,1.922984242439,
    18.299999237061));
#15731 = LINE('',#15732,#15733);
#15732 = CARTESIAN_POINT('',(4.642494678497,1.922984242439,
    18.299999237061));
#15733 = VECTOR('',#15734,1.);
#15734 = DIRECTION('',(0.336889873252,-0.941544058077,0.));
#15735 = ORIENTED_EDGE('',*,*,#15736,.F.);
#15736 = EDGE_CURVE('',#15240,#15729,#15737,.T.);
#15737 = LINE('',#15738,#15739);
#15738 = CARTESIAN_POINT('',(4.431654453278,2.368768692017,
    18.299999237061));
#15739 = VECTOR('',#15740,1.);
#15740 = DIRECTION('',(0.427554899426,-0.903989384881,0.));
#15741 = FACE_BOUND('',#15742,.T.);
#15742 = EDGE_LOOP('',(#15743,#15744,#15745,#15746,#15752,#15753,#15754,
    #15755,#15756,#15762,#15763,#15764,#15765,#15766,#15767,#15768,
    #15769,#15770,#15771,#15772,#15778,#15779,#15780,#15781,#15782,
    #15788,#15789,#15790,#15791,#15792,#15793,#15794,#15795,#15796,
    #15797,#15798,#15804,#15805,#15806,#15807,#15808,#15814,#15815,
    #15816,#15817,#15818,#15819,#15820,#15821,#15822,#15823,#15824,
    #15830,#15831,#15832,#15833,#15834,#15840,#15841,#15842,#15843,
    #15844,#15845,#15846));
#15743 = ORIENTED_EDGE('',*,*,#13848,.T.);
#15744 = ORIENTED_EDGE('',*,*,#13887,.T.);
#15745 = ORIENTED_EDGE('',*,*,#13926,.T.);
#15746 = ORIENTED_EDGE('',*,*,#15747,.T.);
#15747 = EDGE_CURVE('',#13919,#13537,#15748,.T.);
#15748 = LINE('',#15749,#15750);
#15749 = CARTESIAN_POINT('',(4.799055576324,1.455777645111,
    18.299999237061));
#15750 = VECTOR('',#15751,1.);
#15751 = DIRECTION('',(0.242980661107,-0.970031132659,0.));
#15752 = ORIENTED_EDGE('',*,*,#13545,.T.);
#15753 = ORIENTED_EDGE('',*,*,#13506,.T.);
#15754 = ORIENTED_EDGE('',*,*,#13459,.T.);
#15755 = ORIENTED_EDGE('',*,*,#13428,.T.);
#15756 = ORIENTED_EDGE('',*,*,#15757,.T.);
#15757 = EDGE_CURVE('',#13398,#12927,#15758,.T.);
#15758 = LINE('',#15759,#15760);
#15759 = CARTESIAN_POINT('',(4.91863822937,-0.978377938271,
    18.299999237061));
#15760 = VECTOR('',#15761,1.);
#15761 = DIRECTION('',(-0.242980661107,-0.970031132659,0.));
#15762 = ORIENTED_EDGE('',*,*,#12926,.T.);
#15763 = ORIENTED_EDGE('',*,*,#12888,.T.);
#15764 = ORIENTED_EDGE('',*,*,#12834,.T.);
#15765 = ORIENTED_EDGE('',*,*,#12788,.T.);
#15766 = ORIENTED_EDGE('',*,*,#12750,.T.);
#15767 = ORIENTED_EDGE('',*,*,#12696,.T.);
#15768 = ORIENTED_EDGE('',*,*,#12650,.T.);
#15769 = ORIENTED_EDGE('',*,*,#12604,.T.);
#15770 = ORIENTED_EDGE('',*,*,#12558,.T.);
#15771 = ORIENTED_EDGE('',*,*,#12489,.T.);
#15772 = ORIENTED_EDGE('',*,*,#15773,.T.);
#15773 = EDGE_CURVE('',#12482,#15218,#15774,.T.);
#15774 = LINE('',#15775,#15776);
#15775 = CARTESIAN_POINT('',(1.455777645111,-4.799055576324,
    18.299999237061));
#15776 = VECTOR('',#15777,1.);
#15777 = DIRECTION('',(-0.970031132659,-0.242980661107,0.));
#15778 = ORIENTED_EDGE('',*,*,#15217,.T.);
#15779 = ORIENTED_EDGE('',*,*,#15178,.T.);
#15780 = ORIENTED_EDGE('',*,*,#15139,.T.);
#15781 = ORIENTED_EDGE('',*,*,#15100,.T.);
#15782 = ORIENTED_EDGE('',*,*,#15783,.T.);
#15783 = EDGE_CURVE('',#15077,#15055,#15784,.T.);
#15784 = LINE('',#15785,#15786);
#15785 = CARTESIAN_POINT('',(-0.978377938271,-4.91863822937,
    18.299999237061));
#15786 = VECTOR('',#15787,1.);
#15787 = DIRECTION('',(-0.970031132659,0.242980661107,0.));
#15788 = ORIENTED_EDGE('',*,*,#15054,.T.);
#15789 = ORIENTED_EDGE('',*,*,#15015,.T.);
#15790 = ORIENTED_EDGE('',*,*,#14976,.T.);
#15791 = ORIENTED_EDGE('',*,*,#14936,.T.);
#15792 = ORIENTED_EDGE('',*,*,#14898,.T.);
#15793 = ORIENTED_EDGE('',*,*,#14858,.T.);
#15794 = ORIENTED_EDGE('',*,*,#14820,.T.);
#15795 = ORIENTED_EDGE('',*,*,#14780,.T.);
#15796 = ORIENTED_EDGE('',*,*,#14725,.T.);
#15797 = ORIENTED_EDGE('',*,*,#14679,.T.);
#15798 = ORIENTED_EDGE('',*,*,#15799,.T.);
#15799 = EDGE_CURVE('',#14682,#14517,#15800,.T.);
#15800 = LINE('',#15801,#15802);
#15801 = CARTESIAN_POINT('',(-4.799055576324,-1.455777645111,
    18.299999237061));
#15802 = VECTOR('',#15803,1.);
#15803 = DIRECTION('',(-0.242980661107,0.970031132659,0.));
#15804 = ORIENTED_EDGE('',*,*,#14516,.T.);
#15805 = ORIENTED_EDGE('',*,*,#14562,.T.);
#15806 = ORIENTED_EDGE('',*,*,#14601,.T.);
#15807 = ORIENTED_EDGE('',*,*,#14640,.T.);
#15808 = ORIENTED_EDGE('',*,*,#15809,.T.);
#15809 = EDGE_CURVE('',#14641,#14120,#15810,.T.);
#15810 = LINE('',#15811,#15812);
#15811 = CARTESIAN_POINT('',(-4.91863822937,0.978377938271,
    18.299999237061));
#15812 = VECTOR('',#15813,1.);
#15813 = DIRECTION('',(0.242980661107,0.970031132659,0.));
#15814 = ORIENTED_EDGE('',*,*,#14135,.T.);
#15815 = ORIENTED_EDGE('',*,*,#14165,.T.);
#15816 = ORIENTED_EDGE('',*,*,#14204,.T.);
#15817 = ORIENTED_EDGE('',*,*,#14252,.T.);
#15818 = ORIENTED_EDGE('',*,*,#14282,.T.);
#15819 = ORIENTED_EDGE('',*,*,#14321,.T.);
#15820 = ORIENTED_EDGE('',*,*,#14369,.T.);
#15821 = ORIENTED_EDGE('',*,*,#14399,.T.);
#15822 = ORIENTED_EDGE('',*,*,#14447,.T.);
#15823 = ORIENTED_EDGE('',*,*,#14486,.T.);
#15824 = ORIENTED_EDGE('',*,*,#15825,.T.);
#15825 = EDGE_CURVE('',#14479,#13957,#15826,.T.);
#15826 = LINE('',#15827,#15828);
#15827 = CARTESIAN_POINT('',(-1.455777645111,4.799055576324,
    18.299999237061));
#15828 = VECTOR('',#15829,1.);
#15829 = DIRECTION('',(0.970031132659,0.242980661107,0.));
#15830 = ORIENTED_EDGE('',*,*,#13972,.T.);
#15831 = ORIENTED_EDGE('',*,*,#14011,.T.);
#15832 = ORIENTED_EDGE('',*,*,#14050,.T.);
#15833 = ORIENTED_EDGE('',*,*,#14089,.T.);
#15834 = ORIENTED_EDGE('',*,*,#15835,.T.);
#15835 = EDGE_CURVE('',#14082,#13583,#15836,.T.);
#15836 = LINE('',#15837,#15838);
#15837 = CARTESIAN_POINT('',(0.978377938271,4.91863822937,
    18.299999237061));
#15838 = VECTOR('',#15839,1.);
#15839 = DIRECTION('',(0.970031132659,-0.242980661107,0.));
#15840 = ORIENTED_EDGE('',*,*,#13591,.T.);
#15841 = ORIENTED_EDGE('',*,*,#13614,.T.);
#15842 = ORIENTED_EDGE('',*,*,#13653,.T.);
#15843 = ORIENTED_EDGE('',*,*,#13692,.T.);
#15844 = ORIENTED_EDGE('',*,*,#13731,.T.);
#15845 = ORIENTED_EDGE('',*,*,#13770,.T.);
#15846 = ORIENTED_EDGE('',*,*,#13809,.T.);
#15847 = PLANE('',#15848);
#15848 = AXIS2_PLACEMENT_3D('',#15849,#15850,#15851);
#15849 = CARTESIAN_POINT('',(-4.924892466352E-17,-4.397225416386E-17,
    18.299999237061));
#15850 = DIRECTION('',(0.,0.,1.));
#15851 = DIRECTION('',(1.,0.,-0.));
#15852 = ADVANCED_FACE('',(#15853),#15864,.T.);
#15853 = FACE_BOUND('',#15854,.T.);
#15854 = EDGE_LOOP('',(#15855,#15856,#15857,#15863));
#15855 = ORIENTED_EDGE('',*,*,#12449,.F.);
#15856 = ORIENTED_EDGE('',*,*,#5483,.T.);
#15857 = ORIENTED_EDGE('',*,*,#15858,.T.);
#15858 = EDGE_CURVE('',#5476,#15249,#15859,.T.);
#15859 = LINE('',#15860,#15861);
#15860 = CARTESIAN_POINT('',(3.553211688995,3.553211688995,3.));
#15861 = VECTOR('',#15862,1.);
#15862 = DIRECTION('',(0.,0.,1.));
#15863 = ORIENTED_EDGE('',*,*,#15248,.T.);
#15864 = PLANE('',#15865);
#15865 = AXIS2_PLACEMENT_3D('',#15866,#15867,#15868);
#15866 = CARTESIAN_POINT('',(3.718794584274,3.370518922806,
    10.64999961853));
#15867 = DIRECTION('',(0.740951480857,0.67155856261,0.));
#15868 = DIRECTION('',(-0.67155856261,0.740951480857,0.));
#15869 = ADVANCED_FACE('',(#15870),#15881,.T.);
#15870 = FACE_BOUND('',#15871,.T.);
#15871 = EDGE_LOOP('',(#15872,#15873,#15874,#15880));
#15872 = ORIENTED_EDGE('',*,*,#15858,.F.);
#15873 = ORIENTED_EDGE('',*,*,#5475,.T.);
#15874 = ORIENTED_EDGE('',*,*,#15875,.T.);
#15875 = EDGE_CURVE('',#5468,#15257,#15876,.T.);
#15876 = LINE('',#15877,#15878);
#15877 = CARTESIAN_POINT('',(3.187826156616,3.884377479553,3.));
#15878 = VECTOR('',#15879,1.);
#15879 = DIRECTION('',(0.,0.,1.));
#15880 = ORIENTED_EDGE('',*,*,#15256,.T.);
#15881 = PLANE('',#15882);
#15882 = AXIS2_PLACEMENT_3D('',#15883,#15884,#15885);
#15883 = CARTESIAN_POINT('',(3.370518922806,3.718794584274,
    10.64999961853));
#15884 = DIRECTION('',(0.67155856261,0.740951480857,0.));
#15885 = DIRECTION('',(0.740951480857,-0.67155856261,0.));
#15886 = ADVANCED_FACE('',(#15887),#15898,.T.);
#15887 = FACE_BOUND('',#15888,.T.);
#15888 = EDGE_LOOP('',(#15889,#15890,#15891,#15897));
#15889 = ORIENTED_EDGE('',*,*,#15875,.F.);
#15890 = ORIENTED_EDGE('',*,*,#5467,.T.);
#15891 = ORIENTED_EDGE('',*,*,#15892,.T.);
#15892 = EDGE_CURVE('',#5460,#15265,#15893,.T.);
#15893 = LINE('',#15894,#15895);
#15894 = CARTESIAN_POINT('',(2.79174041748,4.178134918213,3.));
#15895 = VECTOR('',#15896,1.);
#15896 = DIRECTION('',(0.,0.,1.));
#15897 = ORIENTED_EDGE('',*,*,#15264,.T.);
#15898 = PLANE('',#15899);
#15899 = AXIS2_PLACEMENT_3D('',#15900,#15901,#15902);
#15900 = CARTESIAN_POINT('',(2.989783287048,4.031256198883,
    10.64999961853));
#15901 = DIRECTION('',(0.595699610441,0.803207304574,0.));
#15902 = DIRECTION('',(0.803207304574,-0.595699610441,0.));
#15903 = ADVANCED_FACE('',(#15904),#15915,.T.);
#15904 = FACE_BOUND('',#15905,.T.);
#15905 = EDGE_LOOP('',(#15906,#15907,#15908,#15914));
#15906 = ORIENTED_EDGE('',*,*,#15892,.F.);
#15907 = ORIENTED_EDGE('',*,*,#5459,.T.);
#15908 = ORIENTED_EDGE('',*,*,#15909,.T.);
#15909 = EDGE_CURVE('',#5452,#15273,#15910,.T.);
#15910 = LINE('',#15911,#15912);
#15911 = CARTESIAN_POINT('',(2.368768692017,4.431654453278,3.));
#15912 = VECTOR('',#15913,1.);
#15913 = DIRECTION('',(0.,0.,1.));
#15914 = ORIENTED_EDGE('',*,*,#15272,.T.);
#15915 = PLANE('',#15916);
#15916 = AXIS2_PLACEMENT_3D('',#15917,#15918,#15919);
#15917 = CARTESIAN_POINT('',(2.580254554749,4.304894685745,
    10.64999961853));
#15918 = DIRECTION('',(0.514102802708,0.857728574928,0.));
#15919 = DIRECTION('',(0.857728574928,-0.514102802708,0.));
#15920 = ADVANCED_FACE('',(#15921),#15932,.T.);
#15921 = FACE_BOUND('',#15922,.T.);
#15922 = EDGE_LOOP('',(#15923,#15924,#15925,#15931));
#15923 = ORIENTED_EDGE('',*,*,#15909,.F.);
#15924 = ORIENTED_EDGE('',*,*,#5451,.T.);
#15925 = ORIENTED_EDGE('',*,*,#15926,.T.);
#15926 = EDGE_CURVE('',#5444,#15281,#15927,.T.);
#15927 = LINE('',#15928,#15929);
#15928 = CARTESIAN_POINT('',(1.922984242439,4.642494678497,3.));
#15929 = VECTOR('',#15930,1.);
#15930 = DIRECTION('',(0.,0.,1.));
#15931 = ORIENTED_EDGE('',*,*,#15280,.T.);
#15932 = PLANE('',#15933);
#15933 = AXIS2_PLACEMENT_3D('',#15934,#15935,#15936);
#15934 = CARTESIAN_POINT('',(2.145876467228,4.537074565887,
    10.64999961853));
#15935 = DIRECTION('',(0.427554899426,0.903989384881,0.));
#15936 = DIRECTION('',(0.903989384881,-0.427554899426,0.));
#15937 = ADVANCED_FACE('',(#15938),#15949,.T.);
#15938 = FACE_BOUND('',#15939,.T.);
#15939 = EDGE_LOOP('',(#15940,#15941,#15942,#15948));
#15940 = ORIENTED_EDGE('',*,*,#15926,.F.);
#15941 = ORIENTED_EDGE('',*,*,#5443,.T.);
#15942 = ORIENTED_EDGE('',*,*,#15943,.T.);
#15943 = EDGE_CURVE('',#5436,#15289,#15944,.T.);
#15944 = LINE('',#15945,#15946);
#15945 = CARTESIAN_POINT('',(1.458680510521,4.808625221252,3.));
#15946 = VECTOR('',#15947,1.);
#15947 = DIRECTION('',(0.,0.,1.));
#15948 = ORIENTED_EDGE('',*,*,#15288,.T.);
#15949 = PLANE('',#15950);
#15950 = AXIS2_PLACEMENT_3D('',#15951,#15952,#15953);
#15951 = CARTESIAN_POINT('',(1.69083237648,4.725559949875,10.64999961853
    ));
#15952 = DIRECTION('',(0.336889873252,0.941544058077,0.));
#15953 = DIRECTION('',(0.941544058077,-0.336889873252,0.));
#15954 = ADVANCED_FACE('',(#15955),#15966,.T.);
#15955 = FACE_BOUND('',#15956,.T.);
#15956 = EDGE_LOOP('',(#15957,#15958,#15959,#15965));
#15957 = ORIENTED_EDGE('',*,*,#15943,.F.);
#15958 = ORIENTED_EDGE('',*,*,#5435,.T.);
#15959 = ORIENTED_EDGE('',*,*,#15960,.T.);
#15960 = EDGE_CURVE('',#5428,#15297,#15961,.T.);
#15961 = LINE('',#15962,#15963);
#15962 = CARTESIAN_POINT('',(0.980328857899,4.92844581604,3.));
#15963 = VECTOR('',#15964,1.);
#15964 = DIRECTION('',(0.,0.,1.));
#15965 = ORIENTED_EDGE('',*,*,#15296,.T.);
#15966 = PLANE('',#15967);
#15967 = AXIS2_PLACEMENT_3D('',#15968,#15969,#15970);
#15968 = CARTESIAN_POINT('',(1.21950468421,4.868535518646,10.64999961853
    ));
#15969 = DIRECTION('',(0.242979690313,0.970031375831,0.));
#15970 = DIRECTION('',(0.970031375831,-0.242979690313,0.));
#15971 = ADVANCED_FACE('',(#15972),#15983,.T.);
#15972 = FACE_BOUND('',#15973,.T.);
#15973 = EDGE_LOOP('',(#15974,#15975,#15976,#15982));
#15974 = ORIENTED_EDGE('',*,*,#15960,.F.);
#15975 = ORIENTED_EDGE('',*,*,#5427,.T.);
#15976 = ORIENTED_EDGE('',*,*,#15977,.T.);
#15977 = EDGE_CURVE('',#5420,#15305,#15978,.T.);
#15978 = LINE('',#15979,#15980);
#15979 = CARTESIAN_POINT('',(0.492536127567,5.000803470612,3.));
#15980 = VECTOR('',#15981,1.);
#15981 = DIRECTION('',(0.,0.,1.));
#15982 = ORIENTED_EDGE('',*,*,#15304,.T.);
#15983 = PLANE('',#15984);
#15984 = AXIS2_PLACEMENT_3D('',#15985,#15986,#15987);
#15985 = CARTESIAN_POINT('',(0.736432492733,4.964624643326,
    10.64999961853));
#15986 = DIRECTION('',(0.14673134394,0.989176380988,0.));
#15987 = DIRECTION('',(0.989176380988,-0.14673134394,0.));
#15988 = ADVANCED_FACE('',(#15989),#16000,.T.);
#15989 = FACE_BOUND('',#15990,.T.);
#15990 = EDGE_LOOP('',(#15991,#15992,#15993,#15999));
#15991 = ORIENTED_EDGE('',*,*,#15977,.F.);
#15992 = ORIENTED_EDGE('',*,*,#5419,.T.);
#15993 = ORIENTED_EDGE('',*,*,#15994,.F.);
#15994 = EDGE_CURVE('',#15313,#5412,#15995,.T.);
#15995 = LINE('',#15996,#15997);
#15996 = CARTESIAN_POINT('',(0.,5.025000095367,18.299999237061));
#15997 = VECTOR('',#15998,1.);
#15998 = DIRECTION('',(0.,0.,-1.));
#15999 = ORIENTED_EDGE('',*,*,#15312,.T.);
#16000 = PLANE('',#16001);
#16001 = AXIS2_PLACEMENT_3D('',#16002,#16003,#16004);
#16002 = CARTESIAN_POINT('',(0.246268063784,5.01290178299,10.64999961853
    ));
#16003 = DIRECTION('',(4.906742430899E-02,0.998795468488,0.));
#16004 = DIRECTION('',(0.998795468488,-4.906742430899E-02,0.));
#16005 = ADVANCED_FACE('',(#16006),#16017,.T.);
#16006 = FACE_BOUND('',#16007,.T.);
#16007 = EDGE_LOOP('',(#16008,#16009,#16015,#16016));
#16008 = ORIENTED_EDGE('',*,*,#5411,.T.);
#16009 = ORIENTED_EDGE('',*,*,#16010,.T.);
#16010 = EDGE_CURVE('',#5404,#15321,#16011,.T.);
#16011 = LINE('',#16012,#16013);
#16012 = CARTESIAN_POINT('',(-0.492536127567,5.000803470612,3.));
#16013 = VECTOR('',#16014,1.);
#16014 = DIRECTION('',(0.,0.,1.));
#16015 = ORIENTED_EDGE('',*,*,#15320,.T.);
#16016 = ORIENTED_EDGE('',*,*,#15994,.T.);
#16017 = PLANE('',#16018);
#16018 = AXIS2_PLACEMENT_3D('',#16019,#16020,#16021);
#16019 = CARTESIAN_POINT('',(-0.246268063784,5.01290178299,
    10.64999961853));
#16020 = DIRECTION('',(-4.906742430899E-02,0.998795468488,0.));
#16021 = DIRECTION('',(0.998795468488,4.906742430899E-02,0.));
#16022 = ADVANCED_FACE('',(#16023),#16034,.T.);
#16023 = FACE_BOUND('',#16024,.T.);
#16024 = EDGE_LOOP('',(#16025,#16026,#16027,#16033));
#16025 = ORIENTED_EDGE('',*,*,#16010,.F.);
#16026 = ORIENTED_EDGE('',*,*,#5403,.T.);
#16027 = ORIENTED_EDGE('',*,*,#16028,.T.);
#16028 = EDGE_CURVE('',#5396,#15329,#16029,.T.);
#16029 = LINE('',#16030,#16031);
#16030 = CARTESIAN_POINT('',(-0.980328857899,4.92844581604,3.));
#16031 = VECTOR('',#16032,1.);
#16032 = DIRECTION('',(0.,0.,1.));
#16033 = ORIENTED_EDGE('',*,*,#15328,.T.);
#16034 = PLANE('',#16035);
#16035 = AXIS2_PLACEMENT_3D('',#16036,#16037,#16038);
#16036 = CARTESIAN_POINT('',(-0.736432492733,4.964624643326,
    10.64999961853));
#16037 = DIRECTION('',(-0.14673134394,0.989176380988,0.));
#16038 = DIRECTION('',(0.989176380988,0.14673134394,0.));
#16039 = ADVANCED_FACE('',(#16040),#16051,.T.);
#16040 = FACE_BOUND('',#16041,.T.);
#16041 = EDGE_LOOP('',(#16042,#16043,#16044,#16050));
#16042 = ORIENTED_EDGE('',*,*,#16028,.F.);
#16043 = ORIENTED_EDGE('',*,*,#5395,.T.);
#16044 = ORIENTED_EDGE('',*,*,#16045,.T.);
#16045 = EDGE_CURVE('',#5388,#15337,#16046,.T.);
#16046 = LINE('',#16047,#16048);
#16047 = CARTESIAN_POINT('',(-1.458680510521,4.808625221252,3.));
#16048 = VECTOR('',#16049,1.);
#16049 = DIRECTION('',(0.,0.,1.));
#16050 = ORIENTED_EDGE('',*,*,#15336,.T.);
#16051 = PLANE('',#16052);
#16052 = AXIS2_PLACEMENT_3D('',#16053,#16054,#16055);
#16053 = CARTESIAN_POINT('',(-1.21950468421,4.868535518646,
    10.64999961853));
#16054 = DIRECTION('',(-0.242979690313,0.970031375831,0.));
#16055 = DIRECTION('',(0.970031375831,0.242979690313,0.));
#16056 = ADVANCED_FACE('',(#16057),#16068,.T.);
#16057 = FACE_BOUND('',#16058,.T.);
#16058 = EDGE_LOOP('',(#16059,#16060,#16061,#16067));
#16059 = ORIENTED_EDGE('',*,*,#16045,.F.);
#16060 = ORIENTED_EDGE('',*,*,#5387,.T.);
#16061 = ORIENTED_EDGE('',*,*,#16062,.T.);
#16062 = EDGE_CURVE('',#5380,#15345,#16063,.T.);
#16063 = LINE('',#16064,#16065);
#16064 = CARTESIAN_POINT('',(-1.922984242439,4.642494678497,3.));
#16065 = VECTOR('',#16066,1.);
#16066 = DIRECTION('',(0.,0.,1.));
#16067 = ORIENTED_EDGE('',*,*,#15344,.T.);
#16068 = PLANE('',#16069);
#16069 = AXIS2_PLACEMENT_3D('',#16070,#16071,#16072);
#16070 = CARTESIAN_POINT('',(-1.69083237648,4.725559949875,
    10.64999961853));
#16071 = DIRECTION('',(-0.336889873252,0.941544058077,0.));
#16072 = DIRECTION('',(0.941544058077,0.336889873252,0.));
#16073 = ADVANCED_FACE('',(#16074),#16085,.T.);
#16074 = FACE_BOUND('',#16075,.T.);
#16075 = EDGE_LOOP('',(#16076,#16077,#16078,#16084));
#16076 = ORIENTED_EDGE('',*,*,#16062,.F.);
#16077 = ORIENTED_EDGE('',*,*,#5379,.T.);
#16078 = ORIENTED_EDGE('',*,*,#16079,.T.);
#16079 = EDGE_CURVE('',#5372,#15353,#16080,.T.);
#16080 = LINE('',#16081,#16082);
#16081 = CARTESIAN_POINT('',(-2.368768692017,4.431654453278,3.));
#16082 = VECTOR('',#16083,1.);
#16083 = DIRECTION('',(0.,0.,1.));
#16084 = ORIENTED_EDGE('',*,*,#15352,.T.);
#16085 = PLANE('',#16086);
#16086 = AXIS2_PLACEMENT_3D('',#16087,#16088,#16089);
#16087 = CARTESIAN_POINT('',(-2.145876467228,4.537074565887,
    10.64999961853));
#16088 = DIRECTION('',(-0.427554899426,0.903989384881,0.));
#16089 = DIRECTION('',(0.903989384881,0.427554899426,0.));
#16090 = ADVANCED_FACE('',(#16091),#16102,.T.);
#16091 = FACE_BOUND('',#16092,.T.);
#16092 = EDGE_LOOP('',(#16093,#16094,#16095,#16101));
#16093 = ORIENTED_EDGE('',*,*,#16079,.F.);
#16094 = ORIENTED_EDGE('',*,*,#5371,.T.);
#16095 = ORIENTED_EDGE('',*,*,#16096,.T.);
#16096 = EDGE_CURVE('',#5364,#15361,#16097,.T.);
#16097 = LINE('',#16098,#16099);
#16098 = CARTESIAN_POINT('',(-2.79174041748,4.178134918213,3.));
#16099 = VECTOR('',#16100,1.);
#16100 = DIRECTION('',(0.,0.,1.));
#16101 = ORIENTED_EDGE('',*,*,#15360,.T.);
#16102 = PLANE('',#16103);
#16103 = AXIS2_PLACEMENT_3D('',#16104,#16105,#16106);
#16104 = CARTESIAN_POINT('',(-2.580254554749,4.304894685745,
    10.64999961853));
#16105 = DIRECTION('',(-0.514102802708,0.857728574928,0.));
#16106 = DIRECTION('',(0.857728574928,0.514102802708,0.));
#16107 = ADVANCED_FACE('',(#16108),#16119,.T.);
#16108 = FACE_BOUND('',#16109,.T.);
#16109 = EDGE_LOOP('',(#16110,#16111,#16112,#16118));
#16110 = ORIENTED_EDGE('',*,*,#16096,.F.);
#16111 = ORIENTED_EDGE('',*,*,#5363,.T.);
#16112 = ORIENTED_EDGE('',*,*,#16113,.T.);
#16113 = EDGE_CURVE('',#5356,#15369,#16114,.T.);
#16114 = LINE('',#16115,#16116);
#16115 = CARTESIAN_POINT('',(-3.187826156616,3.884377479553,3.));
#16116 = VECTOR('',#16117,1.);
#16117 = DIRECTION('',(0.,0.,1.));
#16118 = ORIENTED_EDGE('',*,*,#15368,.T.);
#16119 = PLANE('',#16120);
#16120 = AXIS2_PLACEMENT_3D('',#16121,#16122,#16123);
#16121 = CARTESIAN_POINT('',(-2.989783287048,4.031256198883,
    10.64999961853));
#16122 = DIRECTION('',(-0.595699610441,0.803207304574,0.));
#16123 = DIRECTION('',(0.803207304574,0.595699610441,0.));
#16124 = ADVANCED_FACE('',(#16125),#16136,.T.);
#16125 = FACE_BOUND('',#16126,.T.);
#16126 = EDGE_LOOP('',(#16127,#16128,#16129,#16135));
#16127 = ORIENTED_EDGE('',*,*,#16113,.F.);
#16128 = ORIENTED_EDGE('',*,*,#5355,.T.);
#16129 = ORIENTED_EDGE('',*,*,#16130,.T.);
#16130 = EDGE_CURVE('',#5348,#15377,#16131,.T.);
#16131 = LINE('',#16132,#16133);
#16132 = CARTESIAN_POINT('',(-3.553211688995,3.553211688995,3.));
#16133 = VECTOR('',#16134,1.);
#16134 = DIRECTION('',(0.,0.,1.));
#16135 = ORIENTED_EDGE('',*,*,#15376,.T.);
#16136 = PLANE('',#16137);
#16137 = AXIS2_PLACEMENT_3D('',#16138,#16139,#16140);
#16138 = CARTESIAN_POINT('',(-3.370518922806,3.718794584274,
    10.64999961853));
#16139 = DIRECTION('',(-0.67155856261,0.740951480857,0.));
#16140 = DIRECTION('',(0.740951480857,0.67155856261,0.));
#16141 = ADVANCED_FACE('',(#16142),#16153,.T.);
#16142 = FACE_BOUND('',#16143,.T.);
#16143 = EDGE_LOOP('',(#16144,#16145,#16146,#16152));
#16144 = ORIENTED_EDGE('',*,*,#16130,.F.);
#16145 = ORIENTED_EDGE('',*,*,#5347,.T.);
#16146 = ORIENTED_EDGE('',*,*,#16147,.T.);
#16147 = EDGE_CURVE('',#5340,#15385,#16148,.T.);
#16148 = LINE('',#16149,#16150);
#16149 = CARTESIAN_POINT('',(-3.884377479553,3.187826156616,3.));
#16150 = VECTOR('',#16151,1.);
#16151 = DIRECTION('',(0.,0.,1.));
#16152 = ORIENTED_EDGE('',*,*,#15384,.T.);
#16153 = PLANE('',#16154);
#16154 = AXIS2_PLACEMENT_3D('',#16155,#16156,#16157);
#16155 = CARTESIAN_POINT('',(-3.718794584274,3.370518922806,
    10.64999961853));
#16156 = DIRECTION('',(-0.740951480857,0.67155856261,-0.));
#16157 = DIRECTION('',(-0.67155856261,-0.740951480857,0.));
#16158 = ADVANCED_FACE('',(#16159),#16170,.T.);
#16159 = FACE_BOUND('',#16160,.T.);
#16160 = EDGE_LOOP('',(#16161,#16162,#16163,#16169));
#16161 = ORIENTED_EDGE('',*,*,#16147,.F.);
#16162 = ORIENTED_EDGE('',*,*,#5339,.T.);
#16163 = ORIENTED_EDGE('',*,*,#16164,.T.);
#16164 = EDGE_CURVE('',#5332,#15393,#16165,.T.);
#16165 = LINE('',#16166,#16167);
#16166 = CARTESIAN_POINT('',(-4.178134918213,2.79174041748,3.));
#16167 = VECTOR('',#16168,1.);
#16168 = DIRECTION('',(0.,0.,1.));
#16169 = ORIENTED_EDGE('',*,*,#15392,.T.);
#16170 = PLANE('',#16171);
#16171 = AXIS2_PLACEMENT_3D('',#16172,#16173,#16174);
#16172 = CARTESIAN_POINT('',(-4.031256198883,2.989783287048,
    10.64999961853));
#16173 = DIRECTION('',(-0.803207304574,0.595699610441,-0.));
#16174 = DIRECTION('',(-0.595699610441,-0.803207304574,0.));
#16175 = ADVANCED_FACE('',(#16176),#16187,.T.);
#16176 = FACE_BOUND('',#16177,.T.);
#16177 = EDGE_LOOP('',(#16178,#16179,#16180,#16186));
#16178 = ORIENTED_EDGE('',*,*,#16164,.F.);
#16179 = ORIENTED_EDGE('',*,*,#5331,.T.);
#16180 = ORIENTED_EDGE('',*,*,#16181,.T.);
#16181 = EDGE_CURVE('',#5324,#15401,#16182,.T.);
#16182 = LINE('',#16183,#16184);
#16183 = CARTESIAN_POINT('',(-4.431654453278,2.368768692017,3.));
#16184 = VECTOR('',#16185,1.);
#16185 = DIRECTION('',(0.,0.,1.));
#16186 = ORIENTED_EDGE('',*,*,#15400,.T.);
#16187 = PLANE('',#16188);
#16188 = AXIS2_PLACEMENT_3D('',#16189,#16190,#16191);
#16189 = CARTESIAN_POINT('',(-4.304894685745,2.580254554749,
    10.64999961853));
#16190 = DIRECTION('',(-0.857728574928,0.514102802708,-0.));
#16191 = DIRECTION('',(-0.514102802708,-0.857728574928,0.));
#16192 = ADVANCED_FACE('',(#16193),#16204,.T.);
#16193 = FACE_BOUND('',#16194,.T.);
#16194 = EDGE_LOOP('',(#16195,#16196,#16197,#16203));
#16195 = ORIENTED_EDGE('',*,*,#16181,.F.);
#16196 = ORIENTED_EDGE('',*,*,#5323,.T.);
#16197 = ORIENTED_EDGE('',*,*,#16198,.T.);
#16198 = EDGE_CURVE('',#5316,#15409,#16199,.T.);
#16199 = LINE('',#16200,#16201);
#16200 = CARTESIAN_POINT('',(-4.642494678497,1.922984242439,3.));
#16201 = VECTOR('',#16202,1.);
#16202 = DIRECTION('',(0.,0.,1.));
#16203 = ORIENTED_EDGE('',*,*,#15408,.T.);
#16204 = PLANE('',#16205);
#16205 = AXIS2_PLACEMENT_3D('',#16206,#16207,#16208);
#16206 = CARTESIAN_POINT('',(-4.537074565887,2.145876467228,
    10.64999961853));
#16207 = DIRECTION('',(-0.903989384881,0.427554899426,-0.));
#16208 = DIRECTION('',(-0.427554899426,-0.903989384881,0.));
#16209 = ADVANCED_FACE('',(#16210),#16221,.T.);
#16210 = FACE_BOUND('',#16211,.T.);
#16211 = EDGE_LOOP('',(#16212,#16213,#16214,#16220));
#16212 = ORIENTED_EDGE('',*,*,#16198,.F.);
#16213 = ORIENTED_EDGE('',*,*,#5315,.T.);
#16214 = ORIENTED_EDGE('',*,*,#16215,.T.);
#16215 = EDGE_CURVE('',#5308,#15417,#16216,.T.);
#16216 = LINE('',#16217,#16218);
#16217 = CARTESIAN_POINT('',(-4.808625221252,1.458680510521,3.));
#16218 = VECTOR('',#16219,1.);
#16219 = DIRECTION('',(0.,0.,1.));
#16220 = ORIENTED_EDGE('',*,*,#15416,.T.);
#16221 = PLANE('',#16222);
#16222 = AXIS2_PLACEMENT_3D('',#16223,#16224,#16225);
#16223 = CARTESIAN_POINT('',(-4.725559949875,1.69083237648,
    10.64999961853));
#16224 = DIRECTION('',(-0.941544058077,0.336889873252,-0.));
#16225 = DIRECTION('',(-0.336889873252,-0.941544058077,0.));
#16226 = ADVANCED_FACE('',(#16227),#16238,.T.);
#16227 = FACE_BOUND('',#16228,.T.);
#16228 = EDGE_LOOP('',(#16229,#16230,#16231,#16237));
#16229 = ORIENTED_EDGE('',*,*,#16215,.F.);
#16230 = ORIENTED_EDGE('',*,*,#5307,.T.);
#16231 = ORIENTED_EDGE('',*,*,#16232,.T.);
#16232 = EDGE_CURVE('',#5300,#15425,#16233,.T.);
#16233 = LINE('',#16234,#16235);
#16234 = CARTESIAN_POINT('',(-4.92844581604,0.980328857899,3.));
#16235 = VECTOR('',#16236,1.);
#16236 = DIRECTION('',(0.,0.,1.));
#16237 = ORIENTED_EDGE('',*,*,#15424,.T.);
#16238 = PLANE('',#16239);
#16239 = AXIS2_PLACEMENT_3D('',#16240,#16241,#16242);
#16240 = CARTESIAN_POINT('',(-4.868535518646,1.21950468421,
    10.64999961853));
#16241 = DIRECTION('',(-0.970031375831,0.242979690313,-0.));
#16242 = DIRECTION('',(-0.242979690313,-0.970031375831,0.));
#16243 = ADVANCED_FACE('',(#16244),#16255,.T.);
#16244 = FACE_BOUND('',#16245,.T.);
#16245 = EDGE_LOOP('',(#16246,#16247,#16248,#16254));
#16246 = ORIENTED_EDGE('',*,*,#16232,.F.);
#16247 = ORIENTED_EDGE('',*,*,#5299,.T.);
#16248 = ORIENTED_EDGE('',*,*,#16249,.T.);
#16249 = EDGE_CURVE('',#5292,#15433,#16250,.T.);
#16250 = LINE('',#16251,#16252);
#16251 = CARTESIAN_POINT('',(-5.000803470612,0.492536127567,3.));
#16252 = VECTOR('',#16253,1.);
#16253 = DIRECTION('',(0.,0.,1.));
#16254 = ORIENTED_EDGE('',*,*,#15432,.T.);
#16255 = PLANE('',#16256);
#16256 = AXIS2_PLACEMENT_3D('',#16257,#16258,#16259);
#16257 = CARTESIAN_POINT('',(-4.964624643326,0.736432492733,
    10.64999961853));
#16258 = DIRECTION('',(-0.989176380988,0.14673134394,-0.));
#16259 = DIRECTION('',(-0.14673134394,-0.989176380988,0.));
#16260 = ADVANCED_FACE('',(#16261),#16272,.T.);
#16261 = FACE_BOUND('',#16262,.T.);
#16262 = EDGE_LOOP('',(#16263,#16264,#16265,#16271));
#16263 = ORIENTED_EDGE('',*,*,#16249,.F.);
#16264 = ORIENTED_EDGE('',*,*,#5291,.T.);
#16265 = ORIENTED_EDGE('',*,*,#16266,.F.);
#16266 = EDGE_CURVE('',#15441,#5284,#16267,.T.);
#16267 = LINE('',#16268,#16269);
#16268 = CARTESIAN_POINT('',(-5.025000095367,0.,18.290000915527));
#16269 = VECTOR('',#16270,1.);
#16270 = DIRECTION('',(0.,0.,-1.));
#16271 = ORIENTED_EDGE('',*,*,#15440,.T.);
#16272 = PLANE('',#16273);
#16273 = AXIS2_PLACEMENT_3D('',#16274,#16275,#16276);
#16274 = CARTESIAN_POINT('',(-5.01290178299,0.246268063784,
    10.64999961853));
#16275 = DIRECTION('',(-0.998795468488,4.906742430899E-02,-0.));
#16276 = DIRECTION('',(-4.906742430899E-02,-0.998795468488,0.));
#16277 = ADVANCED_FACE('',(#16278),#16289,.T.);
#16278 = FACE_BOUND('',#16279,.T.);
#16279 = EDGE_LOOP('',(#16280,#16281,#16287,#16288));
#16280 = ORIENTED_EDGE('',*,*,#5283,.T.);
#16281 = ORIENTED_EDGE('',*,*,#16282,.T.);
#16282 = EDGE_CURVE('',#5276,#15449,#16283,.T.);
#16283 = LINE('',#16284,#16285);
#16284 = CARTESIAN_POINT('',(-5.000803470612,-0.492536127567,3.));
#16285 = VECTOR('',#16286,1.);
#16286 = DIRECTION('',(0.,0.,1.));
#16287 = ORIENTED_EDGE('',*,*,#15448,.T.);
#16288 = ORIENTED_EDGE('',*,*,#16266,.T.);
#16289 = PLANE('',#16290);
#16290 = AXIS2_PLACEMENT_3D('',#16291,#16292,#16293);
#16291 = CARTESIAN_POINT('',(-5.01290178299,-0.246268063784,
    10.64999961853));
#16292 = DIRECTION('',(-0.998795468488,-4.906742430899E-02,-0.));
#16293 = DIRECTION('',(4.906742430899E-02,-0.998795468488,0.));
#16294 = ADVANCED_FACE('',(#16295),#16306,.T.);
#16295 = FACE_BOUND('',#16296,.T.);
#16296 = EDGE_LOOP('',(#16297,#16298,#16299,#16305));
#16297 = ORIENTED_EDGE('',*,*,#16282,.F.);
#16298 = ORIENTED_EDGE('',*,*,#5275,.T.);
#16299 = ORIENTED_EDGE('',*,*,#16300,.T.);
#16300 = EDGE_CURVE('',#5268,#15457,#16301,.T.);
#16301 = LINE('',#16302,#16303);
#16302 = CARTESIAN_POINT('',(-4.92844581604,-0.980328857899,3.));
#16303 = VECTOR('',#16304,1.);
#16304 = DIRECTION('',(0.,0.,1.));
#16305 = ORIENTED_EDGE('',*,*,#15456,.T.);
#16306 = PLANE('',#16307);
#16307 = AXIS2_PLACEMENT_3D('',#16308,#16309,#16310);
#16308 = CARTESIAN_POINT('',(-4.964624643326,-0.736432492733,
    10.64999961853));
#16309 = DIRECTION('',(-0.989176380988,-0.14673134394,-0.));
#16310 = DIRECTION('',(0.14673134394,-0.989176380988,0.));
#16311 = ADVANCED_FACE('',(#16312),#16323,.T.);
#16312 = FACE_BOUND('',#16313,.T.);
#16313 = EDGE_LOOP('',(#16314,#16315,#16316,#16322));
#16314 = ORIENTED_EDGE('',*,*,#16300,.F.);
#16315 = ORIENTED_EDGE('',*,*,#5267,.T.);
#16316 = ORIENTED_EDGE('',*,*,#16317,.T.);
#16317 = EDGE_CURVE('',#5260,#15465,#16318,.T.);
#16318 = LINE('',#16319,#16320);
#16319 = CARTESIAN_POINT('',(-4.808625221252,-1.458680510521,3.));
#16320 = VECTOR('',#16321,1.);
#16321 = DIRECTION('',(0.,0.,1.));
#16322 = ORIENTED_EDGE('',*,*,#15464,.T.);
#16323 = PLANE('',#16324);
#16324 = AXIS2_PLACEMENT_3D('',#16325,#16326,#16327);
#16325 = CARTESIAN_POINT('',(-4.868535518646,-1.21950468421,
    10.64999961853));
#16326 = DIRECTION('',(-0.970031375831,-0.242979690313,-0.));
#16327 = DIRECTION('',(0.242979690313,-0.970031375831,0.));
#16328 = ADVANCED_FACE('',(#16329),#16340,.T.);
#16329 = FACE_BOUND('',#16330,.T.);
#16330 = EDGE_LOOP('',(#16331,#16332,#16333,#16339));
#16331 = ORIENTED_EDGE('',*,*,#16317,.F.);
#16332 = ORIENTED_EDGE('',*,*,#5259,.T.);
#16333 = ORIENTED_EDGE('',*,*,#16334,.T.);
#16334 = EDGE_CURVE('',#5252,#15473,#16335,.T.);
#16335 = LINE('',#16336,#16337);
#16336 = CARTESIAN_POINT('',(-4.642494678497,-1.922984242439,3.));
#16337 = VECTOR('',#16338,1.);
#16338 = DIRECTION('',(0.,0.,1.));
#16339 = ORIENTED_EDGE('',*,*,#15472,.T.);
#16340 = PLANE('',#16341);
#16341 = AXIS2_PLACEMENT_3D('',#16342,#16343,#16344);
#16342 = CARTESIAN_POINT('',(-4.725559949875,-1.69083237648,
    10.64999961853));
#16343 = DIRECTION('',(-0.941544058077,-0.336889873252,-0.));
#16344 = DIRECTION('',(0.336889873252,-0.941544058077,0.));
#16345 = ADVANCED_FACE('',(#16346),#16357,.T.);
#16346 = FACE_BOUND('',#16347,.T.);
#16347 = EDGE_LOOP('',(#16348,#16349,#16350,#16356));
#16348 = ORIENTED_EDGE('',*,*,#16334,.F.);
#16349 = ORIENTED_EDGE('',*,*,#5251,.T.);
#16350 = ORIENTED_EDGE('',*,*,#16351,.T.);
#16351 = EDGE_CURVE('',#5244,#15481,#16352,.T.);
#16352 = LINE('',#16353,#16354);
#16353 = CARTESIAN_POINT('',(-4.431654453278,-2.368768692017,3.));
#16354 = VECTOR('',#16355,1.);
#16355 = DIRECTION('',(0.,0.,1.));
#16356 = ORIENTED_EDGE('',*,*,#15480,.T.);
#16357 = PLANE('',#16358);
#16358 = AXIS2_PLACEMENT_3D('',#16359,#16360,#16361);
#16359 = CARTESIAN_POINT('',(-4.537074565887,-2.145876467228,
    10.64999961853));
#16360 = DIRECTION('',(-0.903989384881,-0.427554899426,-0.));
#16361 = DIRECTION('',(0.427554899426,-0.903989384881,0.));
#16362 = ADVANCED_FACE('',(#16363),#16374,.T.);
#16363 = FACE_BOUND('',#16364,.T.);
#16364 = EDGE_LOOP('',(#16365,#16366,#16367,#16373));
#16365 = ORIENTED_EDGE('',*,*,#16351,.F.);
#16366 = ORIENTED_EDGE('',*,*,#5243,.T.);
#16367 = ORIENTED_EDGE('',*,*,#16368,.T.);
#16368 = EDGE_CURVE('',#5236,#15489,#16369,.T.);
#16369 = LINE('',#16370,#16371);
#16370 = CARTESIAN_POINT('',(-4.178134918213,-2.79174041748,3.));
#16371 = VECTOR('',#16372,1.);
#16372 = DIRECTION('',(0.,0.,1.));
#16373 = ORIENTED_EDGE('',*,*,#15488,.T.);
#16374 = PLANE('',#16375);
#16375 = AXIS2_PLACEMENT_3D('',#16376,#16377,#16378);
#16376 = CARTESIAN_POINT('',(-4.304894685745,-2.580254554749,
    10.64999961853));
#16377 = DIRECTION('',(-0.857728574928,-0.514102802708,-0.));
#16378 = DIRECTION('',(0.514102802708,-0.857728574928,0.));
#16379 = ADVANCED_FACE('',(#16380),#16391,.T.);
#16380 = FACE_BOUND('',#16381,.T.);
#16381 = EDGE_LOOP('',(#16382,#16383,#16384,#16390));
#16382 = ORIENTED_EDGE('',*,*,#16368,.F.);
#16383 = ORIENTED_EDGE('',*,*,#5235,.T.);
#16384 = ORIENTED_EDGE('',*,*,#16385,.T.);
#16385 = EDGE_CURVE('',#5228,#15497,#16386,.T.);
#16386 = LINE('',#16387,#16388);
#16387 = CARTESIAN_POINT('',(-3.884377479553,-3.187826156616,3.));
#16388 = VECTOR('',#16389,1.);
#16389 = DIRECTION('',(0.,0.,1.));
#16390 = ORIENTED_EDGE('',*,*,#15496,.T.);
#16391 = PLANE('',#16392);
#16392 = AXIS2_PLACEMENT_3D('',#16393,#16394,#16395);
#16393 = CARTESIAN_POINT('',(-4.031256198883,-2.989783287048,
    10.64999961853));
#16394 = DIRECTION('',(-0.803207304574,-0.595699610441,-0.));
#16395 = DIRECTION('',(0.595699610441,-0.803207304574,0.));
#16396 = ADVANCED_FACE('',(#16397),#16408,.T.);
#16397 = FACE_BOUND('',#16398,.T.);
#16398 = EDGE_LOOP('',(#16399,#16400,#16401,#16407));
#16399 = ORIENTED_EDGE('',*,*,#16385,.F.);
#16400 = ORIENTED_EDGE('',*,*,#5227,.T.);
#16401 = ORIENTED_EDGE('',*,*,#16402,.T.);
#16402 = EDGE_CURVE('',#5220,#15505,#16403,.T.);
#16403 = LINE('',#16404,#16405);
#16404 = CARTESIAN_POINT('',(-3.553211688995,-3.553211688995,3.));
#16405 = VECTOR('',#16406,1.);
#16406 = DIRECTION('',(0.,0.,1.));
#16407 = ORIENTED_EDGE('',*,*,#15504,.T.);
#16408 = PLANE('',#16409);
#16409 = AXIS2_PLACEMENT_3D('',#16410,#16411,#16412);
#16410 = CARTESIAN_POINT('',(-3.718794584274,-3.370518922806,
    10.64999961853));
#16411 = DIRECTION('',(-0.740951480857,-0.67155856261,-0.));
#16412 = DIRECTION('',(0.67155856261,-0.740951480857,0.));
#16413 = ADVANCED_FACE('',(#16414),#16425,.T.);
#16414 = FACE_BOUND('',#16415,.T.);
#16415 = EDGE_LOOP('',(#16416,#16417,#16418,#16424));
#16416 = ORIENTED_EDGE('',*,*,#16402,.F.);
#16417 = ORIENTED_EDGE('',*,*,#5219,.T.);
#16418 = ORIENTED_EDGE('',*,*,#16419,.T.);
#16419 = EDGE_CURVE('',#5212,#15513,#16420,.T.);
#16420 = LINE('',#16421,#16422);
#16421 = CARTESIAN_POINT('',(-3.187826156616,-3.884377479553,3.));
#16422 = VECTOR('',#16423,1.);
#16423 = DIRECTION('',(0.,0.,1.));
#16424 = ORIENTED_EDGE('',*,*,#15512,.T.);
#16425 = PLANE('',#16426);
#16426 = AXIS2_PLACEMENT_3D('',#16427,#16428,#16429);
#16427 = CARTESIAN_POINT('',(-3.370518922806,-3.718794584274,
    10.64999961853));
#16428 = DIRECTION('',(-0.67155856261,-0.740951480857,-0.));
#16429 = DIRECTION('',(-0.740951480857,0.67155856261,0.));
#16430 = ADVANCED_FACE('',(#16431),#16442,.T.);
#16431 = FACE_BOUND('',#16432,.T.);
#16432 = EDGE_LOOP('',(#16433,#16434,#16435,#16441));
#16433 = ORIENTED_EDGE('',*,*,#16419,.F.);
#16434 = ORIENTED_EDGE('',*,*,#5211,.T.);
#16435 = ORIENTED_EDGE('',*,*,#16436,.T.);
#16436 = EDGE_CURVE('',#5204,#15521,#16437,.T.);
#16437 = LINE('',#16438,#16439);
#16438 = CARTESIAN_POINT('',(-2.79174041748,-4.178134918213,3.));
#16439 = VECTOR('',#16440,1.);
#16440 = DIRECTION('',(0.,0.,1.));
#16441 = ORIENTED_EDGE('',*,*,#15520,.T.);
#16442 = PLANE('',#16443);
#16443 = AXIS2_PLACEMENT_3D('',#16444,#16445,#16446);
#16444 = CARTESIAN_POINT('',(-2.989783287048,-4.031256198883,
    10.64999961853));
#16445 = DIRECTION('',(-0.595699610441,-0.803207304574,-0.));
#16446 = DIRECTION('',(-0.803207304574,0.595699610441,0.));
#16447 = ADVANCED_FACE('',(#16448),#16459,.T.);
#16448 = FACE_BOUND('',#16449,.T.);
#16449 = EDGE_LOOP('',(#16450,#16451,#16452,#16458));
#16450 = ORIENTED_EDGE('',*,*,#16436,.F.);
#16451 = ORIENTED_EDGE('',*,*,#5203,.T.);
#16452 = ORIENTED_EDGE('',*,*,#16453,.T.);
#16453 = EDGE_CURVE('',#5196,#15529,#16454,.T.);
#16454 = LINE('',#16455,#16456);
#16455 = CARTESIAN_POINT('',(-2.368768692017,-4.431654453278,3.));
#16456 = VECTOR('',#16457,1.);
#16457 = DIRECTION('',(0.,0.,1.));
#16458 = ORIENTED_EDGE('',*,*,#15528,.T.);
#16459 = PLANE('',#16460);
#16460 = AXIS2_PLACEMENT_3D('',#16461,#16462,#16463);
#16461 = CARTESIAN_POINT('',(-2.580254554749,-4.304894685745,
    10.64999961853));
#16462 = DIRECTION('',(-0.514102802708,-0.857728574928,-0.));
#16463 = DIRECTION('',(-0.857728574928,0.514102802708,0.));
#16464 = ADVANCED_FACE('',(#16465),#16476,.T.);
#16465 = FACE_BOUND('',#16466,.T.);
#16466 = EDGE_LOOP('',(#16467,#16468,#16469,#16475));
#16467 = ORIENTED_EDGE('',*,*,#16453,.F.);
#16468 = ORIENTED_EDGE('',*,*,#5195,.T.);
#16469 = ORIENTED_EDGE('',*,*,#16470,.T.);
#16470 = EDGE_CURVE('',#5188,#15537,#16471,.T.);
#16471 = LINE('',#16472,#16473);
#16472 = CARTESIAN_POINT('',(-1.922984242439,-4.642494678497,3.));
#16473 = VECTOR('',#16474,1.);
#16474 = DIRECTION('',(0.,0.,1.));
#16475 = ORIENTED_EDGE('',*,*,#15536,.T.);
#16476 = PLANE('',#16477);
#16477 = AXIS2_PLACEMENT_3D('',#16478,#16479,#16480);
#16478 = CARTESIAN_POINT('',(-2.145876467228,-4.537074565887,
    10.64999961853));
#16479 = DIRECTION('',(-0.427554899426,-0.903989384881,-0.));
#16480 = DIRECTION('',(-0.903989384881,0.427554899426,0.));
#16481 = ADVANCED_FACE('',(#16482),#16493,.T.);
#16482 = FACE_BOUND('',#16483,.T.);
#16483 = EDGE_LOOP('',(#16484,#16485,#16486,#16492));
#16484 = ORIENTED_EDGE('',*,*,#16470,.F.);
#16485 = ORIENTED_EDGE('',*,*,#5187,.T.);
#16486 = ORIENTED_EDGE('',*,*,#16487,.T.);
#16487 = EDGE_CURVE('',#5180,#15545,#16488,.T.);
#16488 = LINE('',#16489,#16490);
#16489 = CARTESIAN_POINT('',(-1.458680510521,-4.808625221252,3.));
#16490 = VECTOR('',#16491,1.);
#16491 = DIRECTION('',(0.,0.,1.));
#16492 = ORIENTED_EDGE('',*,*,#15544,.T.);
#16493 = PLANE('',#16494);
#16494 = AXIS2_PLACEMENT_3D('',#16495,#16496,#16497);
#16495 = CARTESIAN_POINT('',(-1.69083237648,-4.725559949875,
    10.64999961853));
#16496 = DIRECTION('',(-0.336889873252,-0.941544058077,-0.));
#16497 = DIRECTION('',(-0.941544058077,0.336889873252,0.));
#16498 = ADVANCED_FACE('',(#16499),#16510,.T.);
#16499 = FACE_BOUND('',#16500,.T.);
#16500 = EDGE_LOOP('',(#16501,#16502,#16503,#16509));
#16501 = ORIENTED_EDGE('',*,*,#16487,.F.);
#16502 = ORIENTED_EDGE('',*,*,#5179,.T.);
#16503 = ORIENTED_EDGE('',*,*,#16504,.T.);
#16504 = EDGE_CURVE('',#5172,#15553,#16505,.T.);
#16505 = LINE('',#16506,#16507);
#16506 = CARTESIAN_POINT('',(-0.980328857899,-4.92844581604,3.));
#16507 = VECTOR('',#16508,1.);
#16508 = DIRECTION('',(0.,0.,1.));
#16509 = ORIENTED_EDGE('',*,*,#15552,.T.);
#16510 = PLANE('',#16511);
#16511 = AXIS2_PLACEMENT_3D('',#16512,#16513,#16514);
#16512 = CARTESIAN_POINT('',(-1.21950468421,-4.868535518646,
    10.64999961853));
#16513 = DIRECTION('',(-0.242979690313,-0.970031375831,-0.));
#16514 = DIRECTION('',(-0.970031375831,0.242979690313,0.));
#16515 = ADVANCED_FACE('',(#16516),#16527,.T.);
#16516 = FACE_BOUND('',#16517,.T.);
#16517 = EDGE_LOOP('',(#16518,#16519,#16520,#16526));
#16518 = ORIENTED_EDGE('',*,*,#16504,.F.);
#16519 = ORIENTED_EDGE('',*,*,#5171,.T.);
#16520 = ORIENTED_EDGE('',*,*,#16521,.T.);
#16521 = EDGE_CURVE('',#5164,#15561,#16522,.T.);
#16522 = LINE('',#16523,#16524);
#16523 = CARTESIAN_POINT('',(-0.492536127567,-5.000803470612,3.));
#16524 = VECTOR('',#16525,1.);
#16525 = DIRECTION('',(0.,0.,1.));
#16526 = ORIENTED_EDGE('',*,*,#15560,.T.);
#16527 = PLANE('',#16528);
#16528 = AXIS2_PLACEMENT_3D('',#16529,#16530,#16531);
#16529 = CARTESIAN_POINT('',(-0.736432492733,-4.964624643326,
    10.64999961853));
#16530 = DIRECTION('',(-0.14673134394,-0.989176380988,-0.));
#16531 = DIRECTION('',(-0.989176380988,0.14673134394,0.));
#16532 = ADVANCED_FACE('',(#16533),#16544,.T.);
#16533 = FACE_BOUND('',#16534,.T.);
#16534 = EDGE_LOOP('',(#16535,#16536,#16537,#16543));
#16535 = ORIENTED_EDGE('',*,*,#16521,.F.);
#16536 = ORIENTED_EDGE('',*,*,#5163,.T.);
#16537 = ORIENTED_EDGE('',*,*,#16538,.T.);
#16538 = EDGE_CURVE('',#5156,#15569,#16539,.T.);
#16539 = LINE('',#16540,#16541);
#16540 = CARTESIAN_POINT('',(0.,-5.025000095367,3.));
#16541 = VECTOR('',#16542,1.);
#16542 = DIRECTION('',(0.,0.,1.));
#16543 = ORIENTED_EDGE('',*,*,#15568,.T.);
#16544 = PLANE('',#16545);
#16545 = AXIS2_PLACEMENT_3D('',#16546,#16547,#16548);
#16546 = CARTESIAN_POINT('',(-0.246268063784,-5.01290178299,
    10.64999961853));
#16547 = DIRECTION('',(-4.906742430899E-02,-0.998795468488,-0.));
#16548 = DIRECTION('',(-0.998795468488,4.906742430899E-02,0.));
#16549 = ADVANCED_FACE('',(#16550),#16561,.T.);
#16550 = FACE_BOUND('',#16551,.T.);
#16551 = EDGE_LOOP('',(#16552,#16553,#16554,#16560));
#16552 = ORIENTED_EDGE('',*,*,#16538,.F.);
#16553 = ORIENTED_EDGE('',*,*,#5155,.T.);
#16554 = ORIENTED_EDGE('',*,*,#16555,.T.);
#16555 = EDGE_CURVE('',#5148,#15577,#16556,.T.);
#16556 = LINE('',#16557,#16558);
#16557 = CARTESIAN_POINT('',(0.492536127567,-5.000803470612,3.));
#16558 = VECTOR('',#16559,1.);
#16559 = DIRECTION('',(0.,0.,1.));
#16560 = ORIENTED_EDGE('',*,*,#15576,.T.);
#16561 = PLANE('',#16562);
#16562 = AXIS2_PLACEMENT_3D('',#16563,#16564,#16565);
#16563 = CARTESIAN_POINT('',(0.246268063784,-5.01290178299,
    10.64999961853));
#16564 = DIRECTION('',(4.906742430899E-02,-0.998795468488,-0.));
#16565 = DIRECTION('',(-0.998795468488,-4.906742430899E-02,0.));
#16566 = ADVANCED_FACE('',(#16567),#16578,.T.);
#16567 = FACE_BOUND('',#16568,.T.);
#16568 = EDGE_LOOP('',(#16569,#16570,#16571,#16577));
#16569 = ORIENTED_EDGE('',*,*,#16555,.F.);
#16570 = ORIENTED_EDGE('',*,*,#5147,.T.);
#16571 = ORIENTED_EDGE('',*,*,#16572,.T.);
#16572 = EDGE_CURVE('',#5140,#15585,#16573,.T.);
#16573 = LINE('',#16574,#16575);
#16574 = CARTESIAN_POINT('',(0.980328857899,-4.92844581604,3.));
#16575 = VECTOR('',#16576,1.);
#16576 = DIRECTION('',(0.,0.,1.));
#16577 = ORIENTED_EDGE('',*,*,#15584,.T.);
#16578 = PLANE('',#16579);
#16579 = AXIS2_PLACEMENT_3D('',#16580,#16581,#16582);
#16580 = CARTESIAN_POINT('',(0.736432492733,-4.964624643326,
    10.64999961853));
#16581 = DIRECTION('',(0.14673134394,-0.989176380988,-0.));
#16582 = DIRECTION('',(-0.989176380988,-0.14673134394,0.));
#16583 = ADVANCED_FACE('',(#16584),#16595,.T.);
#16584 = FACE_BOUND('',#16585,.T.);
#16585 = EDGE_LOOP('',(#16586,#16587,#16588,#16594));
#16586 = ORIENTED_EDGE('',*,*,#16572,.F.);
#16587 = ORIENTED_EDGE('',*,*,#5139,.T.);
#16588 = ORIENTED_EDGE('',*,*,#16589,.T.);
#16589 = EDGE_CURVE('',#5132,#15593,#16590,.T.);
#16590 = LINE('',#16591,#16592);
#16591 = CARTESIAN_POINT('',(1.458680510521,-4.808625221252,3.));
#16592 = VECTOR('',#16593,1.);
#16593 = DIRECTION('',(0.,0.,1.));
#16594 = ORIENTED_EDGE('',*,*,#15592,.T.);
#16595 = PLANE('',#16596);
#16596 = AXIS2_PLACEMENT_3D('',#16597,#16598,#16599);
#16597 = CARTESIAN_POINT('',(1.21950468421,-4.868535518646,
    10.64999961853));
#16598 = DIRECTION('',(0.242979690313,-0.970031375831,-0.));
#16599 = DIRECTION('',(-0.970031375831,-0.242979690313,0.));
#16600 = ADVANCED_FACE('',(#16601),#16612,.T.);
#16601 = FACE_BOUND('',#16602,.T.);
#16602 = EDGE_LOOP('',(#16603,#16604,#16605,#16611));
#16603 = ORIENTED_EDGE('',*,*,#16589,.F.);
#16604 = ORIENTED_EDGE('',*,*,#5131,.T.);
#16605 = ORIENTED_EDGE('',*,*,#16606,.T.);
#16606 = EDGE_CURVE('',#5124,#15601,#16607,.T.);
#16607 = LINE('',#16608,#16609);
#16608 = CARTESIAN_POINT('',(1.922984242439,-4.642494678497,3.));
#16609 = VECTOR('',#16610,1.);
#16610 = DIRECTION('',(0.,0.,1.));
#16611 = ORIENTED_EDGE('',*,*,#15600,.T.);
#16612 = PLANE('',#16613);
#16613 = AXIS2_PLACEMENT_3D('',#16614,#16615,#16616);
#16614 = CARTESIAN_POINT('',(1.69083237648,-4.725559949875,
    10.64999961853));
#16615 = DIRECTION('',(0.336889873252,-0.941544058077,-0.));
#16616 = DIRECTION('',(-0.941544058077,-0.336889873252,0.));
#16617 = ADVANCED_FACE('',(#16618),#16629,.T.);
#16618 = FACE_BOUND('',#16619,.T.);
#16619 = EDGE_LOOP('',(#16620,#16621,#16622,#16628));
#16620 = ORIENTED_EDGE('',*,*,#16606,.F.);
#16621 = ORIENTED_EDGE('',*,*,#5123,.T.);
#16622 = ORIENTED_EDGE('',*,*,#16623,.T.);
#16623 = EDGE_CURVE('',#5116,#15609,#16624,.T.);
#16624 = LINE('',#16625,#16626);
#16625 = CARTESIAN_POINT('',(2.368768692017,-4.431654453278,3.));
#16626 = VECTOR('',#16627,1.);
#16627 = DIRECTION('',(0.,0.,1.));
#16628 = ORIENTED_EDGE('',*,*,#15608,.T.);
#16629 = PLANE('',#16630);
#16630 = AXIS2_PLACEMENT_3D('',#16631,#16632,#16633);
#16631 = CARTESIAN_POINT('',(2.145876467228,-4.537074565887,
    10.64999961853));
#16632 = DIRECTION('',(0.427554899426,-0.903989384881,-0.));
#16633 = DIRECTION('',(-0.903989384881,-0.427554899426,0.));
#16634 = ADVANCED_FACE('',(#16635),#16646,.T.);
#16635 = FACE_BOUND('',#16636,.T.);
#16636 = EDGE_LOOP('',(#16637,#16638,#16639,#16645));
#16637 = ORIENTED_EDGE('',*,*,#16623,.F.);
#16638 = ORIENTED_EDGE('',*,*,#5115,.T.);
#16639 = ORIENTED_EDGE('',*,*,#16640,.T.);
#16640 = EDGE_CURVE('',#5108,#15617,#16641,.T.);
#16641 = LINE('',#16642,#16643);
#16642 = CARTESIAN_POINT('',(2.79174041748,-4.178134918213,3.));
#16643 = VECTOR('',#16644,1.);
#16644 = DIRECTION('',(0.,0.,1.));
#16645 = ORIENTED_EDGE('',*,*,#15616,.T.);
#16646 = PLANE('',#16647);
#16647 = AXIS2_PLACEMENT_3D('',#16648,#16649,#16650);
#16648 = CARTESIAN_POINT('',(2.580254554749,-4.304894685745,
    10.64999961853));
#16649 = DIRECTION('',(0.514102802708,-0.857728574928,-0.));
#16650 = DIRECTION('',(-0.857728574928,-0.514102802708,0.));
#16651 = ADVANCED_FACE('',(#16652),#16663,.T.);
#16652 = FACE_BOUND('',#16653,.T.);
#16653 = EDGE_LOOP('',(#16654,#16655,#16656,#16662));
#16654 = ORIENTED_EDGE('',*,*,#16640,.F.);
#16655 = ORIENTED_EDGE('',*,*,#5107,.T.);
#16656 = ORIENTED_EDGE('',*,*,#16657,.T.);
#16657 = EDGE_CURVE('',#5100,#15625,#16658,.T.);
#16658 = LINE('',#16659,#16660);
#16659 = CARTESIAN_POINT('',(3.187826156616,-3.884377479553,3.));
#16660 = VECTOR('',#16661,1.);
#16661 = DIRECTION('',(0.,0.,1.));
#16662 = ORIENTED_EDGE('',*,*,#15624,.T.);
#16663 = PLANE('',#16664);
#16664 = AXIS2_PLACEMENT_3D('',#16665,#16666,#16667);
#16665 = CARTESIAN_POINT('',(2.989783287048,-4.031256198883,
    10.64999961853));
#16666 = DIRECTION('',(0.595699610441,-0.803207304574,-0.));
#16667 = DIRECTION('',(-0.803207304574,-0.595699610441,0.));
#16668 = ADVANCED_FACE('',(#16669),#16680,.T.);
#16669 = FACE_BOUND('',#16670,.T.);
#16670 = EDGE_LOOP('',(#16671,#16672,#16673,#16679));
#16671 = ORIENTED_EDGE('',*,*,#16657,.F.);
#16672 = ORIENTED_EDGE('',*,*,#5099,.T.);
#16673 = ORIENTED_EDGE('',*,*,#16674,.T.);
#16674 = EDGE_CURVE('',#5092,#15633,#16675,.T.);
#16675 = LINE('',#16676,#16677);
#16676 = CARTESIAN_POINT('',(3.553211688995,-3.553211688995,3.));
#16677 = VECTOR('',#16678,1.);
#16678 = DIRECTION('',(0.,0.,1.));
#16679 = ORIENTED_EDGE('',*,*,#15632,.T.);
#16680 = PLANE('',#16681);
#16681 = AXIS2_PLACEMENT_3D('',#16682,#16683,#16684);
#16682 = CARTESIAN_POINT('',(3.370518922806,-3.718794584274,
    10.64999961853));
#16683 = DIRECTION('',(0.67155856261,-0.740951480857,-0.));
#16684 = DIRECTION('',(-0.740951480857,-0.67155856261,0.));
#16685 = ADVANCED_FACE('',(#16686),#16697,.T.);
#16686 = FACE_BOUND('',#16687,.T.);
#16687 = EDGE_LOOP('',(#16688,#16689,#16690,#16696));
#16688 = ORIENTED_EDGE('',*,*,#16674,.F.);
#16689 = ORIENTED_EDGE('',*,*,#5091,.T.);
#16690 = ORIENTED_EDGE('',*,*,#16691,.T.);
#16691 = EDGE_CURVE('',#5084,#15641,#16692,.T.);
#16692 = LINE('',#16693,#16694);
#16693 = CARTESIAN_POINT('',(3.884377479553,-3.187826156616,3.));
#16694 = VECTOR('',#16695,1.);
#16695 = DIRECTION('',(0.,0.,1.));
#16696 = ORIENTED_EDGE('',*,*,#15640,.T.);
#16697 = PLANE('',#16698);
#16698 = AXIS2_PLACEMENT_3D('',#16699,#16700,#16701);
#16699 = CARTESIAN_POINT('',(3.718794584274,-3.370518922806,
    10.64999961853));
#16700 = DIRECTION('',(0.740951480857,-0.67155856261,0.));
#16701 = DIRECTION('',(0.67155856261,0.740951480857,0.));
#16702 = ADVANCED_FACE('',(#16703),#16714,.T.);
#16703 = FACE_BOUND('',#16704,.T.);
#16704 = EDGE_LOOP('',(#16705,#16706,#16707,#16713));
#16705 = ORIENTED_EDGE('',*,*,#16691,.F.);
#16706 = ORIENTED_EDGE('',*,*,#5083,.T.);
#16707 = ORIENTED_EDGE('',*,*,#16708,.T.);
#16708 = EDGE_CURVE('',#5076,#15649,#16709,.T.);
#16709 = LINE('',#16710,#16711);
#16710 = CARTESIAN_POINT('',(4.178134918213,-2.79174041748,3.));
#16711 = VECTOR('',#16712,1.);
#16712 = DIRECTION('',(0.,0.,1.));
#16713 = ORIENTED_EDGE('',*,*,#15648,.T.);
#16714 = PLANE('',#16715);
#16715 = AXIS2_PLACEMENT_3D('',#16716,#16717,#16718);
#16716 = CARTESIAN_POINT('',(4.031256198883,-2.989783287048,
    10.64999961853));
#16717 = DIRECTION('',(0.803207304574,-0.595699610441,0.));
#16718 = DIRECTION('',(0.595699610441,0.803207304574,0.));
#16719 = ADVANCED_FACE('',(#16720),#16731,.T.);
#16720 = FACE_BOUND('',#16721,.T.);
#16721 = EDGE_LOOP('',(#16722,#16723,#16724,#16730));
#16722 = ORIENTED_EDGE('',*,*,#16708,.F.);
#16723 = ORIENTED_EDGE('',*,*,#5075,.T.);
#16724 = ORIENTED_EDGE('',*,*,#16725,.T.);
#16725 = EDGE_CURVE('',#5068,#15657,#16726,.T.);
#16726 = LINE('',#16727,#16728);
#16727 = CARTESIAN_POINT('',(4.431654453278,-2.368768692017,3.));
#16728 = VECTOR('',#16729,1.);
#16729 = DIRECTION('',(0.,0.,1.));
#16730 = ORIENTED_EDGE('',*,*,#15656,.T.);
#16731 = PLANE('',#16732);
#16732 = AXIS2_PLACEMENT_3D('',#16733,#16734,#16735);
#16733 = CARTESIAN_POINT('',(4.304894685745,-2.580254554749,
    10.64999961853));
#16734 = DIRECTION('',(0.857728574928,-0.514102802708,0.));
#16735 = DIRECTION('',(0.514102802708,0.857728574928,0.));
#16736 = ADVANCED_FACE('',(#16737),#16748,.T.);
#16737 = FACE_BOUND('',#16738,.T.);
#16738 = EDGE_LOOP('',(#16739,#16740,#16741,#16747));
#16739 = ORIENTED_EDGE('',*,*,#16725,.F.);
#16740 = ORIENTED_EDGE('',*,*,#5067,.T.);
#16741 = ORIENTED_EDGE('',*,*,#16742,.T.);
#16742 = EDGE_CURVE('',#5060,#15665,#16743,.T.);
#16743 = LINE('',#16744,#16745);
#16744 = CARTESIAN_POINT('',(4.642494678497,-1.922984242439,3.));
#16745 = VECTOR('',#16746,1.);
#16746 = DIRECTION('',(0.,0.,1.));
#16747 = ORIENTED_EDGE('',*,*,#15664,.T.);
#16748 = PLANE('',#16749);
#16749 = AXIS2_PLACEMENT_3D('',#16750,#16751,#16752);
#16750 = CARTESIAN_POINT('',(4.537074565887,-2.145876467228,
    10.64999961853));
#16751 = DIRECTION('',(0.903989384881,-0.427554899426,0.));
#16752 = DIRECTION('',(0.427554899426,0.903989384881,0.));
#16753 = ADVANCED_FACE('',(#16754),#16765,.T.);
#16754 = FACE_BOUND('',#16755,.T.);
#16755 = EDGE_LOOP('',(#16756,#16757,#16758,#16764));
#16756 = ORIENTED_EDGE('',*,*,#16742,.F.);
#16757 = ORIENTED_EDGE('',*,*,#5059,.T.);
#16758 = ORIENTED_EDGE('',*,*,#16759,.T.);
#16759 = EDGE_CURVE('',#5052,#15673,#16760,.T.);
#16760 = LINE('',#16761,#16762);
#16761 = CARTESIAN_POINT('',(4.808625221252,-1.458680510521,3.));
#16762 = VECTOR('',#16763,1.);
#16763 = DIRECTION('',(0.,0.,1.));
#16764 = ORIENTED_EDGE('',*,*,#15672,.T.);
#16765 = PLANE('',#16766);
#16766 = AXIS2_PLACEMENT_3D('',#16767,#16768,#16769);
#16767 = CARTESIAN_POINT('',(4.725559949875,-1.69083237648,
    10.64999961853));
#16768 = DIRECTION('',(0.941544058077,-0.336889873252,0.));
#16769 = DIRECTION('',(0.336889873252,0.941544058077,0.));
#16770 = ADVANCED_FACE('',(#16771),#16782,.T.);
#16771 = FACE_BOUND('',#16772,.T.);
#16772 = EDGE_LOOP('',(#16773,#16774,#16775,#16781));
#16773 = ORIENTED_EDGE('',*,*,#16759,.F.);
#16774 = ORIENTED_EDGE('',*,*,#5051,.T.);
#16775 = ORIENTED_EDGE('',*,*,#16776,.T.);
#16776 = EDGE_CURVE('',#5044,#15681,#16777,.T.);
#16777 = LINE('',#16778,#16779);
#16778 = CARTESIAN_POINT('',(4.92844581604,-0.980328857899,3.));
#16779 = VECTOR('',#16780,1.);
#16780 = DIRECTION('',(0.,0.,1.));
#16781 = ORIENTED_EDGE('',*,*,#15680,.T.);
#16782 = PLANE('',#16783);
#16783 = AXIS2_PLACEMENT_3D('',#16784,#16785,#16786);
#16784 = CARTESIAN_POINT('',(4.868535518646,-1.21950468421,
    10.64999961853));
#16785 = DIRECTION('',(0.970031375831,-0.242979690313,0.));
#16786 = DIRECTION('',(0.242979690313,0.970031375831,0.));
#16787 = ADVANCED_FACE('',(#16788),#16799,.T.);
#16788 = FACE_BOUND('',#16789,.T.);
#16789 = EDGE_LOOP('',(#16790,#16791,#16792,#16798));
#16790 = ORIENTED_EDGE('',*,*,#16776,.F.);
#16791 = ORIENTED_EDGE('',*,*,#5043,.T.);
#16792 = ORIENTED_EDGE('',*,*,#16793,.T.);
#16793 = EDGE_CURVE('',#5036,#15689,#16794,.T.);
#16794 = LINE('',#16795,#16796);
#16795 = CARTESIAN_POINT('',(5.000803470612,-0.492536127567,3.));
#16796 = VECTOR('',#16797,1.);
#16797 = DIRECTION('',(0.,0.,1.));
#16798 = ORIENTED_EDGE('',*,*,#15688,.T.);
#16799 = PLANE('',#16800);
#16800 = AXIS2_PLACEMENT_3D('',#16801,#16802,#16803);
#16801 = CARTESIAN_POINT('',(4.964624643326,-0.736432492733,
    10.64999961853));
#16802 = DIRECTION('',(0.989176380988,-0.14673134394,0.));
#16803 = DIRECTION('',(0.14673134394,0.989176380988,0.));
#16804 = ADVANCED_FACE('',(#16805),#16816,.T.);
#16805 = FACE_BOUND('',#16806,.T.);
#16806 = EDGE_LOOP('',(#16807,#16808,#16809,#16815));
#16807 = ORIENTED_EDGE('',*,*,#16793,.F.);
#16808 = ORIENTED_EDGE('',*,*,#5035,.T.);
#16809 = ORIENTED_EDGE('',*,*,#16810,.T.);
#16810 = EDGE_CURVE('',#5028,#15697,#16811,.T.);
#16811 = LINE('',#16812,#16813);
#16812 = CARTESIAN_POINT('',(5.025000095367,0.,3.));
#16813 = VECTOR('',#16814,1.);
#16814 = DIRECTION('',(0.,0.,1.));
#16815 = ORIENTED_EDGE('',*,*,#15696,.T.);
#16816 = PLANE('',#16817);
#16817 = AXIS2_PLACEMENT_3D('',#16818,#16819,#16820);
#16818 = CARTESIAN_POINT('',(5.01290178299,-0.246268063784,
    10.64999961853));
#16819 = DIRECTION('',(0.998795468488,-4.906742430899E-02,0.));
#16820 = DIRECTION('',(4.906742430899E-02,0.998795468488,0.));
#16821 = ADVANCED_FACE('',(#16822),#16833,.T.);
#16822 = FACE_BOUND('',#16823,.T.);
#16823 = EDGE_LOOP('',(#16824,#16825,#16826,#16832));
#16824 = ORIENTED_EDGE('',*,*,#16810,.F.);
#16825 = ORIENTED_EDGE('',*,*,#5027,.T.);
#16826 = ORIENTED_EDGE('',*,*,#16827,.T.);
#16827 = EDGE_CURVE('',#5020,#15705,#16828,.T.);
#16828 = LINE('',#16829,#16830);
#16829 = CARTESIAN_POINT('',(5.000803470612,0.492536127567,3.));
#16830 = VECTOR('',#16831,1.);
#16831 = DIRECTION('',(0.,0.,1.));
#16832 = ORIENTED_EDGE('',*,*,#15704,.T.);
#16833 = PLANE('',#16834);
#16834 = AXIS2_PLACEMENT_3D('',#16835,#16836,#16837);
#16835 = CARTESIAN_POINT('',(5.01290178299,0.246268063784,10.64999961853
    ));
#16836 = DIRECTION('',(0.998795468488,4.906742430899E-02,0.));
#16837 = DIRECTION('',(-4.906742430899E-02,0.998795468488,0.));
#16838 = ADVANCED_FACE('',(#16839),#16850,.T.);
#16839 = FACE_BOUND('',#16840,.T.);
#16840 = EDGE_LOOP('',(#16841,#16842,#16843,#16849));
#16841 = ORIENTED_EDGE('',*,*,#16827,.F.);
#16842 = ORIENTED_EDGE('',*,*,#5019,.T.);
#16843 = ORIENTED_EDGE('',*,*,#16844,.T.);
#16844 = EDGE_CURVE('',#5012,#15713,#16845,.T.);
#16845 = LINE('',#16846,#16847);
#16846 = CARTESIAN_POINT('',(4.92844581604,0.980328857899,3.));
#16847 = VECTOR('',#16848,1.);
#16848 = DIRECTION('',(0.,0.,1.));
#16849 = ORIENTED_EDGE('',*,*,#15712,.T.);
#16850 = PLANE('',#16851);
#16851 = AXIS2_PLACEMENT_3D('',#16852,#16853,#16854);
#16852 = CARTESIAN_POINT('',(4.964624643326,0.736432492733,
    10.64999961853));
#16853 = DIRECTION('',(0.989176380988,0.14673134394,0.));
#16854 = DIRECTION('',(-0.14673134394,0.989176380988,0.));
#16855 = ADVANCED_FACE('',(#16856),#16867,.T.);
#16856 = FACE_BOUND('',#16857,.T.);
#16857 = EDGE_LOOP('',(#16858,#16859,#16860,#16866));
#16858 = ORIENTED_EDGE('',*,*,#16844,.F.);
#16859 = ORIENTED_EDGE('',*,*,#5011,.T.);
#16860 = ORIENTED_EDGE('',*,*,#16861,.T.);
#16861 = EDGE_CURVE('',#5004,#15721,#16862,.T.);
#16862 = LINE('',#16863,#16864);
#16863 = CARTESIAN_POINT('',(4.808625221252,1.458680510521,3.));
#16864 = VECTOR('',#16865,1.);
#16865 = DIRECTION('',(0.,0.,1.));
#16866 = ORIENTED_EDGE('',*,*,#15720,.T.);
#16867 = PLANE('',#16868);
#16868 = AXIS2_PLACEMENT_3D('',#16869,#16870,#16871);
#16869 = CARTESIAN_POINT('',(4.868535518646,1.21950468421,10.64999961853
    ));
#16870 = DIRECTION('',(0.970031375831,0.242979690313,0.));
#16871 = DIRECTION('',(-0.242979690313,0.970031375831,0.));
#16872 = ADVANCED_FACE('',(#16873),#16884,.T.);
#16873 = FACE_BOUND('',#16874,.T.);
#16874 = EDGE_LOOP('',(#16875,#16876,#16877,#16883));
#16875 = ORIENTED_EDGE('',*,*,#16861,.F.);
#16876 = ORIENTED_EDGE('',*,*,#5003,.T.);
#16877 = ORIENTED_EDGE('',*,*,#16878,.T.);
#16878 = EDGE_CURVE('',#4996,#15729,#16879,.T.);
#16879 = LINE('',#16880,#16881);
#16880 = CARTESIAN_POINT('',(4.642494678497,1.922984242439,3.));
#16881 = VECTOR('',#16882,1.);
#16882 = DIRECTION('',(0.,0.,1.));
#16883 = ORIENTED_EDGE('',*,*,#15728,.T.);
#16884 = PLANE('',#16885);
#16885 = AXIS2_PLACEMENT_3D('',#16886,#16887,#16888);
#16886 = CARTESIAN_POINT('',(4.725559949875,1.69083237648,10.64999961853
    ));
#16887 = DIRECTION('',(0.941544058077,0.336889873252,0.));
#16888 = DIRECTION('',(-0.336889873252,0.941544058077,0.));
#16889 = ADVANCED_FACE('',(#16890),#16901,.T.);
#16890 = FACE_BOUND('',#16891,.T.);
#16891 = EDGE_LOOP('',(#16892,#16893,#16894,#16900));
#16892 = ORIENTED_EDGE('',*,*,#16878,.F.);
#16893 = ORIENTED_EDGE('',*,*,#4995,.T.);
#16894 = ORIENTED_EDGE('',*,*,#16895,.T.);
#16895 = EDGE_CURVE('',#4988,#15240,#16896,.T.);
#16896 = LINE('',#16897,#16898);
#16897 = CARTESIAN_POINT('',(4.431654453278,2.368768692017,3.));
#16898 = VECTOR('',#16899,1.);
#16899 = DIRECTION('',(0.,0.,1.));
#16900 = ORIENTED_EDGE('',*,*,#15736,.T.);
#16901 = PLANE('',#16902);
#16902 = AXIS2_PLACEMENT_3D('',#16903,#16904,#16905);
#16903 = CARTESIAN_POINT('',(4.537074565887,2.145876467228,
    10.64999961853));
#16904 = DIRECTION('',(0.903989384881,0.427554899426,0.));
#16905 = DIRECTION('',(-0.427554899426,0.903989384881,0.));
#16906 = ADVANCED_FACE('',(#16907),#16913,.T.);
#16907 = FACE_BOUND('',#16908,.T.);
#16908 = EDGE_LOOP('',(#16909,#16910,#16911,#16912));
#16909 = ORIENTED_EDGE('',*,*,#16895,.F.);
#16910 = ORIENTED_EDGE('',*,*,#4987,.T.);
#16911 = ORIENTED_EDGE('',*,*,#12465,.T.);
#16912 = ORIENTED_EDGE('',*,*,#15239,.T.);
#16913 = PLANE('',#16914);
#16914 = AXIS2_PLACEMENT_3D('',#16915,#16916,#16917);
#16915 = CARTESIAN_POINT('',(4.304894685745,2.580254554749,
    10.64999961853));
#16916 = DIRECTION('',(0.857728574928,0.514102802708,0.));
#16917 = DIRECTION('',(-0.514102802708,0.857728574928,0.));
#16918 = ADVANCED_FACE('',(#16919),#16925,.T.);
#16919 = FACE_BOUND('',#16920,.T.);
#16920 = EDGE_LOOP('',(#16921,#16922,#16923,#16924));
#16921 = ORIENTED_EDGE('',*,*,#15799,.F.);
#16922 = ORIENTED_EDGE('',*,*,#14748,.F.);
#16923 = ORIENTED_EDGE('',*,*,#13246,.T.);
#16924 = ORIENTED_EDGE('',*,*,#14526,.T.);
#16925 = PLANE('',#16926);
#16926 = AXIS2_PLACEMENT_3D('',#16927,#16928,#16929);
#16927 = CARTESIAN_POINT('',(-4.579409089928,-1.147082262405,
    18.588417667888));
#16928 = DIRECTION('',(-0.686328925427,-0.171916781256,0.706680427382));
#16929 = DIRECTION('',(0.717360871876,0.,0.696701786636));
#16930 = ADVANCED_FACE('',(#16931),#16937,.T.);
#16931 = FACE_BOUND('',#16932,.T.);
#16932 = EDGE_LOOP('',(#16933,#16934,#16935,#16936));
#16933 = ORIENTED_EDGE('',*,*,#15783,.F.);
#16934 = ORIENTED_EDGE('',*,*,#15076,.T.);
#16935 = ORIENTED_EDGE('',*,*,#13334,.T.);
#16936 = ORIENTED_EDGE('',*,*,#15062,.F.);
#16937 = PLANE('',#16938);
#16938 = AXIS2_PLACEMENT_3D('',#16939,#16940,#16941);
#16939 = CARTESIAN_POINT('',(-1.147082262405,-4.579409089928,
    18.588417667888));
#16940 = DIRECTION('',(-0.171916781256,-0.686328925427,0.706680427382));
#16941 = DIRECTION('',(0.,0.717360871876,0.696701786636));
#16942 = ADVANCED_FACE('',(#16943),#16949,.T.);
#16943 = FACE_BOUND('',#16944,.T.);
#16944 = EDGE_LOOP('',(#16945,#16946,#16947,#16948));
#16945 = ORIENTED_EDGE('',*,*,#15809,.F.);
#16946 = ORIENTED_EDGE('',*,*,#14663,.F.);
#16947 = ORIENTED_EDGE('',*,*,#13206,.F.);
#16948 = ORIENTED_EDGE('',*,*,#14119,.T.);
#16949 = PLANE('',#16950);
#16950 = AXIS2_PLACEMENT_3D('',#16951,#16952,#16953);
#16951 = CARTESIAN_POINT('',(-4.579409089928,1.147082262405,
    18.588417667888));
#16952 = DIRECTION('',(-0.686328925427,0.171916781256,0.706680427382));
#16953 = DIRECTION('',(0.717360871876,0.,0.696701786636));
#16954 = ADVANCED_FACE('',(#16955),#16961,.T.);
#16955 = FACE_BOUND('',#16956,.T.);
#16956 = EDGE_LOOP('',(#16957,#16958,#16959,#16960));
#16957 = ORIENTED_EDGE('',*,*,#15825,.F.);
#16958 = ORIENTED_EDGE('',*,*,#14502,.F.);
#16959 = ORIENTED_EDGE('',*,*,#13118,.F.);
#16960 = ORIENTED_EDGE('',*,*,#13956,.T.);
#16961 = PLANE('',#16962);
#16962 = AXIS2_PLACEMENT_3D('',#16963,#16964,#16965);
#16963 = CARTESIAN_POINT('',(-1.147082262405,4.579409089928,
    18.588417667888));
#16964 = DIRECTION('',(-0.171916781256,0.686328925427,0.706680427382));
#16965 = DIRECTION('',(0.,0.717360871876,-0.696701786636));
#16966 = ADVANCED_FACE('',(#16967),#16973,.T.);
#16967 = FACE_BOUND('',#16968,.T.);
#16968 = EDGE_LOOP('',(#16969,#16970,#16971,#16972));
#16969 = ORIENTED_EDGE('',*,*,#15773,.F.);
#16970 = ORIENTED_EDGE('',*,*,#12519,.T.);
#16971 = ORIENTED_EDGE('',*,*,#13374,.T.);
#16972 = ORIENTED_EDGE('',*,*,#15225,.F.);
#16973 = PLANE('',#16974);
#16974 = AXIS2_PLACEMENT_3D('',#16975,#16976,#16977);
#16975 = CARTESIAN_POINT('',(1.147082262405,-4.579409089928,
    18.588417667888));
#16976 = DIRECTION('',(0.171916781256,-0.686328925427,0.706680427382));
#16977 = DIRECTION('',(0.,0.717360871876,0.696701786636));
#16978 = ADVANCED_FACE('',(#16979),#16985,.T.);
#16979 = FACE_BOUND('',#16980,.T.);
#16980 = EDGE_LOOP('',(#16981,#16982,#16983,#16984));
#16981 = ORIENTED_EDGE('',*,*,#12934,.F.);
#16982 = ORIENTED_EDGE('',*,*,#15757,.F.);
#16983 = ORIENTED_EDGE('',*,*,#13397,.T.);
#16984 = ORIENTED_EDGE('',*,*,#12950,.T.);
#16985 = PLANE('',#16986);
#16986 = AXIS2_PLACEMENT_3D('',#16987,#16988,#16989);
#16987 = CARTESIAN_POINT('',(4.579409089928,-1.147082262405,
    18.588417667888));
#16988 = DIRECTION('',(0.686328925427,-0.171916781256,0.706680427382));
#16989 = DIRECTION('',(0.717360871876,0.,-0.696701786636));
#16990 = ADVANCED_FACE('',(#16991),#16997,.T.);
#16991 = FACE_BOUND('',#16992,.T.);
#16992 = EDGE_LOOP('',(#16993,#16994,#16995,#16996));
#16993 = ORIENTED_EDGE('',*,*,#13078,.F.);
#16994 = ORIENTED_EDGE('',*,*,#13582,.T.);
#16995 = ORIENTED_EDGE('',*,*,#15835,.F.);
#16996 = ORIENTED_EDGE('',*,*,#14105,.F.);
#16997 = PLANE('',#16998);
#16998 = AXIS2_PLACEMENT_3D('',#16999,#17000,#17001);
#16999 = CARTESIAN_POINT('',(1.147082262405,4.579409089928,
    18.588417667888));
#17000 = DIRECTION('',(0.171916781256,0.686328925427,0.706680427382));
#17001 = DIRECTION('',(0.,0.717360871876,-0.696701786636));
#17002 = ADVANCED_FACE('',(#17003),#17009,.T.);
#17003 = FACE_BOUND('',#17004,.T.);
#17004 = EDGE_LOOP('',(#17005,#17006,#17007,#17008));
#17005 = ORIENTED_EDGE('',*,*,#13942,.T.);
#17006 = ORIENTED_EDGE('',*,*,#12990,.F.);
#17007 = ORIENTED_EDGE('',*,*,#13536,.F.);
#17008 = ORIENTED_EDGE('',*,*,#15747,.F.);
#17009 = PLANE('',#17010);
#17010 = AXIS2_PLACEMENT_3D('',#17011,#17012,#17013);
#17011 = CARTESIAN_POINT('',(4.579409089928,1.147082262405,
    18.588417667888));
#17012 = DIRECTION('',(0.686328925427,0.171916781256,0.706680427382));
#17013 = DIRECTION('',(0.717360871876,0.,-0.696701786636));
#17014 = ADVANCED_FACE('',(#17015),#17026,.T.);
#17015 = FACE_BOUND('',#17016,.T.);
#17016 = EDGE_LOOP('',(#17017,#17018,#17019,#17025));
#17017 = ORIENTED_EDGE('',*,*,#12217,.F.);
#17018 = ORIENTED_EDGE('',*,*,#7240,.F.);
#17019 = ORIENTED_EDGE('',*,*,#17020,.T.);
#17020 = EDGE_CURVE('',#7142,#4794,#17021,.T.);
#17021 = LINE('',#17022,#17023);
#17022 = CARTESIAN_POINT('',(-3.193131446838,-10.52634334564,
    0.600000023842));
#17023 = VECTOR('',#17024,1.);
#17024 = DIRECTION('',(0.,0.,1.));
#17025 = ORIENTED_EDGE('',*,*,#4793,.T.);
#17026 = PLANE('',#17027);
#17027 = AXIS2_PLACEMENT_3D('',#17028,#17029,#17030);
#17028 = CARTESIAN_POINT('',(-3.701324701309,-10.34450912475,
    1.800000011921));
#17029 = DIRECTION('',(-0.336889470541,-0.941544202169,-0.));
#17030 = DIRECTION('',(-0.941544202169,0.336889470541,0.));
#17031 = ADVANCED_FACE('',(#17032),#17043,.T.);
#17032 = FACE_BOUND('',#17033,.T.);
#17033 = EDGE_LOOP('',(#17034,#17035,#17036,#17042));
#17034 = ORIENTED_EDGE('',*,*,#17020,.F.);
#17035 = ORIENTED_EDGE('',*,*,#7171,.F.);
#17036 = ORIENTED_EDGE('',*,*,#17037,.T.);
#17037 = EDGE_CURVE('',#7172,#4802,#17038,.T.);
#17038 = LINE('',#17039,#17040);
#17039 = CARTESIAN_POINT('',(-2.145993471146,-10.78863811492,
    0.600000023842));
#17040 = VECTOR('',#17041,1.);
#17041 = DIRECTION('',(0.,0.,1.));
#17042 = ORIENTED_EDGE('',*,*,#4801,.T.);
#17043 = PLANE('',#17044);
#17044 = AXIS2_PLACEMENT_3D('',#17045,#17046,#17047);
#17045 = CARTESIAN_POINT('',(-2.669562458992,-10.65749073028,
    1.800000011921));
#17046 = DIRECTION('',(-0.242980494451,-0.970031174405,-0.));
#17047 = DIRECTION('',(-0.970031174405,0.242980494451,0.));
#17048 = ADVANCED_FACE('',(#17049),#17060,.T.);
#17049 = FACE_BOUND('',#17050,.T.);
#17050 = EDGE_LOOP('',(#17051,#17052,#17053,#17059));
#17051 = ORIENTED_EDGE('',*,*,#17037,.F.);
#17052 = ORIENTED_EDGE('',*,*,#7355,.F.);
#17053 = ORIENTED_EDGE('',*,*,#17054,.T.);
#17054 = EDGE_CURVE('',#7356,#4810,#17055,.T.);
#17055 = LINE('',#17056,#17057);
#17056 = CARTESIAN_POINT('',(-1.078188538551,-10.94703197479,
    0.600000023842));
#17057 = VECTOR('',#17058,1.);
#17058 = DIRECTION('',(0.,0.,1.));
#17059 = ORIENTED_EDGE('',*,*,#4809,.T.);
#17060 = PLANE('',#17061);
#17061 = AXIS2_PLACEMENT_3D('',#17062,#17063,#17064);
#17062 = CARTESIAN_POINT('',(-1.612091004848,-10.86783504486,
    1.800000011921));
#17063 = DIRECTION('',(-0.146730438823,-0.98917651525,-0.));
#17064 = DIRECTION('',(-0.98917651525,0.146730438823,0.));
#17065 = ADVANCED_FACE('',(#17066),#17072,.T.);
#17066 = FACE_BOUND('',#17067,.T.);
#17067 = EDGE_LOOP('',(#17068,#17069,#17070,#17071));
#17068 = ORIENTED_EDGE('',*,*,#7401,.F.);
#17069 = ORIENTED_EDGE('',*,*,#7555,.T.);
#17070 = ORIENTED_EDGE('',*,*,#7727,.T.);
#17071 = ORIENTED_EDGE('',*,*,#7772,.T.);
#17072 = PLANE('',#17073);
#17073 = AXIS2_PLACEMENT_3D('',#17074,#17075,#17076);
#17074 = CARTESIAN_POINT('',(-0.873288329425,-10.82115887127,
    0.464060943901));
#17075 = DIRECTION('',(-3.471687762107E-02,-0.706680276102,
    -0.706680780676));
#17076 = DIRECTION('',(0.,-0.707107033625,0.707106528748));
#17077 = ADVANCED_FACE('',(#17078),#17089,.T.);
#17078 = FACE_BOUND('',#17079,.T.);
#17079 = EDGE_LOOP('',(#17080,#17081,#17082,#17088));
#17080 = ORIENTED_EDGE('',*,*,#17054,.F.);
#17081 = ORIENTED_EDGE('',*,*,#7792,.F.);
#17082 = ORIENTED_EDGE('',*,*,#17083,.T.);
#17083 = EDGE_CURVE('',#7793,#4818,#17084,.T.);
#17084 = LINE('',#17085,#17086);
#17085 = CARTESIAN_POINT('',(0.,-11.,0.600000023842));
#17086 = VECTOR('',#17087,1.);
#17087 = DIRECTION('',(0.,0.,1.));
#17088 = ORIENTED_EDGE('',*,*,#4817,.T.);
#17089 = PLANE('',#17090);
#17090 = AXIS2_PLACEMENT_3D('',#17091,#17092,#17093);
#17091 = CARTESIAN_POINT('',(-0.539094269276,-10.97351598739,
    1.800000011921));
#17092 = DIRECTION('',(-4.906769174822E-02,-0.998795455349,-0.));
#17093 = DIRECTION('',(-0.998795455349,4.906769174822E-02,0.));
#17094 = ADVANCED_FACE('',(#17095),#17106,.T.);
#17095 = FACE_BOUND('',#17096,.T.);
#17096 = EDGE_LOOP('',(#17097,#17098,#17099,#17100));
#17097 = ORIENTED_EDGE('',*,*,#11735,.F.);
#17098 = ORIENTED_EDGE('',*,*,#12433,.F.);
#17099 = ORIENTED_EDGE('',*,*,#4689,.T.);
#17100 = ORIENTED_EDGE('',*,*,#17101,.T.);
#17101 = EDGE_CURVE('',#4682,#11736,#17102,.T.);
#17102 = LINE('',#17103,#17104);
#17103 = CARTESIAN_POINT('',(-10.94703197479,1.078188538551,3.));
#17104 = VECTOR('',#17105,1.);
#17105 = DIRECTION('',(0.,0.,-1.));
#17106 = PLANE('',#17107);
#17107 = AXIS2_PLACEMENT_3D('',#17108,#17109,#17110);
#17108 = CARTESIAN_POINT('',(-10.97351598739,0.539094269276,
    1.800000011921));
#17109 = DIRECTION('',(-0.998795455349,4.906769174822E-02,-0.));
#17110 = DIRECTION('',(-4.906769174822E-02,-0.998795455349,0.));
#17111 = ADVANCED_FACE('',(#17112),#17123,.T.);
#17112 = FACE_BOUND('',#17113,.T.);
#17113 = EDGE_LOOP('',(#17114,#17115,#17116,#17117));
#17114 = ORIENTED_EDGE('',*,*,#11766,.F.);
#17115 = ORIENTED_EDGE('',*,*,#17101,.F.);
#17116 = ORIENTED_EDGE('',*,*,#4681,.T.);
#17117 = ORIENTED_EDGE('',*,*,#17118,.T.);
#17118 = EDGE_CURVE('',#4674,#11758,#17119,.T.);
#17119 = LINE('',#17120,#17121);
#17120 = CARTESIAN_POINT('',(-10.78863811492,2.145993471146,3.));
#17121 = VECTOR('',#17122,1.);
#17122 = DIRECTION('',(0.,0.,-1.));
#17123 = PLANE('',#17124);
#17124 = AXIS2_PLACEMENT_3D('',#17125,#17126,#17127);
#17125 = CARTESIAN_POINT('',(-10.86783504486,1.612091004848,
    1.800000011921));
#17126 = DIRECTION('',(-0.98917651525,0.146730438823,-0.));
#17127 = DIRECTION('',(-0.146730438823,-0.98917651525,0.));
#17128 = ADVANCED_FACE('',(#17129),#17140,.T.);
#17129 = FACE_BOUND('',#17130,.T.);
#17130 = EDGE_LOOP('',(#17131,#17132,#17133,#17134));
#17131 = ORIENTED_EDGE('',*,*,#11797,.F.);
#17132 = ORIENTED_EDGE('',*,*,#17118,.F.);
#17133 = ORIENTED_EDGE('',*,*,#4673,.F.);
#17134 = ORIENTED_EDGE('',*,*,#17135,.T.);
#17135 = EDGE_CURVE('',#4666,#11798,#17136,.T.);
#17136 = LINE('',#17137,#17138);
#17137 = CARTESIAN_POINT('',(-10.52634334564,3.193131446838,3.));
#17138 = VECTOR('',#17139,1.);
#17139 = DIRECTION('',(0.,0.,-1.));
#17140 = PLANE('',#17141);
#17141 = AXIS2_PLACEMENT_3D('',#17142,#17143,#17144);
#17142 = CARTESIAN_POINT('',(-10.65749073028,2.669562458992,
    1.800000011921));
#17143 = DIRECTION('',(-0.970031174405,0.242980494451,-0.));
#17144 = DIRECTION('',(-0.242980494451,-0.970031174405,0.));
#17145 = ADVANCED_FACE('',(#17146),#17157,.T.);
#17146 = FACE_BOUND('',#17147,.T.);
#17147 = EDGE_LOOP('',(#17148,#17149,#17150,#17151));
#17148 = ORIENTED_EDGE('',*,*,#11852,.F.);
#17149 = ORIENTED_EDGE('',*,*,#17135,.F.);
#17150 = ORIENTED_EDGE('',*,*,#4665,.T.);
#17151 = ORIENTED_EDGE('',*,*,#17152,.T.);
#17152 = EDGE_CURVE('',#4658,#11853,#17153,.T.);
#17153 = LINE('',#17154,#17155);
#17154 = CARTESIAN_POINT('',(-10.16267490387,4.20951795578,3.));
#17155 = VECTOR('',#17156,1.);
#17156 = DIRECTION('',(0.,0.,-1.));
#17157 = PLANE('',#17158);
#17158 = AXIS2_PLACEMENT_3D('',#17159,#17160,#17161);
#17159 = CARTESIAN_POINT('',(-10.34450912475,3.701324701309,
    1.800000011921));
#17160 = DIRECTION('',(-0.941544202169,0.336889470541,-0.));
#17161 = DIRECTION('',(-0.336889470541,-0.941544202169,0.));
#17162 = ADVANCED_FACE('',(#17163),#17174,.T.);
#17163 = FACE_BOUND('',#17164,.T.);
#17164 = EDGE_LOOP('',(#17165,#17166,#17172,#17173));
#17165 = ORIENTED_EDGE('',*,*,#11860,.F.);
#17166 = ORIENTED_EDGE('',*,*,#17167,.T.);
#17167 = EDGE_CURVE('',#11853,#11875,#17168,.T.);
#17168 = LINE('',#17169,#17170);
#17169 = CARTESIAN_POINT('',(-10.16267490387,4.20951795578,
    0.600000023842));
#17170 = VECTOR('',#17171,1.);
#17171 = DIRECTION('',(0.427555285494,0.903989202284,0.));
#17172 = ORIENTED_EDGE('',*,*,#11874,.T.);
#17173 = ORIENTED_EDGE('',*,*,#9890,.F.);
#17174 = PLANE('',#17175);
#17175 = AXIS2_PLACEMENT_3D('',#17176,#17177,#17178);
#17176 = CARTESIAN_POINT('',(-9.665234418817,4.571315559819,
    0.304652029659));
#17177 = DIRECTION('',(-0.639601874656,0.302509308946,-0.70668066334));
#17178 = DIRECTION('',(-0.74141877965,0.,0.671042616517));
#17179 = ADVANCED_FACE('',(#17180),#17191,.T.);
#17180 = FACE_BOUND('',#17181,.T.);
#17181 = EDGE_LOOP('',(#17182,#17183,#17184,#17185));
#17182 = ORIENTED_EDGE('',*,*,#17167,.F.);
#17183 = ORIENTED_EDGE('',*,*,#17152,.F.);
#17184 = ORIENTED_EDGE('',*,*,#4657,.T.);
#17185 = ORIENTED_EDGE('',*,*,#17186,.T.);
#17186 = EDGE_CURVE('',#4650,#11875,#17187,.T.);
#17187 = LINE('',#17188,#17189);
#17188 = CARTESIAN_POINT('',(-9.701133728027,5.185364246368,3.));
#17189 = VECTOR('',#17190,1.);
#17190 = DIRECTION('',(0.,0.,-1.));
#17191 = PLANE('',#17192);
#17192 = AXIS2_PLACEMENT_3D('',#17193,#17194,#17195);
#17193 = CARTESIAN_POINT('',(-9.931904315948,4.697441101074,
    1.800000011921));
#17194 = DIRECTION('',(-0.903989202284,0.427555285494,-0.));
#17195 = DIRECTION('',(-0.427555285494,-0.903989202284,0.));
#17196 = ADVANCED_FACE('',(#17197),#17208,.T.);
#17197 = FACE_BOUND('',#17198,.T.);
#17198 = EDGE_LOOP('',(#17199,#17200,#17201,#17207));
#17199 = ORIENTED_EDGE('',*,*,#17186,.F.);
#17200 = ORIENTED_EDGE('',*,*,#4649,.T.);
#17201 = ORIENTED_EDGE('',*,*,#17202,.T.);
#17202 = EDGE_CURVE('',#4642,#11899,#17203,.T.);
#17203 = LINE('',#17204,#17205);
#17204 = CARTESIAN_POINT('',(-9.146165847778,6.111272335052,3.));
#17205 = VECTOR('',#17206,1.);
#17206 = DIRECTION('',(0.,0.,-1.));
#17207 = ORIENTED_EDGE('',*,*,#11898,.F.);
#17208 = PLANE('',#17209);
#17209 = AXIS2_PLACEMENT_3D('',#17210,#17211,#17212);
#17210 = CARTESIAN_POINT('',(-9.423649787903,5.64831829071,
    1.800000011921));
#17211 = DIRECTION('',(-0.857728638929,0.514102695929,-0.));
#17212 = DIRECTION('',(-0.514102695929,-0.857728638929,0.));
#17213 = ADVANCED_FACE('',(#17214),#17225,.T.);
#17214 = FACE_BOUND('',#17215,.T.);
#17215 = EDGE_LOOP('',(#17216,#17217,#17218,#17219));
#17216 = ORIENTED_EDGE('',*,*,#11921,.F.);
#17217 = ORIENTED_EDGE('',*,*,#17202,.F.);
#17218 = ORIENTED_EDGE('',*,*,#4641,.T.);
#17219 = ORIENTED_EDGE('',*,*,#17220,.T.);
#17220 = EDGE_CURVE('',#4634,#11922,#17221,.T.);
#17221 = LINE('',#17222,#17223);
#17222 = CARTESIAN_POINT('',(-8.503114700317,6.978326320648,3.));
#17223 = VECTOR('',#17224,1.);
#17224 = DIRECTION('',(0.,0.,-1.));
#17225 = PLANE('',#17226);
#17226 = AXIS2_PLACEMENT_3D('',#17227,#17228,#17229);
#17227 = CARTESIAN_POINT('',(-8.824640274048,6.54479932785,
    1.800000011921));
#17228 = DIRECTION('',(-0.80320749363,0.595699355529,-0.));
#17229 = DIRECTION('',(-0.595699355529,-0.80320749363,0.));
#17230 = ADVANCED_FACE('',(#17231),#17242,.T.);
#17231 = FACE_BOUND('',#17232,.T.);
#17232 = EDGE_LOOP('',(#17233,#17234,#17235,#17236));
#17233 = ORIENTED_EDGE('',*,*,#11960,.T.);
#17234 = ORIENTED_EDGE('',*,*,#17220,.F.);
#17235 = ORIENTED_EDGE('',*,*,#4633,.T.);
#17236 = ORIENTED_EDGE('',*,*,#17237,.T.);
#17237 = EDGE_CURVE('',#4626,#11961,#17238,.T.);
#17238 = LINE('',#17239,#17240);
#17239 = CARTESIAN_POINT('',(-7.77817440033,7.77817440033,3.));
#17240 = VECTOR('',#17241,1.);
#17241 = DIRECTION('',(0.,0.,-1.));
#17242 = PLANE('',#17243);
#17243 = AXIS2_PLACEMENT_3D('',#17244,#17245,#17246);
#17244 = CARTESIAN_POINT('',(-8.140644550323,7.378250360489,
    1.800000011921));
#17245 = DIRECTION('',(-0.740951006741,0.671559085717,-0.));
#17246 = DIRECTION('',(-0.671559085717,-0.740951006741,0.));
#17247 = ADVANCED_FACE('',(#17248),#17259,.T.);
#17248 = FACE_BOUND('',#17249,.T.);
#17249 = EDGE_LOOP('',(#17250,#17251,#17252,#17258));
#17250 = ORIENTED_EDGE('',*,*,#17237,.F.);
#17251 = ORIENTED_EDGE('',*,*,#4625,.T.);
#17252 = ORIENTED_EDGE('',*,*,#17253,.T.);
#17253 = EDGE_CURVE('',#4618,#12016,#17254,.T.);
#17254 = LINE('',#17255,#17256);
#17255 = CARTESIAN_POINT('',(-6.978326320648,8.503114700317,3.));
#17256 = VECTOR('',#17257,1.);
#17257 = DIRECTION('',(0.,0.,-1.));
#17258 = ORIENTED_EDGE('',*,*,#12015,.F.);
#17259 = PLANE('',#17260);
#17260 = AXIS2_PLACEMENT_3D('',#17261,#17262,#17263);
#17261 = CARTESIAN_POINT('',(-7.378250360489,8.140644550323,
    1.800000011921));
#17262 = DIRECTION('',(-0.671559085717,0.740951006741,0.));
#17263 = DIRECTION('',(0.740951006741,0.671559085717,0.));
#17264 = ADVANCED_FACE('',(#17265),#17276,.T.);
#17265 = FACE_BOUND('',#17266,.T.);
#17266 = EDGE_LOOP('',(#17267,#17268,#17269,#17270));
#17267 = ORIENTED_EDGE('',*,*,#12054,.F.);
#17268 = ORIENTED_EDGE('',*,*,#17253,.F.);
#17269 = ORIENTED_EDGE('',*,*,#4617,.T.);
#17270 = ORIENTED_EDGE('',*,*,#17271,.T.);
#17271 = EDGE_CURVE('',#4610,#12055,#17272,.T.);
#17272 = LINE('',#17273,#17274);
#17273 = CARTESIAN_POINT('',(-6.111272335052,9.146165847778,3.));
#17274 = VECTOR('',#17275,1.);
#17275 = DIRECTION('',(0.,0.,-1.));
#17276 = PLANE('',#17277);
#17277 = AXIS2_PLACEMENT_3D('',#17278,#17279,#17280);
#17278 = CARTESIAN_POINT('',(-6.54479932785,8.824640274048,
    1.800000011921));
#17279 = DIRECTION('',(-0.595699355529,0.80320749363,0.));
#17280 = DIRECTION('',(0.80320749363,0.595699355529,0.));
#17281 = ADVANCED_FACE('',(#17282),#17293,.T.);
#17282 = FACE_BOUND('',#17283,.T.);
#17283 = EDGE_LOOP('',(#17284,#17285,#17286,#17287));
#17284 = ORIENTED_EDGE('',*,*,#12085,.F.);
#17285 = ORIENTED_EDGE('',*,*,#17271,.F.);
#17286 = ORIENTED_EDGE('',*,*,#4609,.F.);
#17287 = ORIENTED_EDGE('',*,*,#17288,.T.);
#17288 = EDGE_CURVE('',#4602,#12077,#17289,.T.);
#17289 = LINE('',#17290,#17291);
#17290 = CARTESIAN_POINT('',(-5.185364246368,9.701133728027,3.));
#17291 = VECTOR('',#17292,1.);
#17292 = DIRECTION('',(0.,0.,-1.));
#17293 = PLANE('',#17294);
#17294 = AXIS2_PLACEMENT_3D('',#17295,#17296,#17297);
#17295 = CARTESIAN_POINT('',(-5.64831829071,9.423649787903,
    1.800000011921));
#17296 = DIRECTION('',(-0.514102695929,0.857728638929,0.));
#17297 = DIRECTION('',(0.857728638929,0.514102695929,0.));
#17298 = ADVANCED_FACE('',(#17299),#17310,.T.);
#17299 = FACE_BOUND('',#17300,.T.);
#17300 = EDGE_LOOP('',(#17301,#17302,#17303,#17309));
#17301 = ORIENTED_EDGE('',*,*,#9946,.F.);
#17302 = ORIENTED_EDGE('',*,*,#12101,.F.);
#17303 = ORIENTED_EDGE('',*,*,#17304,.T.);
#17304 = EDGE_CURVE('',#12077,#1442,#17305,.T.);
#17305 = LINE('',#17306,#17307);
#17306 = CARTESIAN_POINT('',(-5.185364246368,9.701133728027,
    0.600000023842));
#17307 = VECTOR('',#17308,1.);
#17308 = DIRECTION('',(0.903989202284,0.427555285494,0.));
#17309 = ORIENTED_EDGE('',*,*,#1441,.T.);
#17310 = PLANE('',#17311);
#17311 = AXIS2_PLACEMENT_3D('',#17312,#17313,#17314);
#17312 = CARTESIAN_POINT('',(-4.571315559819,9.665234418817,
    0.304652029659));
#17313 = DIRECTION('',(-0.302509308946,0.639601874656,-0.70668066334));
#17314 = DIRECTION('',(-2.775557561563E-17,-0.74141877965,
    -0.671042616517));
#17315 = ADVANCED_FACE('',(#17316),#17327,.T.);
#17316 = FACE_BOUND('',#17317,.T.);
#17317 = EDGE_LOOP('',(#17318,#17319,#17320,#17326));
#17318 = ORIENTED_EDGE('',*,*,#17288,.F.);
#17319 = ORIENTED_EDGE('',*,*,#4601,.T.);
#17320 = ORIENTED_EDGE('',*,*,#17321,.T.);
#17321 = EDGE_CURVE('',#4594,#1442,#17322,.T.);
#17322 = LINE('',#17323,#17324);
#17323 = CARTESIAN_POINT('',(-4.20951795578,10.16267490387,3.));
#17324 = VECTOR('',#17325,1.);
#17325 = DIRECTION('',(0.,0.,-1.));
#17326 = ORIENTED_EDGE('',*,*,#17304,.F.);
#17327 = PLANE('',#17328);
#17328 = AXIS2_PLACEMENT_3D('',#17329,#17330,#17331);
#17329 = CARTESIAN_POINT('',(-4.697441101074,9.931904315948,
    1.800000011921));
#17330 = DIRECTION('',(-0.427555285494,0.903989202284,0.));
#17331 = DIRECTION('',(0.903989202284,0.427555285494,0.));
#17332 = ADVANCED_FACE('',(#17333),#17344,.T.);
#17333 = FACE_BOUND('',#17334,.T.);
#17334 = EDGE_LOOP('',(#17335,#17336,#17337,#17338));
#17335 = ORIENTED_EDGE('',*,*,#1451,.F.);
#17336 = ORIENTED_EDGE('',*,*,#17321,.F.);
#17337 = ORIENTED_EDGE('',*,*,#4593,.T.);
#17338 = ORIENTED_EDGE('',*,*,#17339,.T.);
#17339 = EDGE_CURVE('',#4586,#1452,#17340,.T.);
#17340 = LINE('',#17341,#17342);
#17341 = CARTESIAN_POINT('',(-3.193131446838,10.526343345642,3.));
#17342 = VECTOR('',#17343,1.);
#17343 = DIRECTION('',(0.,0.,-1.));
#17344 = PLANE('',#17345);
#17345 = AXIS2_PLACEMENT_3D('',#17346,#17347,#17348);
#17346 = CARTESIAN_POINT('',(-3.701324701309,10.344509124756,
    1.800000011921));
#17347 = DIRECTION('',(-0.336889470541,0.941544202169,0.));
#17348 = DIRECTION('',(0.941544202169,0.336889470541,0.));
#17349 = ADVANCED_FACE('',(#17350),#17361,.T.);
#17350 = FACE_BOUND('',#17351,.T.);
#17351 = EDGE_LOOP('',(#17352,#17353,#17354,#17360));
#17352 = ORIENTED_EDGE('',*,*,#17339,.F.);
#17353 = ORIENTED_EDGE('',*,*,#4585,.T.);
#17354 = ORIENTED_EDGE('',*,*,#17355,.T.);
#17355 = EDGE_CURVE('',#4578,#1535,#17356,.T.);
#17356 = LINE('',#17357,#17358);
#17357 = CARTESIAN_POINT('',(-2.145993471146,10.788638114929,3.));
#17358 = VECTOR('',#17359,1.);
#17359 = DIRECTION('',(0.,0.,-1.));
#17360 = ORIENTED_EDGE('',*,*,#1534,.F.);
#17361 = PLANE('',#17362);
#17362 = AXIS2_PLACEMENT_3D('',#17363,#17364,#17365);
#17363 = CARTESIAN_POINT('',(-2.669562458992,10.657490730286,
    1.800000011921));
#17364 = DIRECTION('',(-0.242980494451,0.970031174405,0.));
#17365 = DIRECTION('',(0.970031174405,0.242980494451,0.));
#17366 = ADVANCED_FACE('',(#17367),#17378,.T.);
#17367 = FACE_BOUND('',#17368,.T.);
#17368 = EDGE_LOOP('',(#17369,#17370,#17371,#17372));
#17369 = ORIENTED_EDGE('',*,*,#1642,.F.);
#17370 = ORIENTED_EDGE('',*,*,#17355,.F.);
#17371 = ORIENTED_EDGE('',*,*,#4577,.T.);
#17372 = ORIENTED_EDGE('',*,*,#17373,.T.);
#17373 = EDGE_CURVE('',#4570,#1643,#17374,.T.);
#17374 = LINE('',#17375,#17376);
#17375 = CARTESIAN_POINT('',(-1.078188538551,10.947031974792,3.));
#17376 = VECTOR('',#17377,1.);
#17377 = DIRECTION('',(0.,0.,-1.));
#17378 = PLANE('',#17379);
#17379 = AXIS2_PLACEMENT_3D('',#17380,#17381,#17382);
#17380 = CARTESIAN_POINT('',(-1.612091004848,10.867835044861,
    1.800000011921));
#17381 = DIRECTION('',(-0.146730438823,0.98917651525,0.));
#17382 = DIRECTION('',(0.98917651525,0.146730438823,0.));
#17383 = ADVANCED_FACE('',(#17384),#17390,.T.);
#17384 = FACE_BOUND('',#17385,.T.);
#17385 = EDGE_LOOP('',(#17386,#17387,#17388,#17389));
#17386 = ORIENTED_EDGE('',*,*,#1688,.F.);
#17387 = ORIENTED_EDGE('',*,*,#1974,.T.);
#17388 = ORIENTED_EDGE('',*,*,#1937,.T.);
#17389 = ORIENTED_EDGE('',*,*,#1891,.T.);
#17390 = PLANE('',#17391);
#17391 = AXIS2_PLACEMENT_3D('',#17392,#17393,#17394);
#17392 = CARTESIAN_POINT('',(-0.873288329425,10.821158871276,
    0.464060943901));
#17393 = DIRECTION('',(-3.471687762107E-02,0.706680276102,
    -0.706680780676));
#17394 = DIRECTION('',(0.,-0.707107033625,-0.707106528748));
#17395 = ADVANCED_FACE('',(#17396),#17407,.T.);
#17396 = FACE_BOUND('',#17397,.T.);
#17397 = EDGE_LOOP('',(#17398,#17399,#17400,#17406));
#17398 = ORIENTED_EDGE('',*,*,#17373,.F.);
#17399 = ORIENTED_EDGE('',*,*,#4569,.T.);
#17400 = ORIENTED_EDGE('',*,*,#17401,.T.);
#17401 = EDGE_CURVE('',#4562,#1981,#17402,.T.);
#17402 = LINE('',#17403,#17404);
#17403 = CARTESIAN_POINT('',(0.,11.,3.));
#17404 = VECTOR('',#17405,1.);
#17405 = DIRECTION('',(0.,0.,-1.));
#17406 = ORIENTED_EDGE('',*,*,#1980,.F.);
#17407 = PLANE('',#17408);
#17408 = AXIS2_PLACEMENT_3D('',#17409,#17410,#17411);
#17409 = CARTESIAN_POINT('',(-0.539094269276,10.973515987396,
    1.800000011921));
#17410 = DIRECTION('',(-4.906769174822E-02,0.998795455349,0.));
#17411 = DIRECTION('',(0.998795455349,4.906769174822E-02,0.));
#17412 = ADVANCED_FACE('',(#17413),#17419,.T.);
#17413 = FACE_BOUND('',#17414,.T.);
#17414 = EDGE_LOOP('',(#17415,#17416,#17417,#17418));
#17415 = ORIENTED_EDGE('',*,*,#7893,.F.);
#17416 = ORIENTED_EDGE('',*,*,#8072,.T.);
#17417 = ORIENTED_EDGE('',*,*,#8118,.T.);
#17418 = ORIENTED_EDGE('',*,*,#8241,.T.);
#17419 = PLANE('',#17420);
#17420 = AXIS2_PLACEMENT_3D('',#17421,#17422,#17423);
#17421 = CARTESIAN_POINT('',(0.873288329425,-10.82115887127,
    0.464060943901));
#17422 = DIRECTION('',(3.471687762107E-02,-0.706680276102,
    -0.706680780676));
#17423 = DIRECTION('',(0.,-0.707107033625,0.707106528748));
#17424 = ADVANCED_FACE('',(#17425),#17436,.T.);
#17425 = FACE_BOUND('',#17426,.T.);
#17426 = EDGE_LOOP('',(#17427,#17428,#17429,#17435));
#17427 = ORIENTED_EDGE('',*,*,#17083,.F.);
#17428 = ORIENTED_EDGE('',*,*,#7884,.F.);
#17429 = ORIENTED_EDGE('',*,*,#17430,.T.);
#17430 = EDGE_CURVE('',#7885,#4826,#17431,.T.);
#17431 = LINE('',#17432,#17433);
#17432 = CARTESIAN_POINT('',(1.078188538551,-10.94703197479,
    0.600000023842));
#17433 = VECTOR('',#17434,1.);
#17434 = DIRECTION('',(0.,0.,1.));
#17435 = ORIENTED_EDGE('',*,*,#4825,.T.);
#17436 = PLANE('',#17437);
#17437 = AXIS2_PLACEMENT_3D('',#17438,#17439,#17440);
#17438 = CARTESIAN_POINT('',(0.539094269276,-10.97351598739,
    1.800000011921));
#17439 = DIRECTION('',(4.906769174822E-02,-0.998795455349,-0.));
#17440 = DIRECTION('',(-0.998795455349,-4.906769174822E-02,0.));
#17441 = ADVANCED_FACE('',(#17442),#17453,.T.);
#17442 = FACE_BOUND('',#17443,.T.);
#17443 = EDGE_LOOP('',(#17444,#17445,#17451,#17452));
#17444 = ORIENTED_EDGE('',*,*,#8282,.F.);
#17445 = ORIENTED_EDGE('',*,*,#17446,.T.);
#17446 = EDGE_CURVE('',#8158,#4834,#17447,.T.);
#17447 = LINE('',#17448,#17449);
#17448 = CARTESIAN_POINT('',(2.145993471146,-10.78863811492,
    0.600000023842));
#17449 = VECTOR('',#17450,1.);
#17450 = DIRECTION('',(0.,0.,1.));
#17451 = ORIENTED_EDGE('',*,*,#4833,.T.);
#17452 = ORIENTED_EDGE('',*,*,#17430,.F.);
#17453 = PLANE('',#17454);
#17454 = AXIS2_PLACEMENT_3D('',#17455,#17456,#17457);
#17455 = CARTESIAN_POINT('',(1.612091004848,-10.86783504486,
    1.800000011921));
#17456 = DIRECTION('',(0.146730438823,-0.98917651525,-0.));
#17457 = DIRECTION('',(-0.98917651525,-0.146730438823,0.));
#17458 = ADVANCED_FACE('',(#17459),#17470,.T.);
#17459 = FACE_BOUND('',#17460,.T.);
#17460 = EDGE_LOOP('',(#17461,#17462,#17463,#17469));
#17461 = ORIENTED_EDGE('',*,*,#17446,.F.);
#17462 = ORIENTED_EDGE('',*,*,#8321,.F.);
#17463 = ORIENTED_EDGE('',*,*,#17464,.T.);
#17464 = EDGE_CURVE('',#8322,#4842,#17465,.T.);
#17465 = LINE('',#17466,#17467);
#17466 = CARTESIAN_POINT('',(3.193131446838,-10.52634334564,
    0.600000023842));
#17467 = VECTOR('',#17468,1.);
#17468 = DIRECTION('',(0.,0.,1.));
#17469 = ORIENTED_EDGE('',*,*,#4841,.T.);
#17470 = PLANE('',#17471);
#17471 = AXIS2_PLACEMENT_3D('',#17472,#17473,#17474);
#17472 = CARTESIAN_POINT('',(2.669562458992,-10.65749073028,
    1.800000011921));
#17473 = DIRECTION('',(0.242980494451,-0.970031174405,-0.));
#17474 = DIRECTION('',(-0.970031174405,-0.242980494451,0.));
#17475 = ADVANCED_FACE('',(#17476),#17487,.T.);
#17476 = FACE_BOUND('',#17477,.T.);
#17477 = EDGE_LOOP('',(#17478,#17479,#17480,#17486));
#17478 = ORIENTED_EDGE('',*,*,#17464,.F.);
#17479 = ORIENTED_EDGE('',*,*,#8413,.F.);
#17480 = ORIENTED_EDGE('',*,*,#17481,.T.);
#17481 = EDGE_CURVE('',#8414,#4850,#17482,.T.);
#17482 = LINE('',#17483,#17484);
#17483 = CARTESIAN_POINT('',(4.20951795578,-10.16267490387,
    0.600000023842));
#17484 = VECTOR('',#17485,1.);
#17485 = DIRECTION('',(0.,0.,1.));
#17486 = ORIENTED_EDGE('',*,*,#4849,.T.);
#17487 = PLANE('',#17488);
#17488 = AXIS2_PLACEMENT_3D('',#17489,#17490,#17491);
#17489 = CARTESIAN_POINT('',(3.701324701309,-10.34450912475,
    1.800000011921));
#17490 = DIRECTION('',(0.336889470541,-0.941544202169,-0.));
#17491 = DIRECTION('',(-0.941544202169,-0.336889470541,0.));
#17492 = ADVANCED_FACE('',(#17493),#17504,.T.);
#17493 = FACE_BOUND('',#17494,.T.);
#17494 = EDGE_LOOP('',(#17495,#17496,#17497,#17498));
#17495 = ORIENTED_EDGE('',*,*,#8422,.F.);
#17496 = ORIENTED_EDGE('',*,*,#9518,.F.);
#17497 = ORIENTED_EDGE('',*,*,#10410,.T.);
#17498 = ORIENTED_EDGE('',*,*,#17499,.T.);
#17499 = EDGE_CURVE('',#10403,#8414,#17500,.T.);
#17500 = LINE('',#17501,#17502);
#17501 = CARTESIAN_POINT('',(5.185364246368,-9.701133728027,
    0.600000023842));
#17502 = VECTOR('',#17503,1.);
#17503 = DIRECTION('',(-0.903989202284,-0.427555285494,0.));
#17504 = PLANE('',#17505);
#17505 = AXIS2_PLACEMENT_3D('',#17506,#17507,#17508);
#17506 = CARTESIAN_POINT('',(4.571315559819,-9.665234418817,
    0.304652029659));
#17507 = DIRECTION('',(0.302509308946,-0.639601874656,-0.70668066334));
#17508 = DIRECTION('',(-2.775557561563E-17,-0.74141877965,0.671042616517
    ));
#17509 = ADVANCED_FACE('',(#17510),#17521,.T.);
#17510 = FACE_BOUND('',#17511,.T.);
#17511 = EDGE_LOOP('',(#17512,#17513,#17514,#17520));
#17512 = ORIENTED_EDGE('',*,*,#17481,.F.);
#17513 = ORIENTED_EDGE('',*,*,#17499,.F.);
#17514 = ORIENTED_EDGE('',*,*,#17515,.T.);
#17515 = EDGE_CURVE('',#10403,#4858,#17516,.T.);
#17516 = LINE('',#17517,#17518);
#17517 = CARTESIAN_POINT('',(5.185364246368,-9.701133728027,
    0.600000023842));
#17518 = VECTOR('',#17519,1.);
#17519 = DIRECTION('',(0.,0.,1.));
#17520 = ORIENTED_EDGE('',*,*,#4857,.T.);
#17521 = PLANE('',#17522);
#17522 = AXIS2_PLACEMENT_3D('',#17523,#17524,#17525);
#17523 = CARTESIAN_POINT('',(4.697441101074,-9.931904315948,
    1.800000011921));
#17524 = DIRECTION('',(0.427555285494,-0.903989202284,-0.));
#17525 = DIRECTION('',(-0.903989202284,-0.427555285494,0.));
#17526 = ADVANCED_FACE('',(#17527),#17538,.T.);
#17527 = FACE_BOUND('',#17528,.T.);
#17528 = EDGE_LOOP('',(#17529,#17530,#17531,#17537));
#17529 = ORIENTED_EDGE('',*,*,#17515,.F.);
#17530 = ORIENTED_EDGE('',*,*,#10425,.F.);
#17531 = ORIENTED_EDGE('',*,*,#17532,.T.);
#17532 = EDGE_CURVE('',#10426,#4866,#17533,.T.);
#17533 = LINE('',#17534,#17535);
#17534 = CARTESIAN_POINT('',(6.111272335052,-9.146165847778,
    0.600000023842));
#17535 = VECTOR('',#17536,1.);
#17536 = DIRECTION('',(0.,0.,1.));
#17537 = ORIENTED_EDGE('',*,*,#4865,.T.);
#17538 = PLANE('',#17539);
#17539 = AXIS2_PLACEMENT_3D('',#17540,#17541,#17542);
#17540 = CARTESIAN_POINT('',(5.64831829071,-9.423649787903,
    1.800000011921));
#17541 = DIRECTION('',(0.514102695929,-0.857728638929,-0.));
#17542 = DIRECTION('',(-0.857728638929,-0.514102695929,0.));
#17543 = ADVANCED_FACE('',(#17544),#17555,.T.);
#17544 = FACE_BOUND('',#17545,.T.);
#17545 = EDGE_LOOP('',(#17546,#17547,#17548,#17554));
#17546 = ORIENTED_EDGE('',*,*,#17532,.F.);
#17547 = ORIENTED_EDGE('',*,*,#10448,.F.);
#17548 = ORIENTED_EDGE('',*,*,#17549,.T.);
#17549 = EDGE_CURVE('',#10449,#4874,#17550,.T.);
#17550 = LINE('',#17551,#17552);
#17551 = CARTESIAN_POINT('',(6.978326320648,-8.503114700317,
    0.600000023842));
#17552 = VECTOR('',#17553,1.);
#17553 = DIRECTION('',(0.,0.,1.));
#17554 = ORIENTED_EDGE('',*,*,#4873,.T.);
#17555 = PLANE('',#17556);
#17556 = AXIS2_PLACEMENT_3D('',#17557,#17558,#17559);
#17557 = CARTESIAN_POINT('',(6.54479932785,-8.824640274048,
    1.800000011921));
#17558 = DIRECTION('',(0.595699355529,-0.80320749363,-0.));
#17559 = DIRECTION('',(-0.80320749363,-0.595699355529,0.));
#17560 = ADVANCED_FACE('',(#17561),#17572,.T.);
#17561 = FACE_BOUND('',#17562,.T.);
#17562 = EDGE_LOOP('',(#17563,#17564,#17565,#17571));
#17563 = ORIENTED_EDGE('',*,*,#17549,.F.);
#17564 = ORIENTED_EDGE('',*,*,#10487,.F.);
#17565 = ORIENTED_EDGE('',*,*,#17566,.T.);
#17566 = EDGE_CURVE('',#10488,#4882,#17567,.T.);
#17567 = LINE('',#17568,#17569);
#17568 = CARTESIAN_POINT('',(7.77817440033,-7.77817440033,0.600000023842
    ));
#17569 = VECTOR('',#17570,1.);
#17570 = DIRECTION('',(0.,0.,1.));
#17571 = ORIENTED_EDGE('',*,*,#4881,.T.);
#17572 = PLANE('',#17573);
#17573 = AXIS2_PLACEMENT_3D('',#17574,#17575,#17576);
#17574 = CARTESIAN_POINT('',(7.378250360489,-8.140644550323,
    1.800000011921));
#17575 = DIRECTION('',(0.671559085717,-0.740951006741,-0.));
#17576 = DIRECTION('',(-0.740951006741,-0.671559085717,0.));
#17577 = ADVANCED_FACE('',(#17578),#17589,.T.);
#17578 = FACE_BOUND('',#17579,.T.);
#17579 = EDGE_LOOP('',(#17580,#17581,#17582,#17588));
#17580 = ORIENTED_EDGE('',*,*,#17566,.F.);
#17581 = ORIENTED_EDGE('',*,*,#10542,.F.);
#17582 = ORIENTED_EDGE('',*,*,#17583,.T.);
#17583 = EDGE_CURVE('',#10543,#4890,#17584,.T.);
#17584 = LINE('',#17585,#17586);
#17585 = CARTESIAN_POINT('',(8.503114700317,-6.978326320648,
    0.600000023842));
#17586 = VECTOR('',#17587,1.);
#17587 = DIRECTION('',(0.,0.,1.));
#17588 = ORIENTED_EDGE('',*,*,#4889,.T.);
#17589 = PLANE('',#17590);
#17590 = AXIS2_PLACEMENT_3D('',#17591,#17592,#17593);
#17591 = CARTESIAN_POINT('',(8.140644550323,-7.378250360489,
    1.800000011921));
#17592 = DIRECTION('',(0.740951006741,-0.671559085717,0.));
#17593 = DIRECTION('',(0.671559085717,0.740951006741,0.));
#17594 = ADVANCED_FACE('',(#17595),#17606,.T.);
#17595 = FACE_BOUND('',#17596,.T.);
#17596 = EDGE_LOOP('',(#17597,#17598,#17599,#17605));
#17597 = ORIENTED_EDGE('',*,*,#17583,.F.);
#17598 = ORIENTED_EDGE('',*,*,#10581,.F.);
#17599 = ORIENTED_EDGE('',*,*,#17600,.T.);
#17600 = EDGE_CURVE('',#10582,#4898,#17601,.T.);
#17601 = LINE('',#17602,#17603);
#17602 = CARTESIAN_POINT('',(9.146165847778,-6.111272335052,
    0.600000023842));
#17603 = VECTOR('',#17604,1.);
#17604 = DIRECTION('',(0.,0.,1.));
#17605 = ORIENTED_EDGE('',*,*,#4897,.T.);
#17606 = PLANE('',#17607);
#17607 = AXIS2_PLACEMENT_3D('',#17608,#17609,#17610);
#17608 = CARTESIAN_POINT('',(8.824640274048,-6.54479932785,
    1.800000011921));
#17609 = DIRECTION('',(0.80320749363,-0.595699355529,0.));
#17610 = DIRECTION('',(0.595699355529,0.80320749363,0.));
#17611 = ADVANCED_FACE('',(#17612),#17623,.T.);
#17612 = FACE_BOUND('',#17613,.T.);
#17613 = EDGE_LOOP('',(#17614,#17615,#17616,#17622));
#17614 = ORIENTED_EDGE('',*,*,#17600,.F.);
#17615 = ORIENTED_EDGE('',*,*,#10613,.F.);
#17616 = ORIENTED_EDGE('',*,*,#17617,.T.);
#17617 = EDGE_CURVE('',#10606,#4906,#17618,.T.);
#17618 = LINE('',#17619,#17620);
#17619 = CARTESIAN_POINT('',(9.701133728027,-5.185364246368,
    0.600000023842));
#17620 = VECTOR('',#17621,1.);
#17621 = DIRECTION('',(0.,0.,1.));
#17622 = ORIENTED_EDGE('',*,*,#4905,.T.);
#17623 = PLANE('',#17624);
#17624 = AXIS2_PLACEMENT_3D('',#17625,#17626,#17627);
#17625 = CARTESIAN_POINT('',(9.423649787903,-5.64831829071,
    1.800000011921));
#17626 = DIRECTION('',(0.857728638929,-0.514102695929,0.));
#17627 = DIRECTION('',(0.514102695929,0.857728638929,0.));
#17628 = ADVANCED_FACE('',(#17629),#17640,.T.);
#17629 = FACE_BOUND('',#17630,.T.);
#17630 = EDGE_LOOP('',(#17631,#17632,#17633,#17634));
#17631 = ORIENTED_EDGE('',*,*,#10629,.F.);
#17632 = ORIENTED_EDGE('',*,*,#9462,.F.);
#17633 = ORIENTED_EDGE('',*,*,#10083,.T.);
#17634 = ORIENTED_EDGE('',*,*,#17635,.T.);
#17635 = EDGE_CURVE('',#10084,#10606,#17636,.T.);
#17636 = LINE('',#17637,#17638);
#17637 = CARTESIAN_POINT('',(10.16267490387,-4.20951795578,
    0.600000023842));
#17638 = VECTOR('',#17639,1.);
#17639 = DIRECTION('',(-0.427555285494,-0.903989202284,0.));
#17640 = PLANE('',#17641);
#17641 = AXIS2_PLACEMENT_3D('',#17642,#17643,#17644);
#17642 = CARTESIAN_POINT('',(9.665234418817,-4.571315559819,
    0.304652029659));
#17643 = DIRECTION('',(0.639601874656,-0.302509308946,-0.70668066334));
#17644 = DIRECTION('',(-0.74141877965,-2.775557561563E-17,
    -0.671042616517));
#17645 = ADVANCED_FACE('',(#17646),#17657,.T.);
#17646 = FACE_BOUND('',#17647,.T.);
#17647 = EDGE_LOOP('',(#17648,#17649,#17650,#17656));
#17648 = ORIENTED_EDGE('',*,*,#17617,.F.);
#17649 = ORIENTED_EDGE('',*,*,#17635,.F.);
#17650 = ORIENTED_EDGE('',*,*,#17651,.T.);
#17651 = EDGE_CURVE('',#10084,#4914,#17652,.T.);
#17652 = LINE('',#17653,#17654);
#17653 = CARTESIAN_POINT('',(10.16267490387,-4.20951795578,
    0.600000023842));
#17654 = VECTOR('',#17655,1.);
#17655 = DIRECTION('',(0.,0.,1.));
#17656 = ORIENTED_EDGE('',*,*,#4913,.T.);
#17657 = PLANE('',#17658);
#17658 = AXIS2_PLACEMENT_3D('',#17659,#17660,#17661);
#17659 = CARTESIAN_POINT('',(9.931904315948,-4.697441101074,
    1.800000011921));
#17660 = DIRECTION('',(0.903989202284,-0.427555285494,0.));
#17661 = DIRECTION('',(0.427555285494,0.903989202284,0.));
#17662 = ADVANCED_FACE('',(#17663),#17674,.T.);
#17663 = FACE_BOUND('',#17664,.T.);
#17664 = EDGE_LOOP('',(#17665,#17666,#17667,#17673));
#17665 = ORIENTED_EDGE('',*,*,#17651,.F.);
#17666 = ORIENTED_EDGE('',*,*,#10099,.F.);
#17667 = ORIENTED_EDGE('',*,*,#17668,.T.);
#17668 = EDGE_CURVE('',#10092,#4922,#17669,.T.);
#17669 = LINE('',#17670,#17671);
#17670 = CARTESIAN_POINT('',(10.526343345642,-3.193131446838,
    0.600000023842));
#17671 = VECTOR('',#17672,1.);
#17672 = DIRECTION('',(0.,0.,1.));
#17673 = ORIENTED_EDGE('',*,*,#4921,.T.);
#17674 = PLANE('',#17675);
#17675 = AXIS2_PLACEMENT_3D('',#17676,#17677,#17678);
#17676 = CARTESIAN_POINT('',(10.344509124756,-3.701324701309,
    1.800000011921));
#17677 = DIRECTION('',(0.941544202169,-0.336889470541,0.));
#17678 = DIRECTION('',(0.336889470541,0.941544202169,0.));
#17679 = ADVANCED_FACE('',(#17680),#17691,.T.);
#17680 = FACE_BOUND('',#17681,.T.);
#17681 = EDGE_LOOP('',(#17682,#17683,#17684,#17690));
#17682 = ORIENTED_EDGE('',*,*,#17668,.F.);
#17683 = ORIENTED_EDGE('',*,*,#10145,.F.);
#17684 = ORIENTED_EDGE('',*,*,#17685,.T.);
#17685 = EDGE_CURVE('',#10146,#4930,#17686,.T.);
#17686 = LINE('',#17687,#17688);
#17687 = CARTESIAN_POINT('',(10.788638114929,-2.145993471146,
    0.600000023842));
#17688 = VECTOR('',#17689,1.);
#17689 = DIRECTION('',(0.,0.,1.));
#17690 = ORIENTED_EDGE('',*,*,#4929,.T.);
#17691 = PLANE('',#17692);
#17692 = AXIS2_PLACEMENT_3D('',#17693,#17694,#17695);
#17693 = CARTESIAN_POINT('',(10.657490730286,-2.669562458992,
    1.800000011921));
#17694 = DIRECTION('',(0.970031174405,-0.242980494451,0.));
#17695 = DIRECTION('',(0.242980494451,0.970031174405,0.));
#17696 = ADVANCED_FACE('',(#17697),#17708,.T.);
#17697 = FACE_BOUND('',#17698,.T.);
#17698 = EDGE_LOOP('',(#17699,#17700,#17701,#17707));
#17699 = ORIENTED_EDGE('',*,*,#17685,.F.);
#17700 = ORIENTED_EDGE('',*,*,#10184,.F.);
#17701 = ORIENTED_EDGE('',*,*,#17702,.T.);
#17702 = EDGE_CURVE('',#10185,#4938,#17703,.T.);
#17703 = LINE('',#17704,#17705);
#17704 = CARTESIAN_POINT('',(10.947031974792,-1.078188538551,
    0.600000023842));
#17705 = VECTOR('',#17706,1.);
#17706 = DIRECTION('',(0.,0.,1.));
#17707 = ORIENTED_EDGE('',*,*,#4937,.T.);
#17708 = PLANE('',#17709);
#17709 = AXIS2_PLACEMENT_3D('',#17710,#17711,#17712);
#17710 = CARTESIAN_POINT('',(10.867835044861,-1.612091004848,
    1.800000011921));
#17711 = DIRECTION('',(0.98917651525,-0.146730438823,0.));
#17712 = DIRECTION('',(0.146730438823,0.98917651525,0.));
#17713 = ADVANCED_FACE('',(#17714),#17725,.T.);
#17714 = FACE_BOUND('',#17715,.T.);
#17715 = EDGE_LOOP('',(#17716,#17717,#17718,#17724));
#17716 = ORIENTED_EDGE('',*,*,#17702,.F.);
#17717 = ORIENTED_EDGE('',*,*,#10216,.F.);
#17718 = ORIENTED_EDGE('',*,*,#17719,.T.);
#17719 = EDGE_CURVE('',#10209,#4946,#17720,.T.);
#17720 = LINE('',#17721,#17722);
#17721 = CARTESIAN_POINT('',(11.,0.,0.600000023842));
#17722 = VECTOR('',#17723,1.);
#17723 = DIRECTION('',(0.,0.,1.));
#17724 = ORIENTED_EDGE('',*,*,#4945,.T.);
#17725 = PLANE('',#17726);
#17726 = AXIS2_PLACEMENT_3D('',#17727,#17728,#17729);
#17727 = CARTESIAN_POINT('',(10.973515987396,-0.539094269276,
    1.800000011921));
#17728 = DIRECTION('',(0.998795455349,-4.906769174822E-02,0.));
#17729 = DIRECTION('',(4.906769174822E-02,0.998795455349,0.));
#17730 = ADVANCED_FACE('',(#17731),#17737,.T.);
#17731 = FACE_BOUND('',#17732,.T.);
#17732 = EDGE_LOOP('',(#17733,#17734,#17735,#17736));
#17733 = ORIENTED_EDGE('',*,*,#2095,.F.);
#17734 = ORIENTED_EDGE('',*,*,#2319,.T.);
#17735 = ORIENTED_EDGE('',*,*,#2639,.T.);
#17736 = ORIENTED_EDGE('',*,*,#2282,.T.);
#17737 = PLANE('',#17738);
#17738 = AXIS2_PLACEMENT_3D('',#17739,#17740,#17741);
#17739 = CARTESIAN_POINT('',(0.873288329425,10.821158871276,
    0.464060943901));
#17740 = DIRECTION('',(3.471687762107E-02,0.706680276102,-0.706680780676
    ));
#17741 = DIRECTION('',(0.,-0.707107033625,-0.707106528748));
#17742 = ADVANCED_FACE('',(#17743),#17754,.T.);
#17743 = FACE_BOUND('',#17744,.T.);
#17744 = EDGE_LOOP('',(#17745,#17746,#17747,#17748));
#17745 = ORIENTED_EDGE('',*,*,#2072,.F.);
#17746 = ORIENTED_EDGE('',*,*,#17401,.F.);
#17747 = ORIENTED_EDGE('',*,*,#4561,.T.);
#17748 = ORIENTED_EDGE('',*,*,#17749,.T.);
#17749 = EDGE_CURVE('',#4554,#2073,#17750,.T.);
#17750 = LINE('',#17751,#17752);
#17751 = CARTESIAN_POINT('',(1.078188538551,10.947031974792,3.));
#17752 = VECTOR('',#17753,1.);
#17753 = DIRECTION('',(0.,0.,-1.));
#17754 = PLANE('',#17755);
#17755 = AXIS2_PLACEMENT_3D('',#17756,#17757,#17758);
#17756 = CARTESIAN_POINT('',(0.539094269276,10.973515987396,
    1.800000011921));
#17757 = DIRECTION('',(4.906769174822E-02,0.998795455349,0.));
#17758 = DIRECTION('',(0.998795455349,-4.906769174822E-02,0.));
#17759 = ADVANCED_FACE('',(#17760),#17771,.T.);
#17760 = FACE_BOUND('',#17761,.T.);
#17761 = EDGE_LOOP('',(#17762,#17763,#17764,#17765));
#17762 = ORIENTED_EDGE('',*,*,#2373,.F.);
#17763 = ORIENTED_EDGE('',*,*,#17749,.F.);
#17764 = ORIENTED_EDGE('',*,*,#4553,.T.);
#17765 = ORIENTED_EDGE('',*,*,#17766,.T.);
#17766 = EDGE_CURVE('',#4546,#2374,#17767,.T.);
#17767 = LINE('',#17768,#17769);
#17768 = CARTESIAN_POINT('',(2.145993471146,10.788638114929,3.));
#17769 = VECTOR('',#17770,1.);
#17770 = DIRECTION('',(0.,0.,-1.));
#17771 = PLANE('',#17772);
#17772 = AXIS2_PLACEMENT_3D('',#17773,#17774,#17775);
#17773 = CARTESIAN_POINT('',(1.612091004848,10.867835044861,
    1.800000011921));
#17774 = DIRECTION('',(0.146730438823,0.98917651525,0.));
#17775 = DIRECTION('',(0.98917651525,-0.146730438823,0.));
#17776 = ADVANCED_FACE('',(#17777),#17788,.T.);
#17777 = FACE_BOUND('',#17778,.T.);
#17778 = EDGE_LOOP('',(#17779,#17780,#17781,#17782));
#17779 = ORIENTED_EDGE('',*,*,#2463,.F.);
#17780 = ORIENTED_EDGE('',*,*,#17766,.F.);
#17781 = ORIENTED_EDGE('',*,*,#4545,.F.);
#17782 = ORIENTED_EDGE('',*,*,#17783,.T.);
#17783 = EDGE_CURVE('',#4538,#2464,#17784,.T.);
#17784 = LINE('',#17785,#17786);
#17785 = CARTESIAN_POINT('',(3.193131446838,10.526343345642,3.));
#17786 = VECTOR('',#17787,1.);
#17787 = DIRECTION('',(0.,0.,-1.));
#17788 = PLANE('',#17789);
#17789 = AXIS2_PLACEMENT_3D('',#17790,#17791,#17792);
#17790 = CARTESIAN_POINT('',(2.669562458992,10.657490730286,
    1.800000011921));
#17791 = DIRECTION('',(0.242980494451,0.970031174405,0.));
#17792 = DIRECTION('',(0.970031174405,-0.242980494451,0.));
#17793 = ADVANCED_FACE('',(#17794),#17800,.T.);
#17794 = FACE_BOUND('',#17795,.T.);
#17795 = EDGE_LOOP('',(#17796,#17797,#17798,#17799));
#17796 = ORIENTED_EDGE('',*,*,#2579,.F.);
#17797 = ORIENTED_EDGE('',*,*,#17783,.F.);
#17798 = ORIENTED_EDGE('',*,*,#4537,.T.);
#17799 = ORIENTED_EDGE('',*,*,#9356,.T.);
#17800 = PLANE('',#17801);
#17801 = AXIS2_PLACEMENT_3D('',#17802,#17803,#17804);
#17802 = CARTESIAN_POINT('',(3.701324701309,10.344509124756,
    1.800000011921));
#17803 = DIRECTION('',(0.336889470541,0.941544202169,0.));
#17804 = DIRECTION('',(0.941544202169,-0.336889470541,0.));
#17805 = ADVANCED_FACE('',(#17806),#17812,.T.);
#17806 = FACE_BOUND('',#17807,.T.);
#17807 = EDGE_LOOP('',(#17808,#17809,#17810,#17811));
#17808 = ORIENTED_EDGE('',*,*,#9378,.F.);
#17809 = ORIENTED_EDGE('',*,*,#2570,.F.);
#17810 = ORIENTED_EDGE('',*,*,#9350,.T.);
#17811 = ORIENTED_EDGE('',*,*,#231,.T.);
#17812 = PLANE('',#17813);
#17813 = AXIS2_PLACEMENT_3D('',#17814,#17815,#17816);
#17814 = CARTESIAN_POINT('',(4.571315559819,9.665234418817,
    0.304652029659));
#17815 = DIRECTION('',(0.302509308946,0.639601874656,-0.70668066334));
#17816 = DIRECTION('',(2.775557561563E-17,-0.74141877965,-0.671042616517
    ));
#17817 = ADVANCED_FACE('',(#17818),#17829,.T.);
#17818 = FACE_BOUND('',#17819,.T.);
#17819 = EDGE_LOOP('',(#17820,#17821,#17822,#17828));
#17820 = ORIENTED_EDGE('',*,*,#17719,.F.);
#17821 = ORIENTED_EDGE('',*,*,#10262,.F.);
#17822 = ORIENTED_EDGE('',*,*,#17823,.T.);
#17823 = EDGE_CURVE('',#10263,#4954,#17824,.T.);
#17824 = LINE('',#17825,#17826);
#17825 = CARTESIAN_POINT('',(10.947031974792,1.078188538551,
    0.600000023842));
#17826 = VECTOR('',#17827,1.);
#17827 = DIRECTION('',(0.,0.,1.));
#17828 = ORIENTED_EDGE('',*,*,#4953,.F.);
#17829 = PLANE('',#17830);
#17830 = AXIS2_PLACEMENT_3D('',#17831,#17832,#17833);
#17831 = CARTESIAN_POINT('',(10.973515987396,0.539094269276,
    1.800000011921));
#17832 = DIRECTION('',(0.998795455349,4.906769174822E-02,0.));
#17833 = DIRECTION('',(-4.906769174822E-02,0.998795455349,0.));
#17834 = ADVANCED_FACE('',(#17835),#17846,.T.);
#17835 = FACE_BOUND('',#17836,.T.);
#17836 = EDGE_LOOP('',(#17837,#17838,#17844,#17845));
#17837 = ORIENTED_EDGE('',*,*,#10294,.F.);
#17838 = ORIENTED_EDGE('',*,*,#17839,.T.);
#17839 = EDGE_CURVE('',#10287,#4962,#17840,.T.);
#17840 = LINE('',#17841,#17842);
#17841 = CARTESIAN_POINT('',(10.788638114929,2.145993471146,
    0.600000023842));
#17842 = VECTOR('',#17843,1.);
#17843 = DIRECTION('',(0.,0.,1.));
#17844 = ORIENTED_EDGE('',*,*,#4961,.F.);
#17845 = ORIENTED_EDGE('',*,*,#17823,.F.);
#17846 = PLANE('',#17847);
#17847 = AXIS2_PLACEMENT_3D('',#17848,#17849,#17850);
#17848 = CARTESIAN_POINT('',(10.867835044861,1.612091004848,
    1.800000011921));
#17849 = DIRECTION('',(0.98917651525,0.146730438823,0.));
#17850 = DIRECTION('',(-0.146730438823,0.98917651525,0.));
#17851 = ADVANCED_FACE('',(#17852),#17863,.T.);
#17852 = FACE_BOUND('',#17853,.T.);
#17853 = EDGE_LOOP('',(#17854,#17855,#17856,#17862));
#17854 = ORIENTED_EDGE('',*,*,#17839,.F.);
#17855 = ORIENTED_EDGE('',*,*,#10333,.F.);
#17856 = ORIENTED_EDGE('',*,*,#17857,.T.);
#17857 = EDGE_CURVE('',#10326,#4473,#17858,.T.);
#17858 = LINE('',#17859,#17860);
#17859 = CARTESIAN_POINT('',(10.526343345642,3.193131446838,
    0.600000023842));
#17860 = VECTOR('',#17861,1.);
#17861 = DIRECTION('',(0.,0.,1.));
#17862 = ORIENTED_EDGE('',*,*,#4969,.F.);
#17863 = PLANE('',#17864);
#17864 = AXIS2_PLACEMENT_3D('',#17865,#17866,#17867);
#17865 = CARTESIAN_POINT('',(10.657490730286,2.669562458992,
    1.800000011921));
#17866 = DIRECTION('',(0.970031174405,0.242980494451,0.));
#17867 = DIRECTION('',(-0.242980494451,0.970031174405,0.));
#17868 = ADVANCED_FACE('',(#17869),#17880,.T.);
#17869 = FACE_BOUND('',#17870,.T.);
#17870 = EDGE_LOOP('',(#17871,#17872,#17873,#17879));
#17871 = ORIENTED_EDGE('',*,*,#9390,.F.);
#17872 = ORIENTED_EDGE('',*,*,#21,.T.);
#17873 = ORIENTED_EDGE('',*,*,#17874,.T.);
#17874 = EDGE_CURVE('',#24,#10381,#17875,.T.);
#17875 = LINE('',#17876,#17877);
#17876 = CARTESIAN_POINT('',(9.701133728027,5.185364246368,
    0.600000023842));
#17877 = VECTOR('',#17878,1.);
#17878 = DIRECTION('',(0.427555285494,-0.903989202284,0.));
#17879 = ORIENTED_EDGE('',*,*,#10380,.F.);
#17880 = PLANE('',#17881);
#17881 = AXIS2_PLACEMENT_3D('',#17882,#17883,#17884);
#17882 = CARTESIAN_POINT('',(9.665234418817,4.571315559819,
    0.304652029659));
#17883 = DIRECTION('',(0.639601874656,0.302509308946,-0.70668066334));
#17884 = DIRECTION('',(-0.74141877965,2.775557561563E-17,-0.671042616517
    ));
#17885 = ADVANCED_FACE('',(#17886),#17902,.T.);
#17886 = FACE_BOUND('',#17887,.T.);
#17887 = EDGE_LOOP('',(#17888,#17894,#17895,#17901));
#17888 = ORIENTED_EDGE('',*,*,#17889,.T.);
#17889 = EDGE_CURVE('',#4483,#24,#17890,.T.);
#17890 = LINE('',#17891,#17892);
#17891 = CARTESIAN_POINT('',(9.701133728027,5.185364246368,3.));
#17892 = VECTOR('',#17893,1.);
#17893 = DIRECTION('',(0.,0.,-1.));
#17894 = ORIENTED_EDGE('',*,*,#53,.F.);
#17895 = ORIENTED_EDGE('',*,*,#17896,.F.);
#17896 = EDGE_CURVE('',#4491,#54,#17897,.T.);
#17897 = LINE('',#17898,#17899);
#17898 = CARTESIAN_POINT('',(9.146165847778,6.111272335052,3.));
#17899 = VECTOR('',#17900,1.);
#17900 = DIRECTION('',(0.,0.,-1.));
#17901 = ORIENTED_EDGE('',*,*,#4490,.F.);
#17902 = PLANE('',#17903);
#17903 = AXIS2_PLACEMENT_3D('',#17904,#17905,#17906);
#17904 = CARTESIAN_POINT('',(9.423649787903,5.64831829071,1.800000011921
    ));
#17905 = DIRECTION('',(0.857728638929,0.514102695929,0.));
#17906 = DIRECTION('',(-0.514102695929,0.857728638929,0.));
#17907 = ADVANCED_FACE('',(#17908),#17919,.T.);
#17908 = FACE_BOUND('',#17909,.T.);
#17909 = EDGE_LOOP('',(#17910,#17911,#17917,#17918));
#17910 = ORIENTED_EDGE('',*,*,#10388,.F.);
#17911 = ORIENTED_EDGE('',*,*,#17912,.T.);
#17912 = EDGE_CURVE('',#10381,#4475,#17913,.T.);
#17913 = LINE('',#17914,#17915);
#17914 = CARTESIAN_POINT('',(10.16267490387,4.20951795578,0.600000023842
    ));
#17915 = VECTOR('',#17916,1.);
#17916 = DIRECTION('',(0.,0.,1.));
#17917 = ORIENTED_EDGE('',*,*,#4472,.F.);
#17918 = ORIENTED_EDGE('',*,*,#17857,.F.);
#17919 = PLANE('',#17920);
#17920 = AXIS2_PLACEMENT_3D('',#17921,#17922,#17923);
#17921 = CARTESIAN_POINT('',(10.344509124756,3.701324701309,
    1.800000011921));
#17922 = DIRECTION('',(0.941544202169,0.336889470541,0.));
#17923 = DIRECTION('',(-0.336889470541,0.941544202169,0.));
#17924 = ADVANCED_FACE('',(#17925),#17931,.T.);
#17925 = FACE_BOUND('',#17926,.T.);
#17926 = EDGE_LOOP('',(#17927,#17928,#17929,#17930));
#17927 = ORIENTED_EDGE('',*,*,#17912,.F.);
#17928 = ORIENTED_EDGE('',*,*,#17874,.F.);
#17929 = ORIENTED_EDGE('',*,*,#17889,.F.);
#17930 = ORIENTED_EDGE('',*,*,#4482,.F.);
#17931 = PLANE('',#17932);
#17932 = AXIS2_PLACEMENT_3D('',#17933,#17934,#17935);
#17933 = CARTESIAN_POINT('',(9.931904315948,4.697441101074,
    1.800000011921));
#17934 = DIRECTION('',(0.903989202284,0.427555285494,0.));
#17935 = DIRECTION('',(-0.427555285494,0.903989202284,0.));
#17936 = ADVANCED_FACE('',(#17937),#17953,.T.);
#17937 = FACE_BOUND('',#17938,.T.);
#17938 = EDGE_LOOP('',(#17939,#17945,#17946,#17952));
#17939 = ORIENTED_EDGE('',*,*,#17940,.T.);
#17940 = EDGE_CURVE('',#4507,#87,#17941,.T.);
#17941 = LINE('',#17942,#17943);
#17942 = CARTESIAN_POINT('',(7.77817440033,7.77817440033,3.));
#17943 = VECTOR('',#17944,1.);
#17944 = DIRECTION('',(0.,0.,-1.));
#17945 = ORIENTED_EDGE('',*,*,#117,.F.);
#17946 = ORIENTED_EDGE('',*,*,#17947,.F.);
#17947 = EDGE_CURVE('',#4515,#110,#17948,.T.);
#17948 = LINE('',#17949,#17950);
#17949 = CARTESIAN_POINT('',(6.978326320648,8.503114700317,3.));
#17950 = VECTOR('',#17951,1.);
#17951 = DIRECTION('',(0.,0.,-1.));
#17952 = ORIENTED_EDGE('',*,*,#4514,.F.);
#17953 = PLANE('',#17954);
#17954 = AXIS2_PLACEMENT_3D('',#17955,#17956,#17957);
#17955 = CARTESIAN_POINT('',(7.378250360489,8.140644550323,
    1.800000011921));
#17956 = DIRECTION('',(0.671559085717,0.740951006741,0.));
#17957 = DIRECTION('',(0.740951006741,-0.671559085717,0.));
#17958 = ADVANCED_FACE('',(#17959),#17970,.T.);
#17959 = FACE_BOUND('',#17960,.T.);
#17960 = EDGE_LOOP('',(#17961,#17962,#17963,#17969));
#17961 = ORIENTED_EDGE('',*,*,#17940,.F.);
#17962 = ORIENTED_EDGE('',*,*,#4506,.F.);
#17963 = ORIENTED_EDGE('',*,*,#17964,.F.);
#17964 = EDGE_CURVE('',#155,#4499,#17965,.T.);
#17965 = LINE('',#17966,#17967);
#17966 = CARTESIAN_POINT('',(8.503114700317,6.978326320648,
    0.600000023842));
#17967 = VECTOR('',#17968,1.);
#17968 = DIRECTION('',(0.,0.,1.));
#17969 = ORIENTED_EDGE('',*,*,#163,.F.);
#17970 = PLANE('',#17971);
#17971 = AXIS2_PLACEMENT_3D('',#17972,#17973,#17974);
#17972 = CARTESIAN_POINT('',(8.140644550323,7.378250360489,
    1.800000011921));
#17973 = DIRECTION('',(0.740951006741,0.671559085717,0.));
#17974 = DIRECTION('',(-0.671559085717,0.740951006741,0.));
#17975 = ADVANCED_FACE('',(#17976),#17982,.T.);
#17976 = FACE_BOUND('',#17977,.T.);
#17977 = EDGE_LOOP('',(#17978,#17979,#17980,#17981));
#17978 = ORIENTED_EDGE('',*,*,#209,.F.);
#17979 = ORIENTED_EDGE('',*,*,#323,.F.);
#17980 = ORIENTED_EDGE('',*,*,#4522,.F.);
#17981 = ORIENTED_EDGE('',*,*,#17947,.T.);
#17982 = PLANE('',#17983);
#17983 = AXIS2_PLACEMENT_3D('',#17984,#17985,#17986);
#17984 = CARTESIAN_POINT('',(6.54479932785,8.824640274048,1.800000011921
    ));
#17985 = DIRECTION('',(0.595699355529,0.80320749363,0.));
#17986 = DIRECTION('',(0.80320749363,-0.595699355529,0.));
#17987 = ADVANCED_FACE('',(#17988),#17994,.T.);
#17988 = FACE_BOUND('',#17989,.T.);
#17989 = EDGE_LOOP('',(#17990,#17991,#17992,#17993));
#17990 = ORIENTED_EDGE('',*,*,#292,.F.);
#17991 = ORIENTED_EDGE('',*,*,#17964,.T.);
#17992 = ORIENTED_EDGE('',*,*,#4498,.F.);
#17993 = ORIENTED_EDGE('',*,*,#17896,.T.);
#17994 = PLANE('',#17995);
#17995 = AXIS2_PLACEMENT_3D('',#17996,#17997,#17998);
#17996 = CARTESIAN_POINT('',(8.824640274048,6.54479932785,1.800000011921
    ));
#17997 = DIRECTION('',(0.80320749363,0.595699355529,0.));
#17998 = DIRECTION('',(-0.595699355529,0.80320749363,0.));
#17999 = ADVANCED_FACE('',(#18000),#18011,.T.);
#18000 = FACE_BOUND('',#18001,.T.);
#18001 = EDGE_LOOP('',(#18002,#18003,#18004,#18010));
#18002 = ORIENTED_EDGE('',*,*,#9334,.F.);
#18003 = ORIENTED_EDGE('',*,*,#6932,.T.);
#18004 = ORIENTED_EDGE('',*,*,#18005,.T.);
#18005 = EDGE_CURVE('',#6933,#6108,#18006,.T.);
#18006 = LINE('',#18007,#18008);
#18007 = CARTESIAN_POINT('',(-1.667335033417,-8.331653594971,
    1.899999976158));
#18008 = VECTOR('',#18009,1.);
#18009 = DIRECTION('',(0.,0.,1.));
#18010 = ORIENTED_EDGE('',*,*,#6107,.F.);
#18011 = PLANE('',#18012);
#18012 = AXIS2_PLACEMENT_3D('',#18013,#18014,#18015);
#18013 = CARTESIAN_POINT('',(-1.647066831589,-8.412568569183,
    2.449999988079));
#18014 = DIRECTION('',(0.970031095232,0.242980810523,0.));
#18015 = DIRECTION('',(-0.242980810523,0.970031095232,0.));
#18016 = ADVANCED_FACE('',(#18017),#18033,.T.);
#18017 = FACE_BOUND('',#18018,.T.);
#18018 = EDGE_LOOP('',(#18019,#18020,#18026,#18032));
#18019 = ORIENTED_EDGE('',*,*,#18005,.F.);
#18020 = ORIENTED_EDGE('',*,*,#18021,.T.);
#18021 = EDGE_CURVE('',#6933,#11292,#18022,.T.);
#18022 = LINE('',#18023,#18024);
#18023 = CARTESIAN_POINT('',(-1.667335033417,-8.331653594971,
    1.899999976158));
#18024 = VECTOR('',#18025,1.);
#18025 = DIRECTION('',(-0.146730012334,0.989176578514,0.));
#18026 = ORIENTED_EDGE('',*,*,#18027,.T.);
#18027 = EDGE_CURVE('',#11292,#6116,#18028,.T.);
#18028 = LINE('',#18029,#18030);
#18029 = CARTESIAN_POINT('',(-1.69181406498,-8.166628837585,
    1.899999976158));
#18030 = VECTOR('',#18031,1.);
#18031 = DIRECTION('',(0.,0.,1.));
#18032 = ORIENTED_EDGE('',*,*,#6115,.F.);
#18033 = PLANE('',#18034);
#18034 = AXIS2_PLACEMENT_3D('',#18035,#18036,#18037);
#18035 = CARTESIAN_POINT('',(-1.679574549198,-8.249141216278,
    2.449999988079));
#18036 = DIRECTION('',(0.989176578514,0.146730012334,0.));
#18037 = DIRECTION('',(-0.146730012334,0.989176578514,0.));
#18038 = ADVANCED_FACE('',(#18039),#18050,.T.);
#18039 = FACE_BOUND('',#18040,.T.);
#18040 = EDGE_LOOP('',(#18041,#18042,#18043,#18049));
#18041 = ORIENTED_EDGE('',*,*,#18027,.F.);
#18042 = ORIENTED_EDGE('',*,*,#11291,.T.);
#18043 = ORIENTED_EDGE('',*,*,#18044,.T.);
#18044 = EDGE_CURVE('',#11269,#6124,#18045,.T.);
#18045 = LINE('',#18046,#18047);
#18046 = CARTESIAN_POINT('',(-1.700000047684,-8.,1.899999976158));
#18047 = VECTOR('',#18048,1.);
#18048 = DIRECTION('',(0.,0.,1.));
#18049 = ORIENTED_EDGE('',*,*,#6123,.F.);
#18050 = PLANE('',#18051);
#18051 = AXIS2_PLACEMENT_3D('',#18052,#18053,#18054);
#18052 = CARTESIAN_POINT('',(-1.695907056332,-8.083314418793,
    2.449999988079));
#18053 = DIRECTION('',(0.99879544656,4.906787065801E-02,0.));
#18054 = DIRECTION('',(-4.906787065801E-02,0.99879544656,0.));
#18055 = ADVANCED_FACE('',(#18056),#18072,.T.);
#18056 = FACE_BOUND('',#18057,.T.);
#18057 = EDGE_LOOP('',(#18058,#18059,#18065,#18071));
#18058 = ORIENTED_EDGE('',*,*,#18044,.F.);
#18059 = ORIENTED_EDGE('',*,*,#18060,.T.);
#18060 = EDGE_CURVE('',#11269,#11246,#18061,.T.);
#18061 = LINE('',#18062,#18063);
#18062 = CARTESIAN_POINT('',(-1.700000047684,-8.,1.899999976158));
#18063 = VECTOR('',#18064,1.);
#18064 = DIRECTION('',(4.906773058031E-02,0.998795453442,0.));
#18065 = ORIENTED_EDGE('',*,*,#18066,.T.);
#18066 = EDGE_CURVE('',#11246,#6132,#18067,.T.);
#18067 = LINE('',#18068,#18069);
#18068 = CARTESIAN_POINT('',(-1.69181406498,-7.833370685577,
    1.899999976158));
#18069 = VECTOR('',#18070,1.);
#18070 = DIRECTION('',(0.,0.,1.));
#18071 = ORIENTED_EDGE('',*,*,#6131,.F.);
#18072 = PLANE('',#18073);
#18073 = AXIS2_PLACEMENT_3D('',#18074,#18075,#18076);
#18074 = CARTESIAN_POINT('',(-1.695907056332,-7.916685342789,
    2.449999988079));
#18075 = DIRECTION('',(0.998795453442,-4.906773058031E-02,0.));
#18076 = DIRECTION('',(4.906773058031E-02,0.998795453442,0.));
#18077 = ADVANCED_FACE('',(#18078),#18089,.T.);
#18078 = FACE_BOUND('',#18079,.T.);
#18079 = EDGE_LOOP('',(#18080,#18081,#18082,#18088));
#18080 = ORIENTED_EDGE('',*,*,#18066,.F.);
#18081 = ORIENTED_EDGE('',*,*,#11245,.T.);
#18082 = ORIENTED_EDGE('',*,*,#18083,.T.);
#18083 = EDGE_CURVE('',#11223,#6140,#18084,.T.);
#18084 = LINE('',#18085,#18086);
#18085 = CARTESIAN_POINT('',(-1.667335033417,-7.668346405029,
    1.899999976158));
#18086 = VECTOR('',#18087,1.);
#18087 = DIRECTION('',(0.,0.,1.));
#18088 = ORIENTED_EDGE('',*,*,#6139,.F.);
#18089 = PLANE('',#18090);
#18090 = AXIS2_PLACEMENT_3D('',#18091,#18092,#18093);
#18091 = CARTESIAN_POINT('',(-1.679574549198,-7.750858545303,
    2.449999988079));
#18092 = DIRECTION('',(0.989176516977,-0.146730427182,0.));
#18093 = DIRECTION('',(0.146730427182,0.989176516977,0.));
#18094 = ADVANCED_FACE('',(#18095),#18111,.T.);
#18095 = FACE_BOUND('',#18096,.T.);
#18096 = EDGE_LOOP('',(#18097,#18098,#18104,#18110));
#18097 = ORIENTED_EDGE('',*,*,#18083,.F.);
#18098 = ORIENTED_EDGE('',*,*,#18099,.T.);
#18099 = EDGE_CURVE('',#11223,#11129,#18100,.T.);
#18100 = LINE('',#18101,#18102);
#18101 = CARTESIAN_POINT('',(-1.667335033417,-7.668346405029,
    1.899999976158));
#18102 = VECTOR('',#18103,1.);
#18103 = DIRECTION('',(0.242980136843,0.970031263981,0.));
#18104 = ORIENTED_EDGE('',*,*,#18105,.T.);
#18105 = EDGE_CURVE('',#11129,#6148,#18106,.T.);
#18106 = LINE('',#18107,#18108);
#18107 = CARTESIAN_POINT('',(-1.626798629761,-7.506515979767,
    1.899999976158));
#18108 = VECTOR('',#18109,1.);
#18109 = DIRECTION('',(0.,0.,1.));
#18110 = ORIENTED_EDGE('',*,*,#6147,.F.);
#18111 = PLANE('',#18112);
#18112 = AXIS2_PLACEMENT_3D('',#18113,#18114,#18115);
#18113 = CARTESIAN_POINT('',(-1.647066831589,-7.587431192398,
    2.449999988079));
#18114 = DIRECTION('',(0.970031263981,-0.242980136843,0.));
#18115 = DIRECTION('',(0.242980136843,0.970031263981,0.));
#18116 = ADVANCED_FACE('',(#18117),#18128,.T.);
#18117 = FACE_BOUND('',#18118,.T.);
#18118 = EDGE_LOOP('',(#18119,#18120,#18121,#18127));
#18119 = ORIENTED_EDGE('',*,*,#18105,.F.);
#18120 = ORIENTED_EDGE('',*,*,#11128,.T.);
#18121 = ORIENTED_EDGE('',*,*,#18122,.T.);
#18122 = EDGE_CURVE('',#11106,#6156,#18123,.T.);
#18123 = LINE('',#18124,#18125);
#18124 = CARTESIAN_POINT('',(-1.570595264435,-7.34943819046,
    1.899999976158));
#18125 = VECTOR('',#18126,1.);
#18126 = DIRECTION('',(0.,0.,1.));
#18127 = ORIENTED_EDGE('',*,*,#6155,.F.);
#18128 = PLANE('',#18129);
#18129 = AXIS2_PLACEMENT_3D('',#18130,#18131,#18132);
#18130 = CARTESIAN_POINT('',(-1.598696947098,-7.427977085114,
    2.449999988079));
#18131 = DIRECTION('',(0.94154400126,-0.336890032046,0.));
#18132 = DIRECTION('',(0.336890032046,0.94154400126,0.));
#18133 = ADVANCED_FACE('',(#18134),#18145,.T.);
#18134 = FACE_BOUND('',#18135,.T.);
#18135 = EDGE_LOOP('',(#18136,#18137,#18138,#18144));
#18136 = ORIENTED_EDGE('',*,*,#18122,.F.);
#18137 = ORIENTED_EDGE('',*,*,#11151,.T.);
#18138 = ORIENTED_EDGE('',*,*,#18139,.T.);
#18139 = EDGE_CURVE('',#11060,#6164,#18140,.T.);
#18140 = LINE('',#18141,#18142);
#18141 = CARTESIAN_POINT('',(-1.499266147614,-7.198625564575,
    1.899999976158));
#18142 = VECTOR('',#18143,1.);
#18143 = DIRECTION('',(0.,0.,1.));
#18144 = ORIENTED_EDGE('',*,*,#6163,.F.);
#18145 = PLANE('',#18146);
#18146 = AXIS2_PLACEMENT_3D('',#18147,#18148,#18149);
#18147 = CARTESIAN_POINT('',(-1.534930706024,-7.274031877518,
    2.449999988079));
#18148 = DIRECTION('',(0.903989161026,-0.427555372726,0.));
#18149 = DIRECTION('',(0.427555372726,0.903989161026,0.));
#18150 = ADVANCED_FACE('',(#18151),#18162,.T.);
#18151 = FACE_BOUND('',#18152,.T.);
#18152 = EDGE_LOOP('',(#18153,#18154,#18155,#18161));
#18153 = ORIENTED_EDGE('',*,*,#18139,.F.);
#18154 = ORIENTED_EDGE('',*,*,#11059,.T.);
#18155 = ORIENTED_EDGE('',*,*,#18156,.T.);
#18156 = EDGE_CURVE('',#11062,#6172,#18157,.T.);
#18157 = LINE('',#18158,#18159);
#18158 = CARTESIAN_POINT('',(-1.413498282433,-7.055530548096,
    1.899999976158));
#18159 = VECTOR('',#18160,1.);
#18160 = DIRECTION('',(0.,0.,1.));
#18161 = ORIENTED_EDGE('',*,*,#6171,.F.);
#18162 = PLANE('',#18163);
#18163 = AXIS2_PLACEMENT_3D('',#18164,#18165,#18166);
#18164 = CARTESIAN_POINT('',(-1.456382215023,-7.127078056335,
    2.449999988079));
#18165 = DIRECTION('',(0.857728575696,-0.514102801426,0.));
#18166 = DIRECTION('',(0.514102801426,0.857728575696,0.));
#18167 = ADVANCED_FACE('',(#18168),#18179,.T.);
#18168 = FACE_BOUND('',#18169,.T.);
#18169 = EDGE_LOOP('',(#18170,#18171,#18172,#18178));
#18170 = ORIENTED_EDGE('',*,*,#18156,.F.);
#18171 = ORIENTED_EDGE('',*,*,#11183,.T.);
#18172 = ORIENTED_EDGE('',*,*,#18173,.T.);
#18173 = EDGE_CURVE('',#11184,#6180,#18174,.T.);
#18174 = LINE('',#18175,#18176);
#18175 = CARTESIAN_POINT('',(-1.314117789268,-6.921531200409,
    1.899999976158));
#18176 = VECTOR('',#18177,1.);
#18177 = DIRECTION('',(0.,0.,1.));
#18178 = ORIENTED_EDGE('',*,*,#6179,.F.);
#18179 = PLANE('',#18180);
#18180 = AXIS2_PLACEMENT_3D('',#18181,#18182,#18183);
#18181 = CARTESIAN_POINT('',(-1.363808035851,-6.988530874252,
    2.449999988079));
#18182 = DIRECTION('',(0.803208094321,-0.59569854559,0.));
#18183 = DIRECTION('',(0.59569854559,0.803208094321,0.));
#18184 = ADVANCED_FACE('',(#18185),#18201,.T.);
#18185 = FACE_BOUND('',#18186,.T.);
#18186 = EDGE_LOOP('',(#18187,#18188,#18194,#18200));
#18187 = ORIENTED_EDGE('',*,*,#18173,.F.);
#18188 = ORIENTED_EDGE('',*,*,#18189,.T.);
#18189 = EDGE_CURVE('',#11184,#10998,#18190,.T.);
#18190 = LINE('',#18191,#18192);
#18191 = CARTESIAN_POINT('',(-1.314117789268,-6.921531200409,
    1.899999976158));
#18192 = VECTOR('',#18193,1.);
#18193 = DIRECTION('',(0.671559098646,0.740950995023,0.));
#18194 = ORIENTED_EDGE('',*,*,#18195,.T.);
#18195 = EDGE_CURVE('',#10998,#6188,#18196,.T.);
#18196 = LINE('',#18197,#18198);
#18197 = CARTESIAN_POINT('',(-1.202081561089,-6.797918319702,
    1.899999976158));
#18198 = VECTOR('',#18199,1.);
#18199 = DIRECTION('',(0.,0.,1.));
#18200 = ORIENTED_EDGE('',*,*,#6187,.F.);
#18201 = PLANE('',#18202);
#18202 = AXIS2_PLACEMENT_3D('',#18203,#18204,#18205);
#18203 = CARTESIAN_POINT('',(-1.258099675179,-6.859724760056,
    2.449999988079));
#18204 = DIRECTION('',(0.740950995023,-0.671559098646,0.));
#18205 = DIRECTION('',(0.671559098646,0.740950995023,0.));
#18206 = ADVANCED_FACE('',(#18207),#18218,.T.);
#18207 = FACE_BOUND('',#18208,.T.);
#18208 = EDGE_LOOP('',(#18209,#18210,#18211,#18217));
#18209 = ORIENTED_EDGE('',*,*,#18195,.F.);
#18210 = ORIENTED_EDGE('',*,*,#10997,.T.);
#18211 = ORIENTED_EDGE('',*,*,#18212,.T.);
#18212 = EDGE_CURVE('',#10975,#6196,#18213,.T.);
#18213 = LINE('',#18214,#18215);
#18214 = CARTESIAN_POINT('',(-1.078468561172,-6.685882091522,
    1.899999976158));
#18215 = VECTOR('',#18216,1.);
#18216 = DIRECTION('',(0.,0.,1.));
#18217 = ORIENTED_EDGE('',*,*,#6195,.F.);
#18218 = PLANE('',#18219);
#18219 = AXIS2_PLACEMENT_3D('',#18220,#18221,#18222);
#18220 = CARTESIAN_POINT('',(-1.140275061131,-6.741900205612,
    2.449999988079));
#18221 = DIRECTION('',(0.671558743089,-0.740951317281,-0.));
#18222 = DIRECTION('',(-0.740951317281,-0.671558743089,0.));
#18223 = ADVANCED_FACE('',(#18224),#18235,.T.);
#18224 = FACE_BOUND('',#18225,.T.);
#18225 = EDGE_LOOP('',(#18226,#18227,#18228,#18234));
#18226 = ORIENTED_EDGE('',*,*,#18212,.F.);
#18227 = ORIENTED_EDGE('',*,*,#11020,.T.);
#18228 = ORIENTED_EDGE('',*,*,#18229,.T.);
#18229 = EDGE_CURVE('',#11021,#6204,#18230,.T.);
#18230 = LINE('',#18231,#18232);
#18231 = CARTESIAN_POINT('',(-0.9444693923,-6.586501598358,
    1.899999976158));
#18232 = VECTOR('',#18233,1.);
#18233 = DIRECTION('',(0.,0.,1.));
#18234 = ORIENTED_EDGE('',*,*,#6203,.F.);
#18235 = PLANE('',#18236);
#18236 = AXIS2_PLACEMENT_3D('',#18237,#18238,#18239);
#18237 = CARTESIAN_POINT('',(-1.011468976736,-6.63619184494,
    2.449999988079));
#18238 = DIRECTION('',(0.595699058429,-0.803207713973,-0.));
#18239 = DIRECTION('',(-0.803207713973,-0.595699058429,0.));
#18240 = ADVANCED_FACE('',(#18241),#18257,.T.);
#18241 = FACE_BOUND('',#18242,.T.);
#18242 = EDGE_LOOP('',(#18243,#18244,#18250,#18256));
#18243 = ORIENTED_EDGE('',*,*,#18229,.F.);
#18244 = ORIENTED_EDGE('',*,*,#18245,.T.);
#18245 = EDGE_CURVE('',#11021,#10913,#18246,.T.);
#18246 = LINE('',#18247,#18248);
#18247 = CARTESIAN_POINT('',(-0.9444693923,-6.586501598358,
    1.899999976158));
#18248 = VECTOR('',#18249,1.);
#18249 = DIRECTION('',(0.857728796358,0.514102433274,0.));
#18250 = ORIENTED_EDGE('',*,*,#18251,.T.);
#18251 = EDGE_CURVE('',#10913,#6212,#18252,.T.);
#18252 = LINE('',#18253,#18254);
#18253 = CARTESIAN_POINT('',(-0.801374435425,-6.500733852386,
    1.899999976158));
#18254 = VECTOR('',#18255,1.);
#18255 = DIRECTION('',(0.,0.,1.));
#18256 = ORIENTED_EDGE('',*,*,#6211,.F.);
#18257 = PLANE('',#18258);
#18258 = AXIS2_PLACEMENT_3D('',#18259,#18260,#18261);
#18259 = CARTESIAN_POINT('',(-0.872921913862,-6.543617725372,
    2.449999988079));
#18260 = DIRECTION('',(0.514102433274,-0.857728796358,-0.));
#18261 = DIRECTION('',(-0.857728796358,-0.514102433274,0.));
#18262 = ADVANCED_FACE('',(#18263),#18274,.T.);
#18263 = FACE_BOUND('',#18264,.T.);
#18264 = EDGE_LOOP('',(#18265,#18266,#18267,#18273));
#18265 = ORIENTED_EDGE('',*,*,#18251,.F.);
#18266 = ORIENTED_EDGE('',*,*,#10912,.T.);
#18267 = ORIENTED_EDGE('',*,*,#18268,.T.);
#18268 = EDGE_CURVE('',#10890,#6220,#18269,.T.);
#18269 = LINE('',#18270,#18271);
#18270 = CARTESIAN_POINT('',(-0.65056180954,-6.429404735565,
    1.899999976158));
#18271 = VECTOR('',#18272,1.);
#18272 = DIRECTION('',(0.,0.,1.));
#18273 = ORIENTED_EDGE('',*,*,#6219,.F.);
#18274 = PLANE('',#18275);
#18275 = AXIS2_PLACEMENT_3D('',#18276,#18277,#18278);
#18276 = CARTESIAN_POINT('',(-0.725968122482,-6.465069293976,
    2.449999988079));
#18277 = DIRECTION('',(0.427555372726,-0.903989161026,-0.));
#18278 = DIRECTION('',(-0.903989161026,-0.427555372726,0.));
#18279 = ADVANCED_FACE('',(#18280),#18291,.T.);
#18280 = FACE_BOUND('',#18281,.T.);
#18281 = EDGE_LOOP('',(#18282,#18283,#18284,#18290));
#18282 = ORIENTED_EDGE('',*,*,#18268,.F.);
#18283 = ORIENTED_EDGE('',*,*,#10935,.T.);
#18284 = ORIENTED_EDGE('',*,*,#18285,.T.);
#18285 = EDGE_CURVE('',#10936,#5722,#18286,.T.);
#18286 = LINE('',#18287,#18288);
#18287 = CARTESIAN_POINT('',(-0.493483960629,-6.373201370239,
    1.899999976158));
#18288 = VECTOR('',#18289,1.);
#18289 = DIRECTION('',(0.,0.,1.));
#18290 = ORIENTED_EDGE('',*,*,#6227,.F.);
#18291 = PLANE('',#18292);
#18292 = AXIS2_PLACEMENT_3D('',#18293,#18294,#18295);
#18293 = CARTESIAN_POINT('',(-0.572022885084,-6.401303052902,
    2.449999988079));
#18294 = DIRECTION('',(0.336889918719,-0.941544041809,-0.));
#18295 = DIRECTION('',(-0.941544041809,-0.336889918719,0.));
#18296 = ADVANCED_FACE('',(#18297),#18313,.T.);
#18297 = FACE_BOUND('',#18298,.T.);
#18298 = EDGE_LOOP('',(#18299,#18300,#18306,#18312));
#18299 = ORIENTED_EDGE('',*,*,#18285,.F.);
#18300 = ORIENTED_EDGE('',*,*,#18301,.T.);
#18301 = EDGE_CURVE('',#10936,#10819,#18302,.T.);
#18302 = LINE('',#18303,#18304);
#18303 = CARTESIAN_POINT('',(-0.493483960629,-6.373201370239,
    1.899999976158));
#18304 = VECTOR('',#18305,1.);
#18305 = DIRECTION('',(0.970031263981,0.242980136843,0.));
#18306 = ORIENTED_EDGE('',*,*,#18307,.T.);
#18307 = EDGE_CURVE('',#10819,#5724,#18308,.T.);
#18308 = LINE('',#18309,#18310);
#18309 = CARTESIAN_POINT('',(-0.331653535366,-6.332664966583,
    1.899999976158));
#18310 = VECTOR('',#18311,1.);
#18311 = DIRECTION('',(0.,0.,1.));
#18312 = ORIENTED_EDGE('',*,*,#5721,.F.);
#18313 = PLANE('',#18314);
#18314 = AXIS2_PLACEMENT_3D('',#18315,#18316,#18317);
#18315 = CARTESIAN_POINT('',(-0.412568747997,-6.352933168411,
    2.449999988079));
#18316 = DIRECTION('',(0.242980136843,-0.970031263981,-0.));
#18317 = DIRECTION('',(-0.970031263981,-0.242980136843,0.));
#18318 = ADVANCED_FACE('',(#18319),#18330,.T.);
#18319 = FACE_BOUND('',#18320,.T.);
#18320 = EDGE_LOOP('',(#18321,#18322,#18323,#18329));
#18321 = ORIENTED_EDGE('',*,*,#18307,.F.);
#18322 = ORIENTED_EDGE('',*,*,#10818,.T.);
#18323 = ORIENTED_EDGE('',*,*,#18324,.T.);
#18324 = EDGE_CURVE('',#10773,#5732,#18325,.T.);
#18325 = LINE('',#18326,#18327);
#18326 = CARTESIAN_POINT('',(-0.166629135609,-6.30818605423,
    1.899999976158));
#18327 = VECTOR('',#18328,1.);
#18328 = DIRECTION('',(0.,0.,1.));
#18329 = ORIENTED_EDGE('',*,*,#5731,.F.);
#18330 = PLANE('',#18331);
#18331 = AXIS2_PLACEMENT_3D('',#18332,#18333,#18334);
#18332 = CARTESIAN_POINT('',(-0.249141335487,-6.320425510406,
    2.449999988079));
#18333 = DIRECTION('',(0.146729624299,-0.989176636073,-0.));
#18334 = DIRECTION('',(-0.989176636073,-0.146729624299,0.));
#18335 = ADVANCED_FACE('',(#18336),#18347,.T.);
#18336 = FACE_BOUND('',#18337,.T.);
#18337 = EDGE_LOOP('',(#18338,#18339,#18340,#18346));
#18338 = ORIENTED_EDGE('',*,*,#18324,.F.);
#18339 = ORIENTED_EDGE('',*,*,#10772,.T.);
#18340 = ORIENTED_EDGE('',*,*,#18341,.T.);
#18341 = EDGE_CURVE('',#10775,#5740,#18342,.T.);
#18342 = LINE('',#18343,#18344);
#18343 = CARTESIAN_POINT('',(0.,-6.300000190735,1.899999976158));
#18344 = VECTOR('',#18345,1.);
#18345 = DIRECTION('',(0.,0.,1.));
#18346 = ORIENTED_EDGE('',*,*,#5739,.F.);
#18347 = PLANE('',#18348);
#18348 = AXIS2_PLACEMENT_3D('',#18349,#18350,#18351);
#18349 = CARTESIAN_POINT('',(-8.331456780434E-02,-6.304093122482,
    2.449999988079));
#18350 = DIRECTION('',(4.906707027462E-02,-0.99879548588,-0.));
#18351 = DIRECTION('',(-0.99879548588,-4.906707027462E-02,0.));
#18352 = ADVANCED_FACE('',(#18353),#18364,.T.);
#18353 = FACE_BOUND('',#18354,.T.);
#18354 = EDGE_LOOP('',(#18355,#18356,#18357,#18363));
#18355 = ORIENTED_EDGE('',*,*,#18341,.F.);
#18356 = ORIENTED_EDGE('',*,*,#10858,.T.);
#18357 = ORIENTED_EDGE('',*,*,#18358,.T.);
#18358 = EDGE_CURVE('',#10727,#5748,#18359,.T.);
#18359 = LINE('',#18360,#18361);
#18360 = CARTESIAN_POINT('',(0.166629135609,-6.30818605423,
    1.899999976158));
#18361 = VECTOR('',#18362,1.);
#18362 = DIRECTION('',(0.,0.,1.));
#18363 = ORIENTED_EDGE('',*,*,#5747,.F.);
#18364 = PLANE('',#18365);
#18365 = AXIS2_PLACEMENT_3D('',#18366,#18367,#18368);
#18366 = CARTESIAN_POINT('',(8.331456780434E-02,-6.304093122482,
    2.449999988079));
#18367 = DIRECTION('',(-4.906707027462E-02,-0.99879548588,-0.));
#18368 = DIRECTION('',(-0.99879548588,4.906707027462E-02,0.));
#18369 = ADVANCED_FACE('',(#18370),#18381,.T.);
#18370 = FACE_BOUND('',#18371,.T.);
#18371 = EDGE_LOOP('',(#18372,#18373,#18374,#18380));
#18372 = ORIENTED_EDGE('',*,*,#18358,.F.);
#18373 = ORIENTED_EDGE('',*,*,#10726,.T.);
#18374 = ORIENTED_EDGE('',*,*,#18375,.T.);
#18375 = EDGE_CURVE('',#10729,#5756,#18376,.T.);
#18376 = LINE('',#18377,#18378);
#18377 = CARTESIAN_POINT('',(0.331653535366,-6.332664966583,
    1.899999976158));
#18378 = VECTOR('',#18379,1.);
#18379 = DIRECTION('',(0.,0.,1.));
#18380 = ORIENTED_EDGE('',*,*,#5755,.F.);
#18381 = PLANE('',#18382);
#18382 = AXIS2_PLACEMENT_3D('',#18383,#18384,#18385);
#18383 = CARTESIAN_POINT('',(0.249141335487,-6.320425510406,
    2.449999988079));
#18384 = DIRECTION('',(-0.146729624299,-0.989176636073,-0.));
#18385 = DIRECTION('',(-0.989176636073,0.146729624299,0.));
#18386 = ADVANCED_FACE('',(#18387),#18403,.T.);
#18387 = FACE_BOUND('',#18388,.T.);
#18388 = EDGE_LOOP('',(#18389,#18390,#18396,#18402));
#18389 = ORIENTED_EDGE('',*,*,#18375,.F.);
#18390 = ORIENTED_EDGE('',*,*,#18391,.T.);
#18391 = EDGE_CURVE('',#10729,#10704,#18392,.T.);
#18392 = LINE('',#18393,#18394);
#18393 = CARTESIAN_POINT('',(0.331653535366,-6.332664966583,
    1.899999976158));
#18394 = VECTOR('',#18395,1.);
#18395 = DIRECTION('',(0.970031263981,-0.242980136843,0.));
#18396 = ORIENTED_EDGE('',*,*,#18397,.T.);
#18397 = EDGE_CURVE('',#10704,#5764,#18398,.T.);
#18398 = LINE('',#18399,#18400);
#18399 = CARTESIAN_POINT('',(0.493483960629,-6.373201370239,
    1.899999976158));
#18400 = VECTOR('',#18401,1.);
#18401 = DIRECTION('',(0.,0.,1.));
#18402 = ORIENTED_EDGE('',*,*,#5763,.F.);
#18403 = PLANE('',#18404);
#18404 = AXIS2_PLACEMENT_3D('',#18405,#18406,#18407);
#18405 = CARTESIAN_POINT('',(0.412568747997,-6.352933168411,
    2.449999988079));
#18406 = DIRECTION('',(-0.242980136843,-0.970031263981,-0.));
#18407 = DIRECTION('',(-0.970031263981,0.242980136843,0.));
#18408 = ADVANCED_FACE('',(#18409),#18420,.T.);
#18409 = FACE_BOUND('',#18410,.T.);
#18410 = EDGE_LOOP('',(#18411,#18412,#18413,#18419));
#18411 = ORIENTED_EDGE('',*,*,#18397,.F.);
#18412 = ORIENTED_EDGE('',*,*,#10703,.T.);
#18413 = ORIENTED_EDGE('',*,*,#18414,.T.);
#18414 = EDGE_CURVE('',#10665,#5772,#18415,.T.);
#18415 = LINE('',#18416,#18417);
#18416 = CARTESIAN_POINT('',(0.65056180954,-6.429404735565,
    1.899999976158));
#18417 = VECTOR('',#18418,1.);
#18418 = DIRECTION('',(0.,0.,1.));
#18419 = ORIENTED_EDGE('',*,*,#5771,.F.);
#18420 = PLANE('',#18421);
#18421 = AXIS2_PLACEMENT_3D('',#18422,#18423,#18424);
#18422 = CARTESIAN_POINT('',(0.572022885084,-6.401303052902,
    2.449999988079));
#18423 = DIRECTION('',(-0.336889918719,-0.941544041809,-0.));
#18424 = DIRECTION('',(-0.941544041809,0.336889918719,0.));
#18425 = ADVANCED_FACE('',(#18426),#18432,.T.);
#18426 = FACE_BOUND('',#18427,.T.);
#18427 = EDGE_LOOP('',(#18428,#18429,#18430,#18431));
#18428 = ORIENTED_EDGE('',*,*,#18414,.F.);
#18429 = ORIENTED_EDGE('',*,*,#10664,.T.);
#18430 = ORIENTED_EDGE('',*,*,#6258,.T.);
#18431 = ORIENTED_EDGE('',*,*,#5779,.F.);
#18432 = PLANE('',#18433);
#18433 = AXIS2_PLACEMENT_3D('',#18434,#18435,#18436);
#18434 = CARTESIAN_POINT('',(0.725968122482,-6.465069293976,
    2.449999988079));
#18435 = DIRECTION('',(-0.427555372726,-0.903989161026,-0.));
#18436 = DIRECTION('',(-0.903989161026,0.427555372726,0.));
#18437 = ADVANCED_FACE('',(#18438),#18444,.T.);
#18438 = FACE_BOUND('',#18439,.T.);
#18439 = EDGE_LOOP('',(#18440,#18441,#18442,#18443));
#18440 = ORIENTED_EDGE('',*,*,#6281,.F.);
#18441 = ORIENTED_EDGE('',*,*,#6342,.T.);
#18442 = ORIENTED_EDGE('',*,*,#6403,.T.);
#18443 = ORIENTED_EDGE('',*,*,#5803,.F.);
#18444 = PLANE('',#18445);
#18445 = AXIS2_PLACEMENT_3D('',#18446,#18447,#18448);
#18446 = CARTESIAN_POINT('',(1.140275061131,-6.741900205612,
    2.449999988079));
#18447 = DIRECTION('',(-0.671558743089,-0.740951317281,-0.));
#18448 = DIRECTION('',(-0.740951317281,0.671558743089,0.));
#18449 = ADVANCED_FACE('',(#18450),#18456,.T.);
#18450 = FACE_BOUND('',#18451,.T.);
#18451 = EDGE_LOOP('',(#18452,#18453,#18454,#18455));
#18452 = ORIENTED_EDGE('',*,*,#6644,.F.);
#18453 = ORIENTED_EDGE('',*,*,#6526,.T.);
#18454 = ORIENTED_EDGE('',*,*,#6674,.T.);
#18455 = ORIENTED_EDGE('',*,*,#5843,.F.);
#18456 = PLANE('',#18457);
#18457 = AXIS2_PLACEMENT_3D('',#18458,#18459,#18460);
#18458 = CARTESIAN_POINT('',(1.598696947098,-7.427977085114,
    2.449999988079));
#18459 = DIRECTION('',(-0.94154400126,-0.336890032046,-0.));
#18460 = DIRECTION('',(0.336890032046,-0.94154400126,0.));
#18461 = ADVANCED_FACE('',(#18462),#18468,.T.);
#18462 = FACE_BOUND('',#18463,.T.);
#18463 = EDGE_LOOP('',(#18464,#18465,#18466,#18467));
#18464 = ORIENTED_EDGE('',*,*,#11299,.T.);
#18465 = ORIENTED_EDGE('',*,*,#18021,.F.);
#18466 = ORIENTED_EDGE('',*,*,#6955,.F.);
#18467 = ORIENTED_EDGE('',*,*,#9748,.F.);
#18468 = PLANE('',#18469);
#18469 = AXIS2_PLACEMENT_3D('',#18470,#18471,#18472);
#18470 = CARTESIAN_POINT('',(-2.437003607925,-8.361495338083,
    0.923811396173));
#18471 = DIRECTION('',(0.778306503425,0.115450459557,-0.617179210696));
#18472 = DIRECTION('',(0.62133392194,-6.938893903907E-18,0.783545887263)
  );
#18473 = ADVANCED_FACE('',(#18474),#18480,.T.);
#18474 = FACE_BOUND('',#18475,.T.);
#18475 = EDGE_LOOP('',(#18476,#18477,#18478,#18479));
#18476 = ORIENTED_EDGE('',*,*,#11253,.T.);
#18477 = ORIENTED_EDGE('',*,*,#18060,.F.);
#18478 = ORIENTED_EDGE('',*,*,#11268,.F.);
#18479 = ORIENTED_EDGE('',*,*,#9732,.F.);
#18480 = PLANE('',#18481);
#18481 = AXIS2_PLACEMENT_3D('',#18482,#18483,#18484);
#18482 = CARTESIAN_POINT('',(-2.460701541298,-7.879113389243,
    0.923811298726));
#18483 = DIRECTION('',(0.785874869829,-3.86075974431E-02,-0.617179181755
    ));
#18484 = DIRECTION('',(0.617639663756,0.,0.786461216943));
#18485 = ADVANCED_FACE('',(#18486),#18492,.T.);
#18486 = FACE_BOUND('',#18487,.T.);
#18487 = EDGE_LOOP('',(#18488,#18489,#18490,#18491));
#18488 = ORIENTED_EDGE('',*,*,#11136,.T.);
#18489 = ORIENTED_EDGE('',*,*,#18099,.F.);
#18490 = ORIENTED_EDGE('',*,*,#11222,.F.);
#18491 = ORIENTED_EDGE('',*,*,#9716,.F.);
#18492 = PLANE('',#18493);
#18493 = AXIS2_PLACEMENT_3D('',#18494,#18495,#18496);
#18494 = CARTESIAN_POINT('',(-2.389836173596,-7.401377127092,
    0.923811280234));
#18495 = DIRECTION('',(0.763242531617,-0.191182222622,-0.617179224929));
#18496 = DIRECTION('',(0.628777297727,0.,0.777585435732));
#18497 = ADVANCED_FACE('',(#18498),#18504,.T.);
#18498 = FACE_BOUND('',#18499,.T.);
#18499 = EDGE_LOOP('',(#18500,#18501,#18502,#18503));
#18500 = ORIENTED_EDGE('',*,*,#11005,.T.);
#18501 = ORIENTED_EDGE('',*,*,#18189,.F.);
#18502 = ORIENTED_EDGE('',*,*,#11206,.F.);
#18503 = ORIENTED_EDGE('',*,*,#9676,.F.);
#18504 = PLANE('',#18505);
#18505 = AXIS2_PLACEMENT_3D('',#18506,#18507,#18508);
#18506 = CARTESIAN_POINT('',(-1.82545844164,-6.345500882777,
    0.923811325763));
#18507 = DIRECTION('',(0.582996981797,-0.528397956083,-0.617179162985));
#18508 = DIRECTION('',(-0.726951089334,0.,-0.686689241008));
#18509 = ADVANCED_FACE('',(#18510),#18516,.T.);
#18510 = FACE_BOUND('',#18511,.T.);
#18511 = EDGE_LOOP('',(#18512,#18513,#18514,#18515));
#18512 = ORIENTED_EDGE('',*,*,#10920,.T.);
#18513 = ORIENTED_EDGE('',*,*,#18245,.F.);
#18514 = ORIENTED_EDGE('',*,*,#11043,.F.);
#18515 = ORIENTED_EDGE('',*,*,#9652,.F.);
#18516 = PLANE('',#18517);
#18517 = AXIS2_PLACEMENT_3D('',#18518,#18519,#18520);
#18518 = CARTESIAN_POINT('',(-1.266579057176,-5.886840529752,
    0.92381132858));
#18519 = DIRECTION('',(0.404507443681,-0.674880419889,-0.617179185373));
#18520 = DIRECTION('',(2.775557561563E-17,0.674855947508,-0.737949490218
    ));
#18521 = ADVANCED_FACE('',(#18522),#18528,.T.);
#18522 = FACE_BOUND('',#18523,.T.);
#18523 = EDGE_LOOP('',(#18524,#18525,#18526,#18527));
#18524 = ORIENTED_EDGE('',*,*,#18301,.F.);
#18525 = ORIENTED_EDGE('',*,*,#10958,.T.);
#18526 = ORIENTED_EDGE('',*,*,#9628,.F.);
#18527 = ORIENTED_EDGE('',*,*,#10826,.F.);
#18528 = PLANE('',#18529);
#18529 = AXIS2_PLACEMENT_3D('',#18530,#18531,#18532);
#18530 = CARTESIAN_POINT('',(-0.598622778743,-5.610163962953,
    0.923811298833));
#18531 = DIRECTION('',(0.19118229027,-0.763242565621,-0.617179161923));
#18532 = DIRECTION('',(0.,0.628777241978,-0.777585480813));
#18533 = ADVANCED_FACE('',(#18534),#18540,.T.);
#18534 = FACE_BOUND('',#18535,.T.);
#18535 = EDGE_LOOP('',(#18536,#18537,#18538,#18539));
#18536 = ORIENTED_EDGE('',*,*,#8893,.T.);
#18537 = ORIENTED_EDGE('',*,*,#6853,.F.);
#18538 = ORIENTED_EDGE('',*,*,#6806,.T.);
#18539 = ORIENTED_EDGE('',*,*,#9532,.F.);
#18540 = PLANE('',#18541);
#18541 = AXIS2_PLACEMENT_3D('',#18542,#18543,#18544);
#18542 = CARTESIAN_POINT('',(2.437003607925,-8.361495338083,
    0.923811396173));
#18543 = DIRECTION('',(-0.778306503425,0.115450459557,-0.617179210696));
#18544 = DIRECTION('',(0.62133392194,-6.938893903907E-18,-0.783545887263
    ));
#18545 = ADVANCED_FACE('',(#18546),#18552,.T.);
#18546 = FACE_BOUND('',#18547,.T.);
#18547 = EDGE_LOOP('',(#18548,#18549,#18550,#18551));
#18548 = ORIENTED_EDGE('',*,*,#18391,.F.);
#18549 = ORIENTED_EDGE('',*,*,#10873,.T.);
#18550 = ORIENTED_EDGE('',*,*,#9588,.F.);
#18551 = ORIENTED_EDGE('',*,*,#10711,.F.);
#18552 = PLANE('',#18553);
#18553 = AXIS2_PLACEMENT_3D('',#18554,#18555,#18556);
#18554 = CARTESIAN_POINT('',(0.598622778743,-5.610163962953,
    0.923811298833));
#18555 = DIRECTION('',(-0.19118229027,-0.763242565621,-0.617179161923));
#18556 = DIRECTION('',(-1.387778780781E-17,0.628777241978,
    -0.777585480813));
#18557 = ADVANCED_FACE('',(#18558),#18564,.T.);
#18558 = FACE_BOUND('',#18559,.T.);
#18559 = EDGE_LOOP('',(#18560,#18561,#18562,#18563));
#18560 = ORIENTED_EDGE('',*,*,#6241,.F.);
#18561 = ORIENTED_EDGE('',*,*,#10643,.F.);
#18562 = ORIENTED_EDGE('',*,*,#9564,.F.);
#18563 = ORIENTED_EDGE('',*,*,#6297,.F.);
#18564 = PLANE('',#18565);
#18565 = AXIS2_PLACEMENT_3D('',#18566,#18567,#18568);
#18566 = CARTESIAN_POINT('',(1.266579057176,-5.886840529752,
    0.92381132858));
#18567 = DIRECTION('',(-0.404507443681,-0.674880419889,-0.617179185373)
  );
#18568 = DIRECTION('',(0.,0.674855947508,-0.737949490218));
#18569 = ADVANCED_FACE('',(#18570),#18576,.T.);
#18570 = FACE_BOUND('',#18571,.T.);
#18571 = EDGE_LOOP('',(#18572,#18573,#18574,#18575));
#18572 = ORIENTED_EDGE('',*,*,#6838,.T.);
#18573 = ORIENTED_EDGE('',*,*,#6759,.F.);
#18574 = ORIENTED_EDGE('',*,*,#6712,.F.);
#18575 = ORIENTED_EDGE('',*,*,#9539,.F.);
#18576 = PLANE('',#18577);
#18577 = AXIS2_PLACEMENT_3D('',#18578,#18579,#18580);
#18578 = CARTESIAN_POINT('',(2.460701541298,-7.879113389243,
    0.923811298726));
#18579 = DIRECTION('',(-0.785874869829,-3.86075974431E-02,
    -0.617179181755));
#18580 = DIRECTION('',(0.617639663756,3.469446951954E-18,-0.786461216943
    ));
#18581 = ADVANCED_FACE('',(#18582),#18588,.T.);
#18582 = FACE_BOUND('',#18583,.T.);
#18583 = EDGE_LOOP('',(#18584,#18585,#18586,#18587));
#18584 = ORIENTED_EDGE('',*,*,#6744,.T.);
#18585 = ORIENTED_EDGE('',*,*,#6659,.F.);
#18586 = ORIENTED_EDGE('',*,*,#6494,.F.);
#18587 = ORIENTED_EDGE('',*,*,#9546,.F.);
#18588 = PLANE('',#18589);
#18589 = AXIS2_PLACEMENT_3D('',#18590,#18591,#18592);
#18590 = CARTESIAN_POINT('',(2.389836173596,-7.401377127092,
    0.923811280234));
#18591 = DIRECTION('',(-0.763242531617,-0.191182222622,-0.617179224929)
  );
#18592 = DIRECTION('',(0.628777297727,0.,-0.777585435732));
#18593 = ADVANCED_FACE('',(#18594),#18600,.T.);
#18594 = FACE_BOUND('',#18595,.T.);
#18595 = EDGE_LOOP('',(#18596,#18597,#18598,#18599));
#18596 = ORIENTED_EDGE('',*,*,#6611,.T.);
#18597 = ORIENTED_EDGE('',*,*,#6388,.F.);
#18598 = ORIENTED_EDGE('',*,*,#6365,.F.);
#18599 = ORIENTED_EDGE('',*,*,#9556,.F.);
#18600 = PLANE('',#18601);
#18601 = AXIS2_PLACEMENT_3D('',#18602,#18603,#18604);
#18602 = CARTESIAN_POINT('',(1.82545844164,-6.345500882777,
    0.923811325763));
#18603 = DIRECTION('',(-0.582996981797,-0.528397956083,-0.617179162985)
  );
#18604 = DIRECTION('',(-0.726951089334,0.,0.686689241008));
#18605 = ADVANCED_FACE('',(#18606),#18617,.T.);
#18606 = FACE_BOUND('',#18607,.T.);
#18607 = EDGE_LOOP('',(#18608,#18609,#18610,#18616));
#18608 = ORIENTED_EDGE('',*,*,#594,.F.);
#18609 = ORIENTED_EDGE('',*,*,#12184,.T.);
#18610 = ORIENTED_EDGE('',*,*,#18611,.T.);
#18611 = EDGE_CURVE('',#12162,#5525,#18612,.T.);
#18612 = LINE('',#18613,#18614);
#18613 = CARTESIAN_POINT('',(-1.69181406498,7.833370685577,
    1.899999976158));
#18614 = VECTOR('',#18615,1.);
#18615 = DIRECTION('',(0.,0.,1.));
#18616 = ORIENTED_EDGE('',*,*,#5524,.F.);
#18617 = PLANE('',#18618);
#18618 = AXIS2_PLACEMENT_3D('',#18619,#18620,#18621);
#18619 = CARTESIAN_POINT('',(-1.679574549198,7.750858545303,
    2.449999988079));
#18620 = DIRECTION('',(0.989176516977,0.146730427182,0.));
#18621 = DIRECTION('',(-0.146730427182,0.989176516977,0.));
#18622 = ADVANCED_FACE('',(#18623),#18639,.T.);
#18623 = FACE_BOUND('',#18624,.T.);
#18624 = EDGE_LOOP('',(#18625,#18626,#18632,#18638));
#18625 = ORIENTED_EDGE('',*,*,#18611,.F.);
#18626 = ORIENTED_EDGE('',*,*,#18627,.T.);
#18627 = EDGE_CURVE('',#12162,#12139,#18628,.T.);
#18628 = LINE('',#18629,#18630);
#18629 = CARTESIAN_POINT('',(-1.69181406498,7.833370685577,
    1.899999976158));
#18630 = VECTOR('',#18631,1.);
#18631 = DIRECTION('',(-4.906773058031E-02,0.998795453442,0.));
#18632 = ORIENTED_EDGE('',*,*,#18633,.T.);
#18633 = EDGE_CURVE('',#12139,#5533,#18634,.T.);
#18634 = LINE('',#18635,#18636);
#18635 = CARTESIAN_POINT('',(-1.700000047684,8.,1.899999976158));
#18636 = VECTOR('',#18637,1.);
#18637 = DIRECTION('',(0.,0.,1.));
#18638 = ORIENTED_EDGE('',*,*,#5532,.F.);
#18639 = PLANE('',#18640);
#18640 = AXIS2_PLACEMENT_3D('',#18641,#18642,#18643);
#18641 = CARTESIAN_POINT('',(-1.695907056332,7.916685342789,
    2.449999988079));
#18642 = DIRECTION('',(0.998795453442,4.906773058031E-02,0.));
#18643 = DIRECTION('',(-4.906773058031E-02,0.998795453442,0.));
#18644 = ADVANCED_FACE('',(#18645),#18656,.T.);
#18645 = FACE_BOUND('',#18646,.T.);
#18646 = EDGE_LOOP('',(#18647,#18648,#18649,#18655));
#18647 = ORIENTED_EDGE('',*,*,#18633,.F.);
#18648 = ORIENTED_EDGE('',*,*,#12138,.T.);
#18649 = ORIENTED_EDGE('',*,*,#18650,.T.);
#18650 = EDGE_CURVE('',#12116,#5541,#18651,.T.);
#18651 = LINE('',#18652,#18653);
#18652 = CARTESIAN_POINT('',(-1.69181406498,8.166628837585,
    1.899999976158));
#18653 = VECTOR('',#18654,1.);
#18654 = DIRECTION('',(0.,0.,1.));
#18655 = ORIENTED_EDGE('',*,*,#5540,.F.);
#18656 = PLANE('',#18657);
#18657 = AXIS2_PLACEMENT_3D('',#18658,#18659,#18660);
#18658 = CARTESIAN_POINT('',(-1.695907056332,8.083314418793,
    2.449999988079));
#18659 = DIRECTION('',(0.99879544656,-4.906787065801E-02,0.));
#18660 = DIRECTION('',(4.906787065801E-02,0.99879544656,0.));
#18661 = ADVANCED_FACE('',(#18662),#18678,.T.);
#18662 = FACE_BOUND('',#18663,.T.);
#18663 = EDGE_LOOP('',(#18664,#18665,#18671,#18677));
#18664 = ORIENTED_EDGE('',*,*,#18650,.F.);
#18665 = ORIENTED_EDGE('',*,*,#18666,.T.);
#18666 = EDGE_CURVE('',#12116,#1228,#18667,.T.);
#18667 = LINE('',#18668,#18669);
#18668 = CARTESIAN_POINT('',(-1.69181406498,8.166628837585,
    1.899999976158));
#18669 = VECTOR('',#18670,1.);
#18670 = DIRECTION('',(0.146730012334,0.989176578514,0.));
#18671 = ORIENTED_EDGE('',*,*,#18672,.T.);
#18672 = EDGE_CURVE('',#1228,#5549,#18673,.T.);
#18673 = LINE('',#18674,#18675);
#18674 = CARTESIAN_POINT('',(-1.667335033417,8.331653594971,
    1.899999976158));
#18675 = VECTOR('',#18676,1.);
#18676 = DIRECTION('',(0.,0.,1.));
#18677 = ORIENTED_EDGE('',*,*,#5548,.F.);
#18678 = PLANE('',#18679);
#18679 = AXIS2_PLACEMENT_3D('',#18680,#18681,#18682);
#18680 = CARTESIAN_POINT('',(-1.679574549198,8.249141216278,
    2.449999988079));
#18681 = DIRECTION('',(0.989176578514,-0.146730012334,0.));
#18682 = DIRECTION('',(0.146730012334,0.989176578514,0.));
#18683 = ADVANCED_FACE('',(#18684),#18695,.T.);
#18684 = FACE_BOUND('',#18685,.T.);
#18685 = EDGE_LOOP('',(#18686,#18687,#18688,#18694));
#18686 = ORIENTED_EDGE('',*,*,#18672,.F.);
#18687 = ORIENTED_EDGE('',*,*,#1227,.T.);
#18688 = ORIENTED_EDGE('',*,*,#18689,.T.);
#18689 = EDGE_CURVE('',#1198,#5557,#18690,.T.);
#18690 = LINE('',#18691,#18692);
#18691 = CARTESIAN_POINT('',(-1.626798629761,8.493483543396,
    1.899999976158));
#18692 = VECTOR('',#18693,1.);
#18693 = DIRECTION('',(0.,0.,1.));
#18694 = ORIENTED_EDGE('',*,*,#5556,.F.);
#18695 = PLANE('',#18696);
#18696 = AXIS2_PLACEMENT_3D('',#18697,#18698,#18699);
#18697 = CARTESIAN_POINT('',(-1.647066831589,8.412568569183,
    2.449999988079));
#18698 = DIRECTION('',(0.970031095232,-0.242980810523,0.));
#18699 = DIRECTION('',(0.242980810523,0.970031095232,0.));
#18700 = ADVANCED_FACE('',(#18701),#18712,.T.);
#18701 = FACE_BOUND('',#18702,.T.);
#18702 = EDGE_LOOP('',(#18703,#18704,#18705,#18711));
#18703 = ORIENTED_EDGE('',*,*,#18689,.F.);
#18704 = ORIENTED_EDGE('',*,*,#1250,.T.);
#18705 = ORIENTED_EDGE('',*,*,#18706,.T.);
#18706 = EDGE_CURVE('',#1251,#5565,#18707,.T.);
#18707 = LINE('',#18708,#18709);
#18708 = CARTESIAN_POINT('',(-1.570595264435,8.650562286377,
    1.899999976158));
#18709 = VECTOR('',#18710,1.);
#18710 = DIRECTION('',(0.,0.,1.));
#18711 = ORIENTED_EDGE('',*,*,#5564,.F.);
#18712 = PLANE('',#18713);
#18713 = AXIS2_PLACEMENT_3D('',#18714,#18715,#18716);
#18714 = CARTESIAN_POINT('',(-1.598696947098,8.572022914886,
    2.449999988079));
#18715 = DIRECTION('',(0.941544650042,-0.336888218818,0.));
#18716 = DIRECTION('',(0.336888218818,0.941544650042,0.));
#18717 = ADVANCED_FACE('',(#18718),#18729,.T.);
#18718 = FACE_BOUND('',#18719,.T.);
#18719 = EDGE_LOOP('',(#18720,#18721,#18722,#18728));
#18720 = ORIENTED_EDGE('',*,*,#18706,.F.);
#18721 = ORIENTED_EDGE('',*,*,#1296,.T.);
#18722 = ORIENTED_EDGE('',*,*,#18723,.T.);
#18723 = EDGE_CURVE('',#1297,#5573,#18724,.T.);
#18724 = LINE('',#18725,#18726);
#18725 = CARTESIAN_POINT('',(-1.499266147614,8.801374435425,
    1.899999976158));
#18726 = VECTOR('',#18727,1.);
#18727 = DIRECTION('',(0.,0.,1.));
#18728 = ORIENTED_EDGE('',*,*,#5572,.F.);
#18729 = PLANE('',#18730);
#18730 = AXIS2_PLACEMENT_3D('',#18731,#18732,#18733);
#18731 = CARTESIAN_POINT('',(-1.534930706024,8.725968360901,
    2.449999988079));
#18732 = DIRECTION('',(0.903988638532,-0.427556477446,0.));
#18733 = DIRECTION('',(0.427556477446,0.903988638532,0.));
#18734 = ADVANCED_FACE('',(#18735),#18746,.T.);
#18735 = FACE_BOUND('',#18736,.T.);
#18736 = EDGE_LOOP('',(#18737,#18738,#18739,#18745));
#18737 = ORIENTED_EDGE('',*,*,#18723,.F.);
#18738 = ORIENTED_EDGE('',*,*,#1342,.T.);
#18739 = ORIENTED_EDGE('',*,*,#18740,.T.);
#18740 = EDGE_CURVE('',#1343,#5581,#18741,.T.);
#18741 = LINE('',#18742,#18743);
#18742 = CARTESIAN_POINT('',(-1.413498282433,8.944469451904,
    1.899999976158));
#18743 = VECTOR('',#18744,1.);
#18744 = DIRECTION('',(0.,0.,1.));
#18745 = ORIENTED_EDGE('',*,*,#5580,.F.);
#18746 = PLANE('',#18747);
#18747 = AXIS2_PLACEMENT_3D('',#18748,#18749,#18750);
#18748 = CARTESIAN_POINT('',(-1.456382215023,8.872921943665,
    2.449999988079));
#18749 = DIRECTION('',(0.857728575696,-0.514102801426,0.));
#18750 = DIRECTION('',(0.514102801426,0.857728575696,0.));
#18751 = ADVANCED_FACE('',(#18752),#18763,.T.);
#18752 = FACE_BOUND('',#18753,.T.);
#18753 = EDGE_LOOP('',(#18754,#18755,#18756,#18762));
#18754 = ORIENTED_EDGE('',*,*,#18740,.F.);
#18755 = ORIENTED_EDGE('',*,*,#1388,.T.);
#18756 = ORIENTED_EDGE('',*,*,#18757,.T.);
#18757 = EDGE_CURVE('',#1143,#5589,#18758,.T.);
#18758 = LINE('',#18759,#18760);
#18759 = CARTESIAN_POINT('',(-1.314117789268,9.078468322754,
    1.899999976158));
#18760 = VECTOR('',#18761,1.);
#18761 = DIRECTION('',(0.,0.,1.));
#18762 = ORIENTED_EDGE('',*,*,#5588,.F.);
#18763 = PLANE('',#18764);
#18764 = AXIS2_PLACEMENT_3D('',#18765,#18766,#18767);
#18765 = CARTESIAN_POINT('',(-1.363808035851,9.011468887329,
    2.449999988079));
#18766 = DIRECTION('',(0.803207080059,-0.595699913164,0.));
#18767 = DIRECTION('',(0.595699913164,0.803207080059,0.));
#18768 = ADVANCED_FACE('',(#18769),#18780,.T.);
#18769 = FACE_BOUND('',#18770,.T.);
#18770 = EDGE_LOOP('',(#18771,#18772,#18773,#18779));
#18771 = ORIENTED_EDGE('',*,*,#18757,.F.);
#18772 = ORIENTED_EDGE('',*,*,#1142,.T.);
#18773 = ORIENTED_EDGE('',*,*,#18774,.T.);
#18774 = EDGE_CURVE('',#1088,#5597,#18775,.T.);
#18775 = LINE('',#18776,#18777);
#18776 = CARTESIAN_POINT('',(-1.202081561089,9.202081680298,
    1.899999976158));
#18777 = VECTOR('',#18778,1.);
#18778 = DIRECTION('',(0.,0.,1.));
#18779 = ORIENTED_EDGE('',*,*,#5596,.F.);
#18780 = PLANE('',#18781);
#18781 = AXIS2_PLACEMENT_3D('',#18782,#18783,#18784);
#18782 = CARTESIAN_POINT('',(-1.258099675179,9.140275001526,
    2.449999988079));
#18783 = DIRECTION('',(0.740952284053,-0.671557676419,0.));
#18784 = DIRECTION('',(0.671557676419,0.740952284053,0.));
#18785 = ADVANCED_FACE('',(#18786),#18797,.T.);
#18786 = FACE_BOUND('',#18787,.T.);
#18787 = EDGE_LOOP('',(#18788,#18789,#18790,#18796));
#18788 = ORIENTED_EDGE('',*,*,#18774,.F.);
#18789 = ORIENTED_EDGE('',*,*,#1087,.T.);
#18790 = ORIENTED_EDGE('',*,*,#18791,.T.);
#18791 = EDGE_CURVE('',#1090,#5605,#18792,.T.);
#18792 = LINE('',#18793,#18794);
#18793 = CARTESIAN_POINT('',(-1.078468561172,9.314117431641,
    1.899999976158));
#18794 = VECTOR('',#18795,1.);
#18795 = DIRECTION('',(0.,0.,1.));
#18796 = ORIENTED_EDGE('',*,*,#5604,.F.);
#18797 = PLANE('',#18798);
#18798 = AXIS2_PLACEMENT_3D('',#18799,#18800,#18801);
#18799 = CARTESIAN_POINT('',(-1.140275061131,9.258099555969,
    2.449999988079));
#18800 = DIRECTION('',(0.671557173897,-0.74095273951,-0.));
#18801 = DIRECTION('',(-0.74095273951,-0.671557173897,0.));
#18802 = ADVANCED_FACE('',(#18803),#18814,.T.);
#18803 = FACE_BOUND('',#18804,.T.);
#18804 = EDGE_LOOP('',(#18805,#18806,#18807,#18813));
#18805 = ORIENTED_EDGE('',*,*,#18791,.F.);
#18806 = ORIENTED_EDGE('',*,*,#1811,.T.);
#18807 = ORIENTED_EDGE('',*,*,#18808,.T.);
#18808 = EDGE_CURVE('',#1727,#5613,#18809,.T.);
#18809 = LINE('',#18810,#18811);
#18810 = CARTESIAN_POINT('',(-0.9444693923,9.413497924805,1.899999976158
    ));
#18811 = VECTOR('',#18812,1.);
#18812 = DIRECTION('',(0.,0.,1.));
#18813 = ORIENTED_EDGE('',*,*,#5612,.F.);
#18814 = PLANE('',#18815);
#18815 = AXIS2_PLACEMENT_3D('',#18816,#18817,#18818);
#18816 = CARTESIAN_POINT('',(-1.011468976736,9.363807678223,
    2.449999988079));
#18817 = DIRECTION('',(0.595699058429,-0.803207713973,-0.));
#18818 = DIRECTION('',(-0.803207713973,-0.595699058429,0.));
#18819 = ADVANCED_FACE('',(#18820),#18831,.T.);
#18820 = FACE_BOUND('',#18821,.T.);
#18821 = EDGE_LOOP('',(#18822,#18823,#18824,#18830));
#18822 = ORIENTED_EDGE('',*,*,#18808,.F.);
#18823 = ORIENTED_EDGE('',*,*,#1827,.T.);
#18824 = ORIENTED_EDGE('',*,*,#18825,.T.);
#18825 = EDGE_CURVE('',#1750,#5621,#18826,.T.);
#18826 = LINE('',#18827,#18828);
#18827 = CARTESIAN_POINT('',(-0.801374435425,9.499266624451,
    1.899999976158));
#18828 = VECTOR('',#18829,1.);
#18829 = DIRECTION('',(0.,0.,1.));
#18830 = ORIENTED_EDGE('',*,*,#5620,.F.);
#18831 = PLANE('',#18832);
#18832 = AXIS2_PLACEMENT_3D('',#18833,#18834,#18835);
#18833 = CARTESIAN_POINT('',(-0.872921913862,9.456382274628,
    2.449999988079));
#18834 = DIRECTION('',(0.514106638834,-0.85772627563,-0.));
#18835 = DIRECTION('',(-0.85772627563,-0.514106638834,0.));
#18836 = ADVANCED_FACE('',(#18837),#18848,.T.);
#18837 = FACE_BOUND('',#18838,.T.);
#18838 = EDGE_LOOP('',(#18839,#18840,#18841,#18847));
#18839 = ORIENTED_EDGE('',*,*,#18825,.F.);
#18840 = ORIENTED_EDGE('',*,*,#1843,.T.);
#18841 = ORIENTED_EDGE('',*,*,#18842,.T.);
#18842 = EDGE_CURVE('',#1773,#5629,#18843,.T.);
#18843 = LINE('',#18844,#18845);
#18844 = CARTESIAN_POINT('',(-0.65056180954,9.570594787598,
    1.899999976158));
#18845 = VECTOR('',#18846,1.);
#18846 = DIRECTION('',(0.,0.,1.));
#18847 = ORIENTED_EDGE('',*,*,#5628,.F.);
#18848 = PLANE('',#18849);
#18849 = AXIS2_PLACEMENT_3D('',#18850,#18851,#18852);
#18850 = CARTESIAN_POINT('',(-0.725968122482,9.534930706024,
    2.449999988079));
#18851 = DIRECTION('',(0.427550701255,-0.903991370455,-0.));
#18852 = DIRECTION('',(-0.903991370455,-0.427550701255,0.));
#18853 = ADVANCED_FACE('',(#18854),#18865,.T.);
#18854 = FACE_BOUND('',#18855,.T.);
#18855 = EDGE_LOOP('',(#18856,#18857,#18858,#18864));
#18856 = ORIENTED_EDGE('',*,*,#18842,.F.);
#18857 = ORIENTED_EDGE('',*,*,#1859,.T.);
#18858 = ORIENTED_EDGE('',*,*,#18859,.T.);
#18859 = EDGE_CURVE('',#1860,#5637,#18860,.T.);
#18860 = LINE('',#18861,#18862);
#18861 = CARTESIAN_POINT('',(-0.493483960629,9.626798629761,
    1.899999976158));
#18862 = VECTOR('',#18863,1.);
#18863 = DIRECTION('',(0.,0.,1.));
#18864 = ORIENTED_EDGE('',*,*,#5636,.F.);
#18865 = PLANE('',#18866);
#18866 = AXIS2_PLACEMENT_3D('',#18867,#18868,#18869);
#18867 = CARTESIAN_POINT('',(-0.572022885084,9.598696708679,
    2.449999988079));
#18868 = DIRECTION('',(0.336892452543,-0.941543135188,-0.));
#18869 = DIRECTION('',(-0.941543135188,-0.336892452543,0.));
#18870 = ADVANCED_FACE('',(#18871),#18882,.T.);
#18871 = FACE_BOUND('',#18872,.T.);
#18872 = EDGE_LOOP('',(#18873,#18874,#18875,#18881));
#18873 = ORIENTED_EDGE('',*,*,#18859,.F.);
#18874 = ORIENTED_EDGE('',*,*,#1905,.T.);
#18875 = ORIENTED_EDGE('',*,*,#18876,.T.);
#18876 = EDGE_CURVE('',#1906,#5645,#18877,.T.);
#18877 = LINE('',#18878,#18879);
#18878 = CARTESIAN_POINT('',(-0.331653535366,9.66733455658,
    1.899999976158));
#18879 = VECTOR('',#18880,1.);
#18880 = DIRECTION('',(0.,0.,1.));
#18881 = ORIENTED_EDGE('',*,*,#5644,.F.);
#18882 = PLANE('',#18883);
#18883 = AXIS2_PLACEMENT_3D('',#18884,#18885,#18886);
#18884 = CARTESIAN_POINT('',(-0.412568747997,9.64706659317,
    2.449999988079));
#18885 = DIRECTION('',(0.242977447368,-0.970031937655,-0.));
#18886 = DIRECTION('',(-0.970031937655,-0.242977447368,0.));
#18887 = ADVANCED_FACE('',(#18888),#18899,.T.);
#18888 = FACE_BOUND('',#18889,.T.);
#18889 = EDGE_LOOP('',(#18890,#18891,#18892,#18898));
#18890 = ORIENTED_EDGE('',*,*,#18876,.F.);
#18891 = ORIENTED_EDGE('',*,*,#1951,.T.);
#18892 = ORIENTED_EDGE('',*,*,#18893,.T.);
#18893 = EDGE_CURVE('',#1952,#5653,#18894,.T.);
#18894 = LINE('',#18895,#18896);
#18895 = CARTESIAN_POINT('',(-0.166629135609,9.691814422607,
    1.899999976158));
#18896 = VECTOR('',#18897,1.);
#18897 = DIRECTION('',(0.,0.,1.));
#18898 = ORIENTED_EDGE('',*,*,#5652,.F.);
#18899 = PLANE('',#18900);
#18900 = AXIS2_PLACEMENT_3D('',#18901,#18902,#18903);
#18901 = CARTESIAN_POINT('',(-0.249141335487,9.679574489594,
    2.449999988079));
#18902 = DIRECTION('',(0.146735217661,-0.989175806365,-0.));
#18903 = DIRECTION('',(-0.989175806365,-0.146735217661,0.));
#18904 = ADVANCED_FACE('',(#18905),#18916,.T.);
#18905 = FACE_BOUND('',#18906,.T.);
#18906 = EDGE_LOOP('',(#18907,#18908,#18909,#18915));
#18907 = ORIENTED_EDGE('',*,*,#18893,.F.);
#18908 = ORIENTED_EDGE('',*,*,#2156,.T.);
#18909 = ORIENTED_EDGE('',*,*,#18910,.T.);
#18910 = EDGE_CURVE('',#2134,#5661,#18911,.T.);
#18911 = LINE('',#18912,#18913);
#18912 = CARTESIAN_POINT('',(0.,9.699999809265,1.899999976158));
#18913 = VECTOR('',#18914,1.);
#18914 = DIRECTION('',(0.,0.,1.));
#18915 = ORIENTED_EDGE('',*,*,#5660,.F.);
#18916 = PLANE('',#18917);
#18917 = AXIS2_PLACEMENT_3D('',#18918,#18919,#18920);
#18918 = CARTESIAN_POINT('',(-8.331456780434E-02,9.695907115936,
    2.449999988079));
#18919 = DIRECTION('',(4.906421893497E-02,-0.998795625952,-0.));
#18920 = DIRECTION('',(-0.998795625952,-4.906421893497E-02,0.));
#18921 = ADVANCED_FACE('',(#18922),#18933,.T.);
#18922 = FACE_BOUND('',#18923,.T.);
#18923 = EDGE_LOOP('',(#18924,#18925,#18926,#18932));
#18924 = ORIENTED_EDGE('',*,*,#3010,.F.);
#18925 = ORIENTED_EDGE('',*,*,#2676,.T.);
#18926 = ORIENTED_EDGE('',*,*,#18927,.T.);
#18927 = EDGE_CURVE('',#2594,#5685,#18928,.T.);
#18928 = LINE('',#18929,#18930);
#18929 = CARTESIAN_POINT('',(0.801374435425,9.499266624451,
    1.899999976158));
#18930 = VECTOR('',#18931,1.);
#18931 = DIRECTION('',(0.,0.,1.));
#18932 = ORIENTED_EDGE('',*,*,#5684,.F.);
#18933 = PLANE('',#18934);
#18934 = AXIS2_PLACEMENT_3D('',#18935,#18936,#18937);
#18935 = CARTESIAN_POINT('',(0.725968122482,9.534930706024,
    2.449999988079));
#18936 = DIRECTION('',(-0.427550701255,-0.903991370455,-0.));
#18937 = DIRECTION('',(-0.903991370455,0.427550701255,0.));
#18938 = ADVANCED_FACE('',(#18939),#18950,.T.);
#18939 = FACE_BOUND('',#18940,.T.);
#18940 = EDGE_LOOP('',(#18941,#18942,#18943,#18949));
#18941 = ORIENTED_EDGE('',*,*,#18927,.F.);
#18942 = ORIENTED_EDGE('',*,*,#2692,.T.);
#18943 = ORIENTED_EDGE('',*,*,#18944,.T.);
#18944 = EDGE_CURVE('',#2617,#5693,#18945,.T.);
#18945 = LINE('',#18946,#18947);
#18946 = CARTESIAN_POINT('',(0.9444693923,9.413497924805,1.899999976158)
  );
#18947 = VECTOR('',#18948,1.);
#18948 = DIRECTION('',(0.,0.,1.));
#18949 = ORIENTED_EDGE('',*,*,#5692,.F.);
#18950 = PLANE('',#18951);
#18951 = AXIS2_PLACEMENT_3D('',#18952,#18953,#18954);
#18952 = CARTESIAN_POINT('',(0.872921913862,9.456382274628,
    2.449999988079));
#18953 = DIRECTION('',(-0.514106638834,-0.85772627563,-0.));
#18954 = DIRECTION('',(-0.85772627563,0.514106638834,0.));
#18955 = ADVANCED_FACE('',(#18956),#18967,.T.);
#18956 = FACE_BOUND('',#18957,.T.);
#18957 = EDGE_LOOP('',(#18958,#18959,#18960,#18966));
#18958 = ORIENTED_EDGE('',*,*,#18944,.F.);
#18959 = ORIENTED_EDGE('',*,*,#2708,.T.);
#18960 = ORIENTED_EDGE('',*,*,#18961,.T.);
#18961 = EDGE_CURVE('',#2709,#5701,#18962,.T.);
#18962 = LINE('',#18963,#18964);
#18963 = CARTESIAN_POINT('',(1.078468561172,9.314117431641,
    1.899999976158));
#18964 = VECTOR('',#18965,1.);
#18965 = DIRECTION('',(0.,0.,1.));
#18966 = ORIENTED_EDGE('',*,*,#5700,.F.);
#18967 = PLANE('',#18968);
#18968 = AXIS2_PLACEMENT_3D('',#18969,#18970,#18971);
#18969 = CARTESIAN_POINT('',(1.011468976736,9.363807678223,
    2.449999988079));
#18970 = DIRECTION('',(-0.595699058429,-0.803207713973,-0.));
#18971 = DIRECTION('',(-0.803207713973,0.595699058429,0.));
#18972 = ADVANCED_FACE('',(#18973),#18979,.T.);
#18973 = FACE_BOUND('',#18974,.T.);
#18974 = EDGE_LOOP('',(#18975,#18976,#18977,#18978));
#18975 = ORIENTED_EDGE('',*,*,#18961,.F.);
#18976 = ORIENTED_EDGE('',*,*,#2779,.T.);
#18977 = ORIENTED_EDGE('',*,*,#2946,.T.);
#18978 = ORIENTED_EDGE('',*,*,#5708,.F.);
#18979 = PLANE('',#18980);
#18980 = AXIS2_PLACEMENT_3D('',#18981,#18982,#18983);
#18981 = CARTESIAN_POINT('',(1.140275061131,9.258099555969,
    2.449999988079));
#18982 = DIRECTION('',(-0.671557173897,-0.74095273951,-0.));
#18983 = DIRECTION('',(-0.74095273951,0.671557173897,0.));
#18984 = ADVANCED_FACE('',(#18985),#18996,.T.);
#18985 = FACE_BOUND('',#18986,.T.);
#18986 = EDGE_LOOP('',(#18987,#18988,#18989,#18995));
#18987 = ORIENTED_EDGE('',*,*,#18910,.F.);
#18988 = ORIENTED_EDGE('',*,*,#2218,.T.);
#18989 = ORIENTED_EDGE('',*,*,#18990,.T.);
#18990 = EDGE_CURVE('',#2173,#5669,#18991,.T.);
#18991 = LINE('',#18992,#18993);
#18992 = CARTESIAN_POINT('',(0.166629135609,9.691814422607,
    1.899999976158));
#18993 = VECTOR('',#18994,1.);
#18994 = DIRECTION('',(0.,0.,1.));
#18995 = ORIENTED_EDGE('',*,*,#5668,.F.);
#18996 = PLANE('',#18997);
#18997 = AXIS2_PLACEMENT_3D('',#18998,#18999,#19000);
#18998 = CARTESIAN_POINT('',(8.331456780434E-02,9.695907115936,
    2.449999988079));
#18999 = DIRECTION('',(-4.906421893497E-02,-0.998795625952,-0.));
#19000 = DIRECTION('',(-0.998795625952,4.906421893497E-02,0.));
#19001 = ADVANCED_FACE('',(#19002),#19008,.T.);
#19002 = FACE_BOUND('',#19003,.T.);
#19003 = EDGE_LOOP('',(#19004,#19005,#19006,#19007));
#19004 = ORIENTED_EDGE('',*,*,#18990,.F.);
#19005 = ORIENTED_EDGE('',*,*,#2234,.T.);
#19006 = ORIENTED_EDGE('',*,*,#2994,.T.);
#19007 = ORIENTED_EDGE('',*,*,#5676,.F.);
#19008 = PLANE('',#19009);
#19009 = AXIS2_PLACEMENT_3D('',#19010,#19011,#19012);
#19010 = CARTESIAN_POINT('',(0.249141335487,9.679574489594,
    2.449999988079));
#19011 = DIRECTION('',(-0.146735217661,-0.989175806365,-0.));
#19012 = DIRECTION('',(-0.989175806365,0.146735217661,0.));
#19013 = ADVANCED_FACE('',(#19014),#19020,.T.);
#19014 = FACE_BOUND('',#19015,.T.);
#19015 = EDGE_LOOP('',(#19016,#19017,#19018,#19019));
#19016 = ORIENTED_EDGE('',*,*,#4349,.T.);
#19017 = ORIENTED_EDGE('',*,*,#4210,.F.);
#19018 = ORIENTED_EDGE('',*,*,#3953,.F.);
#19019 = ORIENTED_EDGE('',*,*,#10018,.F.);
#19020 = PLANE('',#19021);
#19021 = AXIS2_PLACEMENT_3D('',#19022,#19023,#19024);
#19022 = CARTESIAN_POINT('',(-0.598622778743,5.610163962953,
    0.923811298833));
#19023 = DIRECTION('',(0.19118229027,0.763242565621,-0.617179161923));
#19024 = DIRECTION('',(-1.387778780781E-17,0.628777241978,0.777585480813
    ));
#19025 = ADVANCED_FACE('',(#19026),#19032,.T.);
#19026 = FACE_BOUND('',#19027,.T.);
#19027 = EDGE_LOOP('',(#19028,#19029,#19030,#19031));
#19028 = ORIENTED_EDGE('',*,*,#734,.T.);
#19029 = ORIENTED_EDGE('',*,*,#4388,.F.);
#19030 = ORIENTED_EDGE('',*,*,#4271,.F.);
#19031 = ORIENTED_EDGE('',*,*,#10010,.F.);
#19032 = PLANE('',#19033);
#19033 = AXIS2_PLACEMENT_3D('',#19034,#19035,#19036);
#19034 = CARTESIAN_POINT('',(-1.266579057176,5.886840529752,
    0.92381132858));
#19035 = DIRECTION('',(0.404507443681,0.674880419889,-0.617179185373));
#19036 = DIRECTION('',(-2.775557561563E-17,0.674855947508,0.737949490218
    ));
#19037 = ADVANCED_FACE('',(#19038),#19044,.T.);
#19038 = FACE_BOUND('',#19039,.T.);
#19039 = EDGE_LOOP('',(#19040,#19041,#19042,#19043));
#19040 = ORIENTED_EDGE('',*,*,#515,.T.);
#19041 = ORIENTED_EDGE('',*,*,#4434,.F.);
#19042 = ORIENTED_EDGE('',*,*,#647,.F.);
#19043 = ORIENTED_EDGE('',*,*,#10002,.F.);
#19044 = PLANE('',#19045);
#19045 = AXIS2_PLACEMENT_3D('',#19046,#19047,#19048);
#19046 = CARTESIAN_POINT('',(-1.82545844164,6.345500882777,
    0.923811325763));
#19047 = DIRECTION('',(0.582996981797,0.528397956083,-0.617179162985));
#19048 = DIRECTION('',(-0.726951089334,0.,-0.686689241008));
#19049 = ADVANCED_FACE('',(#19050),#19056,.T.);
#19050 = FACE_BOUND('',#19051,.T.);
#19051 = EDGE_LOOP('',(#19052,#19053,#19054,#19055));
#19052 = ORIENTED_EDGE('',*,*,#12190,.T.);
#19053 = ORIENTED_EDGE('',*,*,#586,.F.);
#19054 = ORIENTED_EDGE('',*,*,#337,.F.);
#19055 = ORIENTED_EDGE('',*,*,#9992,.F.);
#19056 = PLANE('',#19057);
#19057 = AXIS2_PLACEMENT_3D('',#19058,#19059,#19060);
#19058 = CARTESIAN_POINT('',(-2.389836173596,7.401377127092,
    0.923811280234));
#19059 = DIRECTION('',(0.763242531617,0.191182222622,-0.617179224929));
#19060 = DIRECTION('',(0.628777297727,0.,0.777585435732));
#19061 = ADVANCED_FACE('',(#19062),#19068,.T.);
#19062 = FACE_BOUND('',#19063,.T.);
#19063 = EDGE_LOOP('',(#19064,#19065,#19066,#19067));
#19064 = ORIENTED_EDGE('',*,*,#12146,.T.);
#19065 = ORIENTED_EDGE('',*,*,#18627,.F.);
#19066 = ORIENTED_EDGE('',*,*,#12161,.F.);
#19067 = ORIENTED_EDGE('',*,*,#9976,.F.);
#19068 = PLANE('',#19069);
#19069 = AXIS2_PLACEMENT_3D('',#19070,#19071,#19072);
#19070 = CARTESIAN_POINT('',(-2.460701541298,7.879113389243,
    0.923811298726));
#19071 = DIRECTION('',(0.785874869829,3.86075974431E-02,-0.617179181755)
  );
#19072 = DIRECTION('',(0.617639663756,3.469446951954E-18,0.786461216943)
  );
#19073 = ADVANCED_FACE('',(#19074),#19080,.T.);
#19074 = FACE_BOUND('',#19075,.T.);
#19075 = EDGE_LOOP('',(#19076,#19077,#19078,#19079));
#19076 = ORIENTED_EDGE('',*,*,#1235,.T.);
#19077 = ORIENTED_EDGE('',*,*,#18666,.F.);
#19078 = ORIENTED_EDGE('',*,*,#12115,.F.);
#19079 = ORIENTED_EDGE('',*,*,#9960,.F.);
#19080 = PLANE('',#19081);
#19081 = AXIS2_PLACEMENT_3D('',#19082,#19083,#19084);
#19082 = CARTESIAN_POINT('',(-2.437003607925,8.361495338083,
    0.923811396173));
#19083 = DIRECTION('',(0.778306503425,-0.115450459557,-0.617179210696));
#19084 = DIRECTION('',(0.62133392194,-6.938893903907E-18,0.783545887263)
  );
#19085 = ADVANCED_FACE('',(#19086),#19092,.T.);
#19086 = FACE_BOUND('',#19087,.T.);
#19087 = EDGE_LOOP('',(#19088,#19089,#19090,#19091));
#19088 = ORIENTED_EDGE('',*,*,#4123,.T.);
#19089 = ORIENTED_EDGE('',*,*,#3892,.F.);
#19090 = ORIENTED_EDGE('',*,*,#3775,.F.);
#19091 = ORIENTED_EDGE('',*,*,#10028,.F.);
#19092 = PLANE('',#19093);
#19093 = AXIS2_PLACEMENT_3D('',#19094,#19095,#19096);
#19094 = CARTESIAN_POINT('',(0.598622778743,5.610163962953,
    0.923811298833));
#19095 = DIRECTION('',(-0.19118229027,0.763242565621,-0.617179161923));
#19096 = DIRECTION('',(-1.387778780781E-17,0.628777241978,0.777585480813
    ));
#19097 = ADVANCED_FACE('',(#19098),#19104,.T.);
#19098 = FACE_BOUND('',#19099,.T.);
#19099 = EDGE_LOOP('',(#19100,#19101,#19102,#19103));
#19100 = ORIENTED_EDGE('',*,*,#3853,.T.);
#19101 = ORIENTED_EDGE('',*,*,#3714,.F.);
#19102 = ORIENTED_EDGE('',*,*,#3627,.T.);
#19103 = ORIENTED_EDGE('',*,*,#10036,.F.);
#19104 = PLANE('',#19105);
#19105 = AXIS2_PLACEMENT_3D('',#19106,#19107,#19108);
#19106 = CARTESIAN_POINT('',(1.266579057176,5.886840529752,0.92381132858
    ));
#19107 = DIRECTION('',(-0.404507443681,0.674880419889,-0.617179185373));
#19108 = DIRECTION('',(2.775557561563E-17,0.674855947508,0.737949490218)
  );
#19109 = ADVANCED_FACE('',(#19110),#19116,.T.);
#19110 = FACE_BOUND('',#19111,.T.);
#19111 = EDGE_LOOP('',(#19112,#19113,#19114,#19115));
#19112 = ORIENTED_EDGE('',*,*,#3675,.T.);
#19113 = ORIENTED_EDGE('',*,*,#3536,.F.);
#19114 = ORIENTED_EDGE('',*,*,#3279,.F.);
#19115 = ORIENTED_EDGE('',*,*,#10044,.F.);
#19116 = PLANE('',#19117);
#19117 = AXIS2_PLACEMENT_3D('',#19118,#19119,#19120);
#19118 = CARTESIAN_POINT('',(1.82545844164,6.345500882777,0.923811325763
    ));
#19119 = DIRECTION('',(-0.582996981797,0.528397956083,-0.617179162985));
#19120 = DIRECTION('',(-0.726951089334,0.,0.686689241008));
#19121 = ADVANCED_FACE('',(#19122),#19128,.T.);
#19122 = FACE_BOUND('',#19123,.T.);
#19123 = EDGE_LOOP('',(#19124,#19125,#19126,#19127));
#19124 = ORIENTED_EDGE('',*,*,#3449,.T.);
#19125 = ORIENTED_EDGE('',*,*,#3218,.F.);
#19126 = ORIENTED_EDGE('',*,*,#3171,.F.);
#19127 = ORIENTED_EDGE('',*,*,#10054,.F.);
#19128 = PLANE('',#19129);
#19129 = AXIS2_PLACEMENT_3D('',#19130,#19131,#19132);
#19130 = CARTESIAN_POINT('',(2.389836173596,7.401377127092,
    0.923811280234));
#19131 = DIRECTION('',(-0.763242531617,0.191182222622,-0.617179224929));
#19132 = DIRECTION('',(0.628777297727,0.,-0.777585435732));
#19133 = ADVANCED_FACE('',(#19134),#19140,.T.);
#19134 = FACE_BOUND('',#19135,.T.);
#19135 = EDGE_LOOP('',(#19136,#19137,#19138,#19139));
#19136 = ORIENTED_EDGE('',*,*,#3203,.T.);
#19137 = ORIENTED_EDGE('',*,*,#3110,.F.);
#19138 = ORIENTED_EDGE('',*,*,#3063,.F.);
#19139 = ORIENTED_EDGE('',*,*,#10061,.F.);
#19140 = PLANE('',#19141);
#19141 = AXIS2_PLACEMENT_3D('',#19142,#19143,#19144);
#19142 = CARTESIAN_POINT('',(2.460701541298,7.879113389243,
    0.923811298726));
#19143 = DIRECTION('',(-0.785874869829,3.86075974431E-02,-0.617179181755
    ));
#19144 = DIRECTION('',(0.617639663756,0.,-0.786461216943));
#19145 = ADVANCED_FACE('',(#19146),#19152,.T.);
#19146 = FACE_BOUND('',#19147,.T.);
#19147 = EDGE_LOOP('',(#19148,#19149,#19150,#19151));
#19148 = ORIENTED_EDGE('',*,*,#3094,.F.);
#19149 = ORIENTED_EDGE('',*,*,#2899,.F.);
#19150 = ORIENTED_EDGE('',*,*,#779,.F.);
#19151 = ORIENTED_EDGE('',*,*,#10068,.F.);
#19152 = PLANE('',#19153);
#19153 = AXIS2_PLACEMENT_3D('',#19154,#19155,#19156);
#19154 = CARTESIAN_POINT('',(2.437003607925,8.361495338083,
    0.923811396173));
#19155 = DIRECTION('',(-0.778306503425,-0.115450459557,-0.617179210696)
  );
#19156 = DIRECTION('',(0.62133392194,-6.938893903907E-18,-0.783545887263
    ));
#19157 = ( GEOMETRIC_REPRESENTATION_CONTEXT(3) 
GLOBAL_UNCERTAINTY_ASSIGNED_CONTEXT((#19161)) 
GLOBAL_UNIT_ASSIGNED_CONTEXT((#19158,#19159,#19160)) 
REPRESENTATION_CONTEXT('Context #1',
  '3D Context with UNIT and UNCERTAINTY') );
#19158 = ( LENGTH_UNIT() NAMED_UNIT(*) SI_UNIT(.MILLI.,.METRE.) );
#19159 = ( NAMED_UNIT(*) PLANE_ANGLE_UNIT() SI_UNIT($,.RADIAN.) );
#19160 = ( NAMED_UNIT(*) SI_UNIT($,.STERADIAN.) SOLID_ANGLE_UNIT() );
#19161 = UNCERTAINTY_MEASURE_WITH_UNIT(LENGTH_MEASURE(1.E-07),#19158,
  'distance_accuracy_value','confusion accuracy');
#19162 = PRODUCT_RELATED_PRODUCT_CATEGORY('part',$,(#7));
ENDSEC;
END-ISO-10303-21;
